a=0.5,a=1.0,a=1.5,a=2.0,t
19.72222222,19.72222222,19.72222222,19.72222222,0
19.76417982,19.66377699,19.31145795,18.66812763,0.1
19.80637092,19.57453878,18.5619436,15.98504473,0.2
19.8499904,19.48438855,17.37534431,9.628672708,0.3
19.89053968,19.33534515,15.16580936,0.153602942,0.4
19.93580457,19.2055949,11.62876595,0.351783639,0.5
19.98390797,19.15756722,7.169596332,0.533926069,0.6
20.03049127,19.00178254,3.892242202,0.69270683,0.7
20.07759838,18.82205497,2.753239611,0.830083043,0.8
20.12580528,18.69206369,2.301392603,0.952212789,0.9
20.17236485,18.5722893,2.067426946,1.060102315,1
20.22073768,18.35354698,1.935396273,1.155764414,1.1
20.26904721,18.10388696,1.868892099,1.246081127,1.2
20.31644408,17.84636579,1.840975267,1.332664885,1.3
20.36286849,17.55949943,1.836858658,1.41577453,1.4
20.41056627,17.16681854,1.844820334,1.492709509,1.5
20.45877122,16.66313481,1.863953387,1.566646795,1.6
20.50351263,16.194815,1.899105318,1.646013151,1.7
20.54181192,15.7195037,1.942052528,1.725676598,1.8
20.57931665,15.18604629,1.989887616,1.804129736,1.9
20.61699944,14.6023832,2.042509227,1.882611992,2
20.65390057,13.96802007,2.098192723,1.960257011,2.1
20.68973387,13.27687889,2.155410349,2.036042626,2.2
20.72498876,12.56738237,2.215542009,2.112331577,2.3
20.75904009,11.82770307,2.27632291,2.186762216,2.4
20.79277323,11.1178604,2.339987009,2.262692401,2.5
20.82575195,10.43713444,2.405026945,2.338463787,2.6
20.85717162,9.804514702,2.471534179,2.41452095,2.7
20.88706481,9.202728621,2.537601035,2.488436794,2.8
20.91681382,8.675829872,2.605708754,2.563916369,2.9
20.94587077,8.209049837,2.674695901,2.639465405,3
20.97425039,7.799824126,2.74447881,2.715110449,3.1
21.00196769,7.443708078,2.814986872,2.790874026,3.2
21.02918905,7.137235207,2.886363764,2.867074316,3.3
21.05608104,6.875898083,2.958730096,2.943979087,3.4
21.08176505,6.654820784,3.032243736,3.021917113,3.5
21.10637486,6.461069801,3.105664676,3.099064876,3.6
21.12729681,6.276011872,3.176436101,3.171638863,3.7
21.14854627,6.122031014,3.248601753,3.245899102,3.8
21.1703362,5.989876942,3.321087961,3.32020613,3.9
21.19200712,5.879133753,3.394463011,3.395487482,4
21.20473394,5.787939623,3.469411975,3.472934538,4.1
21.21040937,5.713004299,3.545565472,3.551935504,4.2
21.17450654,5.666977167,3.628482322,3.641475008,4.3
21.12888407,5.633971998,3.713107937,3.733254991,4.4
21.06382057,5.614936015,3.800555115,3.829126259,4.5
20.97896133,5.606589782,3.890150214,3.928022314,4.6
20.92516345,5.597335658,3.976590829,4.021194803,4.7
20.87497764,5.592977322,4.062866501,4.113685434,4.8
20.81217792,5.596469191,4.150899553,4.208738211,4.9
20.75397666,5.60386479,4.23879566,4.303189948,5
20.70242232,5.613571334,4.325873707,4.395941972,5.1
20.63104654,5.630520566,4.415403666,4.492538032,5.2
20.56538902,5.650414799,4.504857076,4.58868841,5.3
20.51372959,5.671873476,4.59340287,4.683001747,5.4
20.46860179,5.696713277,4.682355489,4.777730775,5.5
20.4087519,5.727443987,4.773901117,4.876637751,5.6
20.36722593,5.757423004,4.863291096,4.971604286,5.7
20.32092912,5.789845888,4.953135411,5.067159524,5.8
20.29676622,5.822320603,5.04130181,5.159597723,5.9
20.26455731,5.858518752,5.131125249,5.25472751,6
20.2471866,5.895585934,5.22011256,5.348206408,6.1
20.22770094,5.934776734,5.309679762,5.442541475,6.2
20.21072276,5.975840972,5.399621643,5.537364893,6.3
20.19557061,6.01853454,5.489847954,5.632531936,6.4
20.19940081,6.060219405,5.577718739,5.723433239,6.5
20.21687836,6.099626335,5.662175739,5.808302914,6.6
20.23248271,6.139732432,5.746333908,5.8926425,6.7
20.245135,6.18001543,5.829823121,5.975832703,6.8
20.25820043,6.222053073,5.913942992,6.060080535,6.9
20.27164376,6.26573982,5.998680451,6.145356392,7
20.28366098,6.310210614,6.083372829,6.230531494,7.1
20.29369124,6.355219281,6.167850004,6.315319696,7.2
20.30316843,6.401280717,6.252594767,6.400543432,7.3
20.3106134,6.447834591,6.33715642,6.485436199,7.4
20.31759439,6.49537252,6.422008557,6.570805126,7.5
20.32250535,6.54336332,6.506707815,6.65589517,7.6
20.32422493,6.591502731,6.591001676,6.740280258,7.7
20.32535362,6.640462072,6.67554001,6.825069986,7.8
20.34677142,6.687483146,6.756685038,6.903876971,7.9
20.36207395,6.736707119,6.839813071,6.986154046,8
20.36435622,6.788546672,6.925664912,7.073186951,8.1
20.34250833,6.843777226,7.01540744,7.166995938,8.2
20.34731685,6.896986736,7.10171454,7.254703138,8.3
20.34401661,6.95231257,7.190208226,7.346192974,8.4
20.32901448,7.009570267,7.280817502,7.4413423,8.5
20.29929052,7.068822482,7.373721256,7.540460369,8.6
20.27030967,7.128137222,7.466332522,7.639005185,8.7
20.24569367,7.18830881,7.559583169,7.738593472,8.8
20.21967961,7.249869282,7.654278459,7.840647558,8.9
20.19536671,7.311967051,7.749328745,7.943261025,9
20.16490739,7.375264154,7.845750428,8.048237219,9.1
20.14073687,7.438401535,7.941603115,8.152152593,9.2
20.13065032,7.501233303,8.036530867,8.254361352,9.3
20.10633411,7.566176577,8.134280803,8.361528555,9.4
20.06856605,7.632930009,8.234480334,8.473002635,9.5
20.03349432,7.699803156,8.334635005,8.584364536,9.6
20.00102991,7.767115823,8.435195511,8.696415117,9.7
19.97038839,7.835125618,8.536547791,8.80984467,9.8
19.94317839,7.903648001,8.638431179,8.92419675,9.9
19.91491943,7.972351252,8.740468502,9.038826462,10
19.88991524,8.041552661,8.843053946,9.154426049,10.1
19.85138799,8.11212865,8.947716473,9.273765138,10.2
19.81846085,8.18297228,9.05262603,9.393558697,10.3
19.77870585,8.254997715,9.159297521,9.516542498,10.4
19.74283588,8.327432999,9.266489989,9.640496536,10.5
19.70401988,8.400432771,9.374538278,9.766048517,10.6
19.66890472,8.473563539,9.482731197,9.891925625,10.7
19.63848998,8.546898285,9.591169506,10.01831259,10.8
19.60299335,8.620945201,9.700759173,10.14686833,10.9
19.55367717,8.696269927,9.81247993,10.27938458,11
19.48450929,8.773319785,9.927090445,10.417251,11.1
19.40038529,8.851759405,10.04405669,10.55952641,11.2
19.29668541,8.931445534,10.16321168,10.7059456,11.3
19.18931896,9.012267061,10.28429984,10.85604365,11.4
19.10737321,9.092726572,10.40482762,11.00534075,11.5
19.01031024,9.172986158,10.52532237,11.15487889,11.6
18.910353,9.254041806,10.64725297,11.30725439,11.7
18.81221852,9.33595458,10.77069882,11.46261292,11.8
18.69981539,9.418986037,10.89616843,11.62189933,11.9
18.6309474,9.500854399,11.01980223,11.77820315,12
18.57787988,9.583019856,11.1439806,11.9357628,12.1
18.53001968,9.665474931,11.26877287,12.09474276,12.2
18.48502684,9.748174816,11.39413593,12.25508856,12.3
18.44179313,9.831098782,11.5200548,12.41679104,12.4
18.38890864,9.914898859,11.64763258,12.58180682,12.5
18.34510533,9.999064064,11.77593855,12.74846406,12.6
18.28669166,10.08464759,11.90676482,12.91989012,12.7
18.22783252,10.1707132,12.03858674,13.09344292,12.8
18.16732618,10.25739189,12.17160871,13.26945183,12.9
18.09231668,10.34508724,12.30650373,13.44902138,13
18.02233291,10.43314754,12.44218704,13.6303025,13.1
17.9623885,10.52150123,12.57851725,13.81303133,13.2
17.91678219,10.60965958,12.71475431,13.99603853,13.3
17.87304677,10.69818143,12.85177703,14.18069754,13.4
17.81859919,10.78744783,12.99019573,14.36790012,13.5
17.74619352,10.87775548,13.13041318,14.55808807,13.6
17.68778781,10.96837199,13.27124402,14.74943314,13.7
17.63843091,11.05901619,13.41233196,14.94144885,13.8
17.58915282,11.15022103,13.55439824,15.13496733,13.9
17.53499475,11.24203939,13.69749922,15.32990089,14
17.51714174,11.33250732,13.83897754,15.52330492,14.1
17.49893349,11.4231892,13.98098546,15.71756756,14.2
17.4667569,11.51514185,14.12482224,15.91371994,14.3
17.44408195,11.60693715,14.26865912,16.10999607,14.4
17.42273874,11.69896033,14.41296638,16.30666886,14.5
17.38495572,11.79203125,14.55864137,16.50385983,14.6
17.34591447,11.88549533,14.70487034,16.70090529,14.7
17.31442777,11.97921457,14.85145099,16.89760193,14.8
17.29441027,12.07293061,14.99812679,17.09394699,14.9
17.28316275,12.16653016,15.14481039,17.28993802,15
17.27989063,12.26012532,15.29158124,17.48544826,15.1
17.25340273,12.35496163,15.43934848,17.67824794,15.2
17.22925959,12.45000054,15.58726102,17.86955328,15.3
17.24325941,12.54329991,15.73410608,18.06342296,15.4
17.25282168,12.63696786,15.88132021,18.25570195,15.5
17.2581205,12.73100471,16.02882969,18.44599459,15.6
17.26043618,12.82532036,16.17651836,18.63414023,15.7
17.26013037,12.9200136,16.32434809,18.81954044,15.8
17.2543494,13.01504337,16.47222573,19.00170762,15.9
17.24827997,13.11035866,16.62005584,19.18068539,16
17.23479477,13.20598226,16.76774643,19.35553033,16.1
17.21990202,13.30194597,16.91518905,19.52600079,16.2
17.20984155,13.39803924,17.06239746,19.69332689,16.3
17.21420745,13.49368573,17.20964813,19.86149456,16.4
17.23140624,13.58877527,17.35693803,20.03098271,16.5
17.23621209,13.68473166,17.50359211,20.19152833,16.6
17.25346157,13.78024069,17.65033259,20.35326543,16.7
17.27186664,13.87588234,17.79675481,20.51139308,16.8
17.28854149,13.97179068,17.94267328,20.66439431,16.9
17.30352066,14.0679567,18.08798748,20.81200984,17
17.32576787,14.16382041,18.23332724,20.95986467,17.1
17.34001714,14.26027392,18.3774494,21.09810559,17.2
17.35205431,14.35703189,18.52057128,21.22966709,17.3
17.37277226,14.45352947,18.66378387,21.36224745,17.4
17.39148214,14.55025847,18.80600409,21.48863032,17.5
17.40113993,14.64754844,18.94611251,21.60297166,17.6
17.41176053,14.74492928,19.08527974,21.7129522,17.7
17.41833518,14.84259643,19.22262468,21.81441414,17.8
17.42479463,14.94038844,19.35863773,21.91057777,17.9
17.43276211,15.03825562,19.49348307,22.00273118,18
17.44482436,15.13610939,19.62761509,22.09335398,18.1
17.45553487,15.23407138,19.76017354,22.1784833,18.2
17.47253754,15.33193573,19.8925194,22.26483065,18.3
17.49487095,15.42969891,20.02465168,22.35233087,18.4
17.51943902,15.5274943,20.15576566,22.43758901,18.5
17.54238129,15.62539415,20.28510864,22.51726358,18.6
17.56388389,15.72339207,20.41259747,22.59156786,18.7
17.56983575,15.82184488,20.53385412,22.64431357,18.8
17.57672939,15.92034782,20.65305152,22.69343268,18.9
17.5734823,16.01899985,20.767052,22.72808574,19
17.57559725,16.11764906,20.87943316,22.76251895,19.1
17.57620923,16.21629616,20.9892926,22.79314657,19.2
17.56745674,16.31493591,21.09364165,22.81092621,19.3
17.55846583,16.41352424,21.19495778,22.82510467,19.4
17.5520493,16.51205073,21.29385011,22.83806951,19.5
17.54342092,16.61048816,21.38940966,22.84697483,19.6
17.53732016,16.70883379,21.48249657,22.85503899,19.7
17.52807779,16.80705004,21.57202734,22.85893838,19.8
17.51911064,16.90514118,21.65878123,22.8613926,19.9
17.51180861,17.00306445,21.74245507,22.86199018,20
17.50467167,17.10079545,21.82285696,22.86027023,20.1
17.49901736,17.19835063,21.90065183,22.8581139,20.2
17.49122476,17.29566549,21.97481602,22.85281325,20.3
17.4870926,17.3927747,22.04675586,22.84838035,20.4
17.4829356,17.48960402,22.11541169,22.8419898,20.5
17.49787523,17.58697925,22.19297211,22.86238504,20.6
17.49273335,17.68322811,22.25519732,22.85127148,20.7
17.50020012,17.77981531,22.32252021,22.85756902,20.8
17.51044081,17.87631652,22.38933673,22.86730532,20.9
17.5240679,17.97273499,22.45588658,22.8807679,21
17.53706936,18.06882137,22.51919053,22.89115659,21.1
17.54940222,18.16461018,22.57973933,22.89960004,21.2
17.55497433,18.2596202,22.632739,22.89600711,21.3
17.56428787,18.354528,22.68592683,22.89736387,21.4
17.57438152,18.44915698,22.73743792,22.89936298,21.5
17.58948187,18.5437749,22.79030433,22.90812554,21.6
17.61171634,18.63870398,22.84750909,22.92911923,21.7
17.63289181,18.73326499,22.90190586,22.94723848,21.8
17.66070629,18.82821258,22.96123524,22.97793342,21.9
17.67991589,18.92197758,23.01000055,22.98999409,22
17.69360775,19.01470189,23.05117763,22.99019193,22.1
17.70970049,19.10729009,23.09280903,22.99466821,22.2
17.7313139,19.20017285,23.13840114,23.00979288,22.3
17.74635292,19.29188104,23.17577948,23.01178848,22.4
17.76012684,19.38305233,23.21060212,23.01195487,22.5
17.77316159,19.47367567,23.24315279,23.01084335,22.6
17.7872427,19.5638869,23.27481886,23.01100672,22.7
17.80579129,19.65421838,23.30942625,23.01931758,22.8
17.81716044,19.74307843,23.33551859,23.014361,22.9
17.84130346,19.83335788,23.37372313,23.03410207,23
17.85776765,19.92188356,23.40178661,23.03720971,23.1
17.87098964,20.00929121,23.42489651,23.03367058,23.2
17.88021861,20.09535125,23.44222754,23.02224384,23.3
17.89695995,20.18209221,23.46641545,23.02563279,23.4
17.90488154,20.26666253,23.48005467,23.01239015,23.5
17.91401709,20.35082575,23.49415942,23.00254102,23.6
17.91625249,20.43299346,23.50009523,22.98075013,23.7
17.92343432,20.5152035,23.50970784,22.96801778,23.8
17.93121628,20.5966292,23.51845787,22.95595836,23.9
17.93793551,20.67700032,23.52496624,22.94211591,24
17.94555594,20.7565661,23.53090406,22.92928592,24.1
17.94667412,20.8336445,23.5281912,22.90362752,24.2
17.95696028,20.91163142,23.53394693,22.89446682,24.3
17.97372288,20.99024266,23.54621355,22.89764019,24.4
17.99138923,21.06823494,23.55859785,22.90199108,24.5
18.0003937,21.14302603,23.55925578,22.88779694,24.6
18.01565647,21.21868034,23.56726943,22.88735483,24.7
18.03720128,21.29542492,23.58320154,22.90091071,24.8
18.05334316,21.36984032,23.59145641,22.90240903,24.9
18.06621761,21.44260877,23.59553098,22.8979835,25
18.07551211,21.51346034,23.59482048,22.88675207,25.1
18.08161309,21.58257202,23.59037738,22.87069071,25.2
18.09193687,21.65187418,23.59045204,22.86330406,25.3
18.10629008,21.72139143,23.59488987,22.86389215,25.4
18.11175098,21.78701414,23.58746055,22.84582249,25.5
18.11313921,21.85020969,23.57470207,22.82033442,25.6
18.1045121,21.9090885,23.55014725,22.77714613,25.7
18.09625543,21.9667984,23.52610103,22.73689847,25.8
18.08872244,22.02337281,23.50272094,22.69957295,25.9
18.07766026,22.07756757,23.47562873,22.65795886,26
18.04612502,22.12424053,23.4277952,22.5848057,26.1
18.01470021,22.16897876,23.37966121,22.51407574,26.2
17.98339869,22.21177351,23.33125711,22.44552129,26.3
17.96476463,22.2567213,23.29558582,22.39937895,26.4
17.9491935,22.30076339,23.26218909,22.35799784,26.5
17.9386287,22.34534111,23.23511103,22.32761305,26.6
17.93622553,22.39180316,23.2179812,22.31329792,26.7
17.93361983,22.43700944,23.20077397,22.29897309,26.8
17.92975021,22.48051079,23.18218444,22.28261556,26.9
17.92425756,22.5219565,23.16133907,22.26286547,27
17.91687515,22.56156624,23.13893193,22.24102929,27.1
17.9076267,22.5993306,23.11504475,22.21728347,27.2
17.89383129,22.63359549,23.08528696,22.18470211,27.3
17.87466429,22.66448331,23.05029957,22.14472236,27.4
17.85740644,22.69440916,23.01701134,22.10811826,27.5
17.84191622,22.72338409,22.98530937,22.07454093,27.6
17.82367185,22.74967491,22.95050104,22.03668669,27.7
17.79996391,22.77178667,22.90892946,21.98895528,27.8
17.76998456,22.78951953,22.86049203,21.93156925,27.9
17.74273573,22.80651226,22.81479491,21.87956465,28
17.72489049,22.82415615,22.77513289,21.8370856,28.1
17.69861589,22.83758995,22.72901383,21.78574384,28.2
17.68652372,22.85692299,22.70128723,21.76333539,28.3
17.67028176,22.87256773,22.66789536,21.73209185,28.4
17.64873931,22.88424816,22.62847635,21.69184502,28.5
17.61976116,22.89113839,22.58141723,21.64048467,28.6
17.58566735,22.89405862,22.52903683,21.58180765,28.7
17.57934521,22.91031505,22.51115821,21.57623375,28.8
17.59654689,22.93961258,22.52479088,21.61633964,28.9
17.59068354,22.95316461,22.50426984,21.60370173,29
17.59928883,22.97467769,22.50378403,21.62071343,29.1
17.59798972,22.98912498,22.48920573,21.61547176,29.2
17.59528626,23.00221387,22.47370798,21.60850481,29.3
17.57043321,23.00266008,22.43258498,21.56237676,29.4
17.54185526,23.00017846,22.38820967,21.51222002,29.5
17.51067879,22.99503099,22.34125294,21.45907151,29.6
17.47702425,22.98725676,22.29188509,21.40324415,29.7
17.44841876,22.98102782,22.24906923,21.35844563,29.8
17.42619682,22.97710535,22.21395705,21.32584666,29.9
17.39153526,22.96536675,22.16497657,21.27242175,30
17.3520656,22.95009892,22.11169462,21.21338346,30.1
17.30027285,22.9265634,22.04438532,21.13392406,30.2
17.28148156,22.91923635,22.01367164,21.11099504,30.3
17.24331586,22.8987846,21.95823768,21.0503553,30.4
17.21287864,22.88146168,21.91199365,21.00437896,30.5
17.18169561,22.86296899,21.86590073,20.95903866,30.6
17.17325753,22.85730169,21.84729507,20.954639,30.7
17.16188527,22.84895257,21.8246746,20.94335102,30.8
17.15421014,22.84234889,21.80675716,20.93831004,30.9
17.13601087,22.82834514,21.77568389,20.9129477,31
17.11764816,22.81417274,21.74599584,20.88965614,31.1
17.07983646,22.78810017,21.69492708,20.83423125,31.2
17.04418255,22.76220763,21.64646062,20.78352532,31.3
17.00977218,22.7358358,21.59911257,20.73502691,31.4
16.98092823,22.71242907,21.55946103,20.69862527,31.5
16.94191538,22.68228676,21.50872222,20.64576234,31.6
16.90268552,22.65135044,21.45852788,20.59437341,31.7
16.84963506,22.61234674,21.39522791,20.52408207,31.8
16.77649014,22.56242103,21.31397152,20.42825359,31.9
16.70889713,22.51375226,21.23810563,20.34254381,32
16.66004465,22.47320797,21.17976034,20.28409789,32.1
16.60954213,22.43121059,21.12072445,20.22512473,32.2
16.57037489,22.39465527,21.07333127,20.18354728,32.3
16.53751968,22.36169819,21.033843,20.15341767,32.4
16.49223164,22.32036627,20.98027807,20.10204521,32.5
16.44054576,22.27384776,20.91873394,20.03893221,32.6
16.40237117,22.23419275,20.87104437,19.99657678,32.7
16.37175836,22.19921936,20.83289146,19.96807975,32.8
16.34170167,22.16347675,20.79399574,19.93773395,32.9
16.30475623,22.12327509,20.74814662,19.89685149,33
16.26799743,22.08322089,20.70367357,19.85798764,33.1
16.22615616,22.03881277,20.65231281,19.80867748,33.2
16.17144395,21.98478094,20.58490378,19.73566117,33.3
16.12086292,21.93233174,20.52185369,19.67001298,33.4
16.07406588,21.88139362,20.46278721,19.61080858,33.5
16.01716412,21.82372828,20.39328612,19.53674374,33.6
15.95030542,21.75948723,20.31394689,19.44917754,33.7
15.89708283,21.70248676,20.24888017,19.3837213,33.8
15.85940306,21.65396086,20.19921949,19.34072131,33.9
15.82566782,21.60719481,20.15302682,19.30222192,34
15.80881986,21.57306651,20.12874653,19.29489399,34.1
15.80460544,21.54899189,20.12108333,19.31004335,34.2
15.80027776,21.52483716,20.11277919,19.32262284,34.3
15.79763597,21.50144961,20.10500507,19.33422243,34.4
15.80091449,21.48319795,20.10523787,19.35592388,34.5
15.80288962,21.46345911,20.10221662,19.37127877,34.6
15.7976299,21.43783027,20.08898758,19.37063,34.7
15.78854336,21.40885748,20.06981024,19.36039604,34.8
15.77353686,21.37570478,20.0436975,19.33964413,34.9
15.75319157,21.33829491,20.01045579,19.30819457,35
15.73604876,21.3028816,19.98069768,19.2819423,35.1
15.73030101,21.27653879,19.96618621,19.27799587,35.2
15.71995827,21.24647629,19.94524293,19.2639928,35.3
15.70781348,21.21444926,19.92074857,19.24428847,35.4
15.70414383,21.19023664,19.90955129,19.24418533,35.5
15.70816888,21.17298493,19.90959191,19.25983518,35.6
15.71457149,21.15764783,19.91205048,19.27781759,35.7
15.72224809,21.14292547,19.91458623,19.29459301,35.8
15.72886914,21.12746981,19.91542127,19.30800521,35.9
15.72878179,21.10603167,19.90582623,19.30524818,36
15.72583724,21.08193644,19.89143816,19.29500607,36.1
15.71576532,21.0519329,19.86705326,19.26987932,36.2
15.70344727,21.01973063,19.83897443,19.23958078,36.3
15.68697619,20.98405975,19.80526687,19.2014716,36.4
15.67407819,20.95116622,19.77656528,19.17159285,36.5
15.66486144,20.92109989,19.75270758,19.1492695,36.6
15.65367744,20.88938861,19.72617907,19.12318846,36.7
15.63457385,20.85107668,19.68872828,19.08122704,36.8
15.61767419,20.815467,19.65660019,19.04826214,36.9
15.61163355,20.78877088,19.63947716,19.03771504,37
15.60380557,20.76085099,19.62029225,19.02392636,37.1
15.5951748,20.73179253,19.59893381,19.00658712,37.2
15.5852293,20.70179793,19.57605767,18.98700547,37.3
15.57400534,20.67090346,19.55176493,18.96540387,37.4
15.55628513,20.63628263,19.52193901,18.93624272,37.5
15.53284279,20.59899023,19.48850514,18.90260526,37.6
15.52178083,20.57053677,19.46967931,18.89052426,37.7
15.52300152,20.55206314,19.46680497,18.90110722,37.8
15.52886667,20.53764036,19.46984847,18.91920606,37.9
15.53742662,20.52577145,19.47635371,18.94121639,38
15.5449098,20.51306874,19.48088345,18.95930827,38.1
15.544397,20.4929767,19.47264498,18.95772191,38.2
15.54376979,20.47237014,19.46303691,18.9536282,38.3
15.54922798,20.45715137,19.46186364,18.96159409,38.4
15.5536698,20.44046859,19.45754245,18.96414103,38.5
15.56056064,20.4263281,19.45708439,18.97205954,38.6
15.57601204,20.42117859,19.47098516,19.00062669,38.7
15.58387761,20.40831642,19.47150746,19.00848249,38.8
15.59394698,20.39745294,19.47473912,19.01982524,38.9
15.60282146,20.38494603,19.47450365,19.02534503,39
15.62341395,20.38531611,19.49510457,19.06139288,39.1
15.64014698,20.38117829,19.50739002,19.08399707,39.2
15.65288007,20.37258626,19.51159992,19.09386253,39.3
15.66507973,20.36378101,19.51521746,19.10273997,39.4
15.67490191,20.35247927,19.514246,19.10453061,39.5
15.69246447,20.34989348,19.52769267,19.12798992,39.6
15.70643573,20.34310096,19.53335051,19.13904592,39.7
15.71948495,20.33544578,19.53721516,19.14723765,39.8
15.73135093,20.32676687,19.53913089,19.15248246,39.9
15.74174994,20.3169024,19.53894331,19.15469773,40
15.75922628,20.31492884,19.55187307,19.1767002,40.1
15.78003823,20.31678083,19.57063946,19.20683439,40.2
15.80428155,20.32234137,19.59457665,19.24363222,40.3
15.83822957,20.34076168,19.63882527,19.30950205,40.4
15.87429878,20.36219363,19.68680909,19.37927565,40.5
15.90842431,20.38037174,19.72821993,19.43764828,40.6
15.94156736,20.39690884,19.76590608,19.48920379,40.7
15.96968845,20.4062967,19.79064707,19.5201276,40.8
15.99592609,20.41279566,19.80945825,19.54136847,40.9
16.01757938,20.41311789,19.81695986,19.54509097,41
16.03876316,20.41281306,19.82318056,19.54749509,41.1
16.06372091,20.417467,19.83789298,19.56364204,41.2
16.08832783,20.42175702,19.85174614,19.57868462,41.3
16.11467497,20.42828404,19.86904996,19.59907474,41.4
16.14496759,20.44019235,19.89498128,19.63237465,41.5
16.17550555,20.45228926,19.92049041,19.66443668,41.6
16.20321492,20.46020027,19.93823705,19.68425992,41.7
16.23212839,20.46984521,19.95866227,19.70824417,41.8
16.25670188,20.47335417,19.968037,19.71520409,41.9
16.28015529,20.47528139,19.97446912,19.71810954,42
16.29631036,20.46754923,19.96380778,19.69527687,42.1
16.31700522,20.46583494,19.96425845,19.6911998,42.2
16.34140669,20.46935459,19.9740826,19.7022435,42.3
16.36646858,20.47388339,19.98557069,19.7159775,42.4
16.38485962,20.46878783,19.97958398,19.7027173,42.5
16.40831248,20.4707447,19.98625855,19.70977316,42.6
16.43568559,20.47841607,20.00269659,19.73168988,42.7
16.45460847,20.47390688,19.99752461,19.72045633,42.8
16.47725282,20.47488569,20.00241929,19.72555186,42.9
16.49862967,20.47440393,20.00500949,19.72758572,43
16.51444342,20.46656856,19.99490643,19.71078174,43.1
16.5311329,20.45963798,19.98655091,19.6973976,43.2
16.55402995,20.46145154,19.99368104,19.70803501,43.3
16.57805683,20.46493328,20.00351154,19.72249497,43.4
16.60651285,20.47539242,20.02531525,19.75468298,43.5
16.63405029,20.48444137,20.04427611,19.78185746,43.6
16.66319692,20.49595044,20.06691269,19.81377669,43.7
16.6921922,20.50704084,20.08810691,19.84260488,43.8
16.72172442,20.51900031,20.11037612,19.87248093,43.9
16.75302365,20.53389525,20.13724119,19.9086759,44
16.78341984,20.54722456,20.16092459,19.93940565,44.1
16.80260258,20.54281744,20.15292882,19.9212556,44.2
16.8214379,20.53810449,20.14495492,19.9046244,44.3
16.84277906,20.53713777,20.14389154,19.89960381,44.4
16.86301848,20.5346422,20.14040444,19.89159312,44.5
16.88018052,20.52760595,20.12919539,19.87257366,44.6
16.90740852,20.53663272,20.14659657,19.89773719,44.7
16.93605355,20.54787005,20.16713115,19.92666251,44.8
16.97247834,20.57357222,20.21184476,19.9906497,44.9
17.01457644,20.61177329,20.27683831,20.08300621,45
17.05650669,20.64911642,20.33901858,20.16907912,45.1
17.09440055,20.67662395,20.3829781,20.22578834,45.2
17.13326489,20.70606448,20.42922092,20.28471857,45.3
17.17004111,20.73060252,20.46582906,20.32769624,45.4
17.20610456,20.75342917,20.4988586,20.36473018,45.5
17.24143847,20.77457447,20.52846704,20.39629259,45.6
17.2723357,20.78675727,20.54176861,20.40263437,45.7
17.299365,20.7919059,20.54270611,20.39093248,45.8
17.32570849,20.79607887,20.54252116,20.37935198,45.9
17.3443339,20.78741795,20.51992938,20.33490492,46
17.35554536,20.76782801,20.47936274,20.26623096,46.1
17.36007326,20.73954669,20.42581271,20.18240024,46.2
17.3531556,20.69645394,20.34873785,20.06785813,46.3
17.3297978,20.63423836,20.24204983,19.9154905,46.4
17.30956445,20.57671833,20.14891459,19.79125811,46.5
17.29808598,20.53159094,20.08156914,19.71011001,46.6
17.2948814,20.49856937,20.03760242,19.66509536,46.7
17.29633542,20.47305652,20.00792325,19.64112731,46.8
17.30292785,20.45568975,19.99279295,19.6375599,46.9
17.31543657,20.44745941,19.99299017,19.65457453,47
17.32658724,20.43792824,19.99097473,19.66699557,47.1
17.3308063,20.41889212,19.97289689,19.65494103,47.2
17.33450968,20.39980043,19.95510853,19.64288542,47.3
17.3291791,20.36979086,19.91981197,19.60545187,47.4
17.31591801,20.33040144,19.86979358,19.54730055,47.5
17.28953352,20.27638698,19.79706996,19.45791246,47.6
17.24771519,20.20625735,19.70017055,19.33664858,47.7
17.21728118,20.150765,19.6314194,19.2605077,47.8
17.19080813,20.09974626,19.57142464,19.19785006,47.9
17.17411068,20.05985724,19.53015332,19.16171695,48
17.16924385,20.03533966,19.51395749,19.16021593,48.1
17.17002157,20.01730681,19.50676752,19.16891206,48.2
17.17574928,20.00485971,19.50664817,19.18480742,48.3
17.18189992,19.99381436,19.50844444,19.20206914,48.4
17.18846637,19.98410595,19.51200488,19.22054525,48.5
17.19519777,19.97542838,19.51687845,19.2397204,48.6
17.22111869,19.99590069,19.56604335,19.31913595,48.7
17.25585063,20.0323063,19.63793386,19.42738421,48.8
17.29577674,20.07941832,19.72451158,19.55341692,48.9
17.34001024,20.13697795,19.82503944,19.69616329,49
17.38532348,20.19709326,19.92765528,19.83937248,49.1
17.42630829,20.24426613,20.00799357,19.94755391,49.2
17.46565023,20.28670334,20.07894252,20.03946175,49.3
17.50347527,20.32494697,20.14148696,20.11682776,49.4
17.53169418,20.34208957,20.16635752,20.13409966,49.5
17.55967984,20.35855065,20.18946045,20.14955425,49.6
17.58743533,20.37435631,20.21091896,20.16340406,49.7
17.61152968,20.38271106,20.21886879,20.15715001,49.8
17.63088414,20.38203218,20.21103656,20.12829404,49.9
17.65024476,20.38152656,20.20418304,20.10390397,50
17.66928674,20.3804452,20.19678071,20.08099602,50.1
17.68833694,20.37955863,20.19031728,20.06166553,50.2
17.70724464,20.37863415,20.18437713,20.04494806,50.3
17.72615747,20.3778963,20.17924099,20.03091887,50.4
17.75167607,20.39045716,20.19758111,20.05329945,50.5
17.78541506,20.42075055,20.24590539,20.11977273,50.6
17.82150809,20.45624595,20.30204389,20.19616839,50.7
17.85450732,20.48398986,20.3436245,20.24895378,50.8
17.88662513,20.50949466,20.38066842,20.29399725,50.9
17.91443702,20.52530116,20.40016133,20.31172722,51
17.93938151,20.53484921,20.40828108,20.31229475,51.1
17.96401254,20.54381343,20.41557228,20.31265909,51.2
17.99085328,20.55766829,20.43181817,20.32769696,51.3
18.01691486,20.56996617,20.44542114,20.33915649,51.4
18.04133749,20.57885299,20.45307466,20.34204096,51.5
18.07018458,20.597308,20.47748936,20.37069902,51.6
18.09958171,20.61676666,20.50302353,20.40040453,51.7
18.12867602,20.63538606,20.5266265,20.42674103,51.8
18.15828518,20.65538195,20.55292114,20.45742988,51.9
18.18880608,20.67762966,20.58339069,20.49455137,52
18.22161724,20.70484984,20.62150182,20.54203339,52.1
18.26205614,20.75156323,20.69246296,20.63743771,52.2
18.30471062,20.80433456,20.77247088,20.7442255,52.3
18.34862651,20.86048697,20.85700539,20.85576576,52.4
18.39207677,20.91429947,20.93601435,20.95678238,52.5
18.43519418,20.96637169,21.01042932,21.04872645,52.6
18.47794824,21.01661546,21.08019299,21.1317616,52.7
18.51795798,21.05756666,21.1316905,21.18456256,52.8
18.55744657,21.09647609,21.1787583,21.23027118,52.9
18.59644491,21.13350546,21.22180111,21.26981221,53
18.63799362,21.17820514,21.27858595,21.33153805,53.1
18.68181579,21.23034632,21.34836434,21.41332334,53.2
18.72528944,21.28061685,21.41352643,21.48659068,53.3
18.76857878,21.32958184,21.4753292,21.55373758,53.4
18.80742722,21.36303246,21.50661707,21.57115012,53.5
18.84595172,21.39527881,21.53571086,21.58681046,53.6
18.8832915,21.42364181,21.55766778,21.59289104,53.7
18.91980861,21.44940837,21.57522506,21.59418044,53.8
18.95488382,21.47082292,21.58534418,21.58615199,53.9
18.98864715,21.48850906,21.58968875,21.57199602,54
19.02115587,21.50284903,21.58892367,21.55258817,54.1
19.05402097,21.5185504,21.59223971,21.54237345,54.2
19.0886208,21.53957619,21.60667744,21.5512125,54.3
19.12642737,21.57043784,21.64015691,21.5900474,54.4
19.16193584,21.59410344,21.66005993,21.60758558,54.5
19.19828685,21.62041479,21.6851509,21.63332488,54.6
19.23626609,21.6517948,21.71986908,21.67380589,54.7
19.27341855,21.68040009,21.74922859,21.70552386,54.8
19.30720875,21.6986429,21.75940088,21.70780461,54.9
19.33917744,21.71179768,21.76093393,21.69811065,55
19.37042396,21.72328255,21.76041184,21.68688103,55.1
19.40124068,21.73400931,21.75968885,21.67699621,55.2
19.42784245,21.73343092,21.73918887,21.6384649,55.3
19.45778074,21.74311208,21.74005071,21.63548991,55.4
19.4868864,21.75104033,21.73890678,21.6304575,55.5
19.51777273,21.76450451,21.74851025,21.64186297,55.6
19.54498515,21.76808868,21.74057044,21.62682451,55.7
19.57067334,21.76851237,21.72886461,21.60808533,55.8
19.58783603,21.74817097,21.68168386,21.53822287,55.9
19.60226097,21.72277965,21.62860082,21.46354699,56
19.61572114,21.69701678,21.57830329,21.39691651,56.1
19.62992039,21.67459401,21.53638365,21.34492772,56.2
19.6493715,21.66678249,21.52236928,21.33526667,56.3
19.66815044,21.65849111,21.50850197,21.32549644,56.4
19.68599748,21.64921148,21.49400803,21.31468982,56.5
19.69895434,21.62963395,21.46284872,21.2796831,56.6
19.71091413,21.60897855,21.43094711,21.24402173,56.7
19.71696433,21.57592457,21.37877217,21.17928183,56.8
19.72667815,21.55355755,21.34759299,21.14745287,56.9
19.73357476,21.52656934,21.3099984,21.10687704,57
19.73462839,21.48854495,21.25531619,21.04249051,57.1
19.7390571,21.45997824,21.21862931,21.00561325,57.2
19.75326815,21.45485715,21.22197107,21.02570574,57.3
19.76603969,21.44740727,21.22107232,21.03785921,57.4
19.7753193,21.43318807,21.20871233,21.03214321,57.5
19.78332617,21.41772996,21.19485725,21.02392484,57.6
19.77929822,21.37770144,21.13999771,20.95571991,57.7
19.76562291,21.31992157,21.05741913,20.8498129,57.8
19.74692646,21.25649209,20.97013082,20.74274496,57.9
19.72495339,21.18977663,20.88089967,20.63684893,58
19.70651908,21.1332846,20.81184814,20.56298289,58.1
19.6873966,21.07881516,20.74856839,20.49877373,58.2
19.6694573,21.02868737,20.69346214,20.44616121,58.3
19.65415088,20.98506195,20.64920032,20.40806187,58.4
19.63982885,20.94478458,20.61041465,20.37658813,58.5
19.61972006,20.89543469,20.55743927,20.32435067,58.6
19.5920296,20.83523744,20.48874347,20.25075493,58.7
19.54236777,20.73793348,20.36183873,20.0958131,58.8
19.49763939,20.65191537,20.25673049,19.97671527,58.9
19.47600683,20.61070072,20.22511326,19.96224428,59
19.45512451,20.57201648,20.19658929,19.94952459,59.1
19.44184193,20.54845844,20.19085368,19.96607131,59.2
19.42808817,20.52502794,20.18405017,19.97842292,59.3
19.41285897,20.49880218,20.17099129,19.97916443,59.4
19.39592014,20.46962496,20.1518571,19.96926724,59.5
19.37832396,20.44062328,20.13262025,19.95832982,59.6
19.36812157,20.4257201,20.13481697,19.97659631,59.7
19.35216151,20.40211859,20.12280636,19.97336267,59.8
19.34093064,20.38799291,20.12517067,19.98969206,59.9
19.32402302,20.36467531,20.1120651,19.98250472,60
19.30027031,20.33057727,20.08146833,19.94987982,60.1
19.27254988,20.28992737,20.04008054,19.90212983,60.2
19.24600665,20.2519821,20.00328531,19.86217264,60.3
19.22611579,20.22640814,19.98639273,19.85138901,60.4
19.21337672,20.21413328,19.99017729,19.86944199,60.5
19.20763559,20.21294808,20.00938445,19.90701233,60.6
19.21530459,20.23412611,20.06109313,19.98767414,60.7
19.21922036,20.24786894,20.09891911,20.04547377,60.8
19.21858733,20.2533959,20.12208677,20.07995112,60.9
19.21665222,20.25678202,20.14074325,20.1067383,61
19.21264342,20.25610413,20.15156558,20.12107793,61.1
19.20797211,20.25309109,20.1571282,20.12698046,61.2
19.20119707,20.24562133,20.15443693,20.12065027,61.3
19.1946311,20.23827158,20.15156104,20.11474762,61.4
19.18742107,20.23005948,20.1472434,20.10757294,61.5
19.17500736,20.21279303,20.12798024,20.07922118,61.6
19.16311278,20.1970528,20.11195464,20.05755071,61.7
19.14417221,20.17045096,20.07912492,20.01310977,61.8
19.1274611,20.14837404,20.05487963,19.98353381,61.9
19.09320125,20.09563503,19.98033263,19.88163957,62
19.06566092,20.05537314,19.92930941,19.81922609,62.1
19.03123634,20.00476421,19.86343437,19.73811468,62.2
18.98991496,19.94429806,19.78427049,19.64147663,62.3
18.98046706,19.9385804,19.79470715,19.67360647,62.4
18.975312,19.93962504,19.81411915,19.71510173,62.5
18.9799583,19.9565689,19.85635374,19.78509389,62.6
18.97387617,19.95410164,19.86586702,19.80562782,62.7
18.96716434,19.95051422,19.87273708,19.82105234,62.8
18.95370333,19.93462937,19.85871725,19.80515242,62.9
18.94117181,19.91997378,19.84645798,19.79210945,63
18.92787702,19.90461122,19.83337041,19.77847753,63.1
18.91481809,19.8890247,19.81950913,19.7637192,63.2
18.89854731,19.86873265,19.79854678,19.73946906,63.3
18.87378587,19.83464184,19.75588784,19.68503574,63.4
18.83673337,19.78008444,19.68124039,19.58689564,63.5
18.78843239,19.7094694,19.58450216,19.46282024,63.6
18.75115255,19.65711889,19.52021708,19.38984502,63.7
18.71639483,19.61194811,19.47028538,19.33968017,63.8
18.66124705,19.5323718,19.36579376,19.21244271,63.9
18.59647273,19.44260027,19.25105231,19.07739772,64
18.53222866,19.35807581,19.14988437,18.96666243,64.1
18.4701425,19.27796934,19.05797503,18.8704393,64.2
18.40536792,19.19634515,18.96636823,18.77608817,64.3
18.33607945,19.11252644,18.87489106,18.68391022,64.4
18.26009817,19.02576777,18.78333801,18.59412759,64.5
18.17968379,18.93722106,18.69193751,18.50564837,64.6
18.09402602,18.84632697,18.59987289,18.41732635,64.7
18.01055669,18.76025009,18.51599958,18.33975704,64.8
17.92646649,18.67522531,18.43441855,18.26464643,64.9
17.85699205,18.61174559,18.38469855,18.23137572,65
17.76116324,18.51315045,18.28247919,18.12486389,65.1
17.6687305,18.42062524,18.19063541,18.03383662,65.2
17.60535658,18.36542708,18.1522336,18.01357518,65.3
17.57892426,18.36017894,18.18284694,18.08112695,65.4
17.554391,18.354522,18.20856213,18.1367704,65.5
17.55084975,18.37666008,18.27019038,18.23590341,65.6
17.5472738,18.39689624,18.32566796,18.32236386,65.7
17.54330647,18.41500278,18.37496735,18.39649549,65.8
17.52276699,18.40689145,18.38202168,18.40750101,65.9
17.49628249,18.38949785,18.37359902,18.39604024,66
17.45174953,18.34418825,18.32087271,18.32151127,66.1
17.43378529,18.33704196,18.3275566,18.33568662,66.2
17.4174674,18.33075236,18.33375596,18.34782124,66.3
17.42512793,18.36113623,18.39471448,18.43626952,66.4
17.43432455,18.39234371,18.45420365,18.5192002,66.5
17.44190989,18.42004569,18.50609533,18.58844433,66.6
17.44585535,18.43970455,18.54268143,18.63277083,66.7
17.44072701,18.44234795,18.54981711,18.63230397,66.8
17.43338621,18.44112621,18.55062695,18.6242593,66.9
17.42583795,18.43900909,18.54997717,18.61592573,67
17.41809258,18.43605738,18.54803815,18.60735977,67.1
17.4061659,18.4251359,18.53299522,18.58095834,67.2
17.39707876,18.41856312,18.52569919,18.56814789,67.3
17.39510553,18.42219124,18.53436524,18.57892909,67.4
17.36590577,18.38260184,18.47400087,18.49093749,67.5
17.35174544,18.36769894,18.45643701,18.47022949,67.6
17.3364443,18.35085097,18.43640563,18.44689529,67.7
17.29265069,18.28776945,18.34302708,18.32012358,67.8
17.25153532,18.23065381,18.26458074,18.22278809,67.9
17.21540272,18.18134277,18.20135868,18.15055755,68
17.18706522,18.14578655,18.16208866,18.11363065,68.1
17.1496651,18.09584565,18.10116855,18.04648201,68.2
17.11561096,18.05332836,18.0543062,18.00071588,68.3
17.04869716,17.95968229,17.92927883,17.84694998,68.4
16.98508756,17.87490803,17.8244619,17.72885177,68.5
16.92778014,17.80092116,17.73926733,17.6402989,68.6
16.86963772,17.72681301,17.65584341,17.55490844,68.7
16.81659628,17.66238821,17.58891959,17.49247545,68.8
16.76425701,17.60058776,17.52688069,17.43604469,68.9
16.7142327,17.54369799,17.47275009,17.38945808,69
16.66414508,17.48911497,17.42287183,17.34793552,69.1
16.61993316,17.44202831,17.38270028,17.31725975,69.2
16.58430775,17.40840988,17.36172895,17.31081131,69.3
16.54624593,17.37135365,17.33450268,17.29358686,69.4
16.49937635,17.32013162,17.28482878,17.24380647,69.5
16.45618753,17.27524935,17.24485764,17.20765649,69.6
16.40026829,17.21185362,17.17722851,17.13336932,69.7
16.3430021,17.14679589,17.10796472,17.05843578,69.8
16.28880776,17.08744309,17.04835785,16.99825908,69.9
16.2406807,17.03708345,17.00209659,16.95629154,70
16.19872061,16.99516431,16.96742355,16.92894501,70.1
16.15079229,16.94392665,16.9181018,16.88036849,70.2
16.10215091,16.89290508,16.86965206,16.83343247,70.3
16.04698941,16.83360292,16.80954603,16.77103673,70.4
16.00461284,16.79241736,16.77585876,16.74464052,70.5
15.95883593,16.74623793,16.73416244,16.70624809,70.6
15.92161303,16.71236444,16.70991174,16.69083773,70.7
15.89601852,16.69466518,16.70771409,16.70335807,70.8
15.87360872,16.68153933,16.71068914,16.72062818,70.9
15.83318059,16.64060207,16.67079722,16.67684359,71
15.79695333,16.60482329,16.63810308,16.64355887,71.1
15.77367538,16.58792103,16.63280155,16.64779375,71.2
15.75353812,16.57390739,16.62973451,16.65297714,71.3
15.73803872,16.56678023,16.63584656,16.66954943,71.4
15.73942376,16.58543359,16.67864835,16.73471693,71.5
15.74370189,16.60754211,16.72419593,16.8004812,71.6
15.75222812,16.63384257,16.77279876,16.86694843,71.7
15.76250432,16.66222416,16.82263213,16.93277123,71.8
15.77183683,16.68768198,16.86580592,16.98673783,71.9
15.7814768,16.71176483,16.90458676,17.03244396,72
15.79424628,16.73982791,16.94787926,17.08347029,72.1
15.80506812,16.76316037,16.98199921,17.11992763,72.2
15.81522576,16.78411459,17.01106085,17.14862892,72.3
15.82473244,16.80280283,17.03551418,17.17070745,72.4
15.82992531,16.81405768,17.04809027,17.17661379,72.5
15.82765536,16.8129492,17.04157046,17.15700884,72.6
15.79810396,16.7656096,16.96201927,17.03552245,72.7
15.78401582,16.74572752,16.93195683,16.995148,72.8
15.76324731,16.71421873,16.88509245,16.93358837,72.9
15.73141865,16.66480347,16.81295452,16.84060542,73
15.69994958,16.61545568,16.74401519,16.75655645,73.1
15.67869402,16.58508274,16.70800023,16.72147229,73.2
15.66628327,16.57041089,16.69704961,16.72041715,73.3
15.65206184,16.55205546,16.67981129,16.70875225,73.4
15.63044513,16.52202479,16.64529978,16.67294055,73.5
15.60853723,16.49281296,16.61343487,16.64162699,73.6
15.55984993,16.41961557,16.51530192,16.51964823,73.7
15.51756494,16.35799711,16.43886523,16.43311303,73.8
15.47927512,16.30322549,16.374672,16.36507643,73.9
15.43177462,16.23386255,16.29005535,16.27026233,74
15.3929812,16.18134383,16.23365746,16.21615386,74.1
15.37579521,16.16742671,16.23573304,16.24005929,74.2
15.34583485,16.13195712,16.20411635,16.21499189,74.3
15.30826754,16.08452958,16.1545347,16.16454076,74.4
15.27733275,16.04635975,16.11778761,16.13070647,74.5
15.25653092,16.02742859,16.11052628,16.13695251,74.6
15.23800678,16.01106031,16.10501435,16.14264912,74.7
15.20675529,15.97312065,16.06604188,16.10067811,74.8
15.16718224,15.92144856,16.0067142,16.03159785,74.9
15.13432508,15.88374823,15.97075774,15.99759889,75
15.11546597,15.86452812,15.95906088,15.99390517,75.1
15.10058656,15.85096178,15.95425167,15.99765901,75.2
15.10325136,15.86869124,15.99561684,16.06313639,75.3
15.11421601,15.90004133,16.05477213,16.14925384,75.4
15.12403756,15.92792804,16.1059018,16.22038127,75.5
15.12105416,15.93100986,16.11608125,16.23031381,75.6
15.12519954,15.94496066,16.14145913,16.26138089,75.7
15.13701188,15.97142913,16.18453352,16.31630455,75.8
15.13826669,15.97535624,16.18916215,16.31341054,75.9
15.14844997,15.99600314,16.22044833,16.350435,76
15.16746671,16.03333167,16.27734608,16.42342677,76.1
15.17398967,16.04368794,16.28798238,16.42639013,76.2
15.16740962,16.02518466,16.25009248,16.35936714,76.3
15.17647642,16.03901417,16.26794637,16.37935336,76.4
15.17551989,16.03041931,16.24794102,16.34404315,76.5
15.17304485,16.01915337,16.22548649,16.30885899,76.6
15.15995322,15.9868071,16.17078539,16.23100276,76.7
15.14646246,15.95582968,16.12264829,16.16860512,76.8
15.12006233,15.89986926,16.03740777,16.05779711,76.9
15.09014036,15.83831498,15.94795042,15.94722478,77
15.0631421,15.78510616,15.87644205,15.86647896,77.1
15.03764957,15.73742921,15.81691623,15.80443253,77.2
15.01240106,15.69301815,15.76508352,15.75392955,77.3
14.98725396,15.65042295,15.7173431,15.70871692,77.4
14.96040908,15.60710528,15.67017748,15.66437058,77.5
14.93691061,15.57048945,15.6331395,15.63254246,77.6
14.92017504,15.54707679,15.61562902,15.62557488,77.7
14.90866235,15.53459991,15.61413942,15.63845611,77.8
14.89824054,15.52362339,15.61314604,15.6490891,77.9
14.88791062,15.51278489,15.61113187,15.65622215,78
14.87999309,15.5066996,15.61536135,15.6703578,78.1
14.86859189,15.49171586,15.60345142,15.65945457,78.2
14.85803408,15.47900163,15.59502423,15.65354889,78.3
14.8605409,15.49132928,15.62414936,15.69892197,78.4
14.86406133,15.50381377,15.65088839,15.73776401,78.5
14.86161542,15.50336763,15.65562776,15.74349773,78.6
14.85893398,15.50213446,15.65853281,15.74657775,78.7
14.84919692,15.48371761,15.63204542,15.70675397,78.8
14.83954116,15.46617977,15.60839553,15.67411499,78.9
14.84002321,15.46963335,15.61867653,15.69094774,79
14.84999369,15.49197577,15.65764814,15.74660884,79.1
14.87375268,15.54159953,15.73729814,15.85630634,79.2
14.89752059,15.59003346,15.8126034,15.95619987,79.3
14.92310133,15.63999813,15.88727788,16.05139972,79.4
14.9476419,15.68619599,15.95339612,16.13110685,79.5
14.96456522,15.71337028,15.98508105,16.15699765,79.6
14.97946154,15.73576698,16.00862433,16.17228449,79.7
14.99273421,15.75364692,16.02433378,16.17761411,79.8
15.00498841,15.76879535,16.03585703,16.17908553,79.9
15.01382069,15.77736994,16.03800918,16.17006935,80
15.01931398,15.77923456,16.03065374,16.15048487,80.1
15.02456972,15.78047973,16.02366062,16.13426571,80.2
15.02815025,15.77882631,16.0137667,16.11663184,80.3
15.03304977,15.77858891,16.00630564,16.10324473,80.4
15.03237751,15.7693028,15.98755247,16.07744928,80.5
15.01358982,15.72103435,15.90719064,15.96682808,80.6
14.99752712,15.68076088,15.84547279,15.89031422,80.7
14.98467588,15.64923735,15.80138071,15.84176147,80.8
14.9655206,15.60573895,15.74069144,15.77165425,80.9
14.96703093,15.60811191,15.75411614,15.80412364,81
14.98263034,15.64010508,15.81147046,15.8920443,81.1
14.99170361,15.65552222,15.83920647,15.93374769,81.2
15.00358723,15.67621125,15.87354212,15.98197428,81.3
15.01903096,15.70435037,15.91834796,16.0426939,81.4
15.02562431,15.71122827,15.92648692,16.04807022,81.5
15.03295122,15.71871375,15.93489359,16.05405972,81.6
15.04952158,15.74662717,15.97616916,16.10733972,81.7
15.06601021,15.77279261,16.01250626,16.15104603,81.8
15.08386328,15.80097697,16.05069635,16.19594045,81.9
15.10032653,15.82519673,16.08122542,16.22867092,82
15.11257282,15.83818072,16.09179111,16.23169319,82.1
15.12368371,15.84776704,16.09676266,16.22811976,82.2
15.13758794,15.86311093,16.11145209,16.24004449,82.3
15.15358016,15.88321576,16.13429455,16.26446826,82.4
15.16973688,15.90256653,16.15502232,16.28517292,82.5
15.18442448,15.91760195,16.16814379,16.29484181,82.6
15.19590595,15.92465952,16.16833107,16.28688738,82.7
15.19839792,15.90927959,16.13161684,16.22759841,82.8
15.20178238,15.89696167,16.10335088,16.18591602,82.9
15.20530437,15.88601418,16.07999312,16.15450898,83
15.20789733,15.87431882,16.05794445,16.12738632,83.1
15.20994217,15.86261956,16.03790557,16.10461244,83.2
15.20564999,15.83667057,15.99624164,16.05250977,83.3
15.19410394,15.79502386,15.93196618,15.97165801,83.4
15.16490566,15.71492402,15.81093265,15.81742386,83.5
15.13793364,15.64643236,15.71747091,15.71131786,83.6
15.10873479,15.57561686,15.62389823,15.60722474,83.7
15.08320866,15.51904761,15.55776683,15.54355993,83.8
15.06841741,15.49053833,15.53653589,15.53932104,83.9
15.06320714,15.48543161,15.55005922,15.57798202,84
15.05569558,15.47417159,15.5507986,15.59386553,84.1
15.04895565,15.46446391,15.55178116,15.60663638,84.2
15.03255676,15.43479055,15.52127595,15.57423267,84.3
15.01901711,15.41136667,15.49961765,15.55377578,84.4
14.99366732,15.36153032,15.43575289,15.47394529,84.5
14.9685772,15.31581857,15.38169118,15.41254498,84.6
14.93996845,15.26701104,15.32620591,15.35253947,84.7
14.91182687,15.22233454,15.27897296,15.30547232,84.8
14.88837773,15.18745738,15.24571937,15.27622923,84.9
14.86275726,15.15147408,15.2121722,15.24689863,85
14.84045731,15.12226153,15.1875969,15.22805209,85.1
14.81833891,15.09475413,15.16528892,15.21129148,85.2
14.79977679,15.07353449,15.15055429,15.20272009,85.3
14.77899505,15.04997897,15.13261082,15.18941887,85.4
14.75987923,15.02868418,15.11623087,15.17646727,85.5
14.74192449,15.0097815,15.10259579,15.16642863,85.6
14.74382878,15.02057438,15.12559513,15.19974998,85.7
14.74197444,15.02462355,15.13789589,15.21731054,85.8
14.73805145,15.02486214,15.14388071,15.2256102,85.9
14.73161144,15.02082392,15.14337368,15.22518185,86
14.72168729,15.01132792,15.13531176,15.21541948,86.1
14.70957215,14.99866987,15.12317004,15.201264,86.2
14.68329607,14.95671437,15.06535942,15.12421927,86.3
14.67744423,14.9626753,15.08734813,15.16412504,86.4
14.6653832,14.95518925,15.08648455,15.16911773,86.5
14.65205635,14.94567012,15.08211181,15.16849438,86.6
14.65157068,14.96185948,15.11661777,15.22068901,86.7
14.66067426,14.99573981,15.17576789,15.30347908,86.8
14.6688736,15.02513483,15.22425768,15.36668525,86.9
14.66953893,15.03663875,15.24119789,15.38150966,87
14.67030651,15.04699233,15.25522863,15.39250119,87.1
14.66191807,15.03613323,15.23375522,15.35288665,87.2
14.65050586,15.01813877,15.20214949,15.30336215,87.3
14.64083423,15.0037423,15.17839728,15.2694251,87.4
14.6451964,15.02070949,15.20699146,15.31155674,87.5
14.64913596,15.03550922,15.23033972,15.3434973,87.6
14.65161995,15.04587875,15.24508997,15.36135196,87.7
14.65268085,15.05210911,15.25229841,15.36775292,87.8
14.64745956,15.0432515,15.23437997,15.33843476,87.9
14.63630719,15.02057717,15.19506419,15.28150251,88
14.62540647,14.99976098,15.16212485,15.23864035,88.1
14.61714148,14.98625157,15.14357842,15.21884143,88.2
14.60094713,14.95403365,15.09500986,15.15693915,88.3
14.58654307,14.92793226,15.05976946,15.11755863,88.4
14.57413793,14.90669038,15.03342044,15.0910926,88.5
14.55418116,14.86977729,14.98354906,15.0326413,88.6
14.53095089,14.82627869,14.92507448,14.96416456,88.7
14.50956726,14.79095666,14.88378331,14.92314536,88.8
14.48300027,14.74477265,14.82607853,14.85918361,88.9
14.45576083,14.70096156,14.77557694,14.8077751,89
14.43173222,14.66509348,14.73795526,14.77350128,89.1
14.41145595,14.63912839,14.71622933,14.7601546,89.2
14.39076195,14.61281953,14.69320181,14.74294118,89.3
14.3698085,14.5874372,14.67164849,14.72678093,89.4
14.34849274,14.56167917,14.64879447,14.70746447,89.5
14.31872827,14.51940457,14.60067973,14.65319312,89.6
14.28770975,14.47581907,14.55165541,14.59937946,89.7
14.25260248,14.42459548,14.49167808,14.53173794,89.8
14.2259297,14.39349271,14.46451529,14.51103065,89.9
14.18142652,14.32682942,14.3831281,14.41555479,90
14.13975085,14.27060548,14.32195529,14.35259455,90.1
14.09848326,14.21642048,14.26442753,14.29468,90.2
14.0431798,14.13241798,14.16066173,14.17304859,90.3
13.96832748,14.01438424,14.01156916,13.99742939,90.4
13.891849,13.90144913,13.87903771,13.85383475,90.5
13.82098492,13.80935029,13.78439569,13.76534807,90.6
13.75715381,13.7336007,13.71354005,13.70552913,90.7
13.68090498,13.63911989,13.61651831,13.60968651,90.8
13.59818352,13.53669644,13.50941117,13.50076401,90.9
13.5406233,13.49095577,13.48809442,13.50643993,91
13.43882014,13.36793279,13.35428596,13.35953163,91.1
13.26859332,13.12909034,13.05974456,13.00787956,91.2
13.09502756,12.91652515,12.83075414,12.77304952,91.3
12.92949761,12.73776968,12.6588302,12.61569963,91.4
12.73711563,12.53315452,12.45757561,12.42101687,91.5
12.5594776,12.36466634,12.30756176,12.28995135,91.6
12.4032952,12.23024361,12.19785051,12.20240724,91.7
12.26747,12.12294304,12.11704803,12.14333222,91.8
12.15293654,12.03969796,12.05986595,12.10611889,91.9
12.06063922,11.97702069,12.0202586,12.08287327,92
11.96703664,11.91506158,11.97984837,12.05599235,92.1
11.87421298,11.85542045,11.94046304,12.02817495,92.2
11.78012463,11.79611575,11.90021496,11.9978544,92.3
11.72078838,11.7756067,11.9055205,12.02192119,92.4
11.6841148,11.77856268,11.93605662,12.07302471,92.5
11.65723501,11.78989492,11.97282764,12.12716163,92.6
11.63696676,11.80540467,12.01049619,12.1779139,92.7
11.61836223,11.81936831,12.04193936,12.2167408,92.8
11.59889752,11.82829468,12.06261583,12.23848449,92.9
11.580906,11.8374059,12.08179964,12.25803142,93
11.55628281,11.83179944,12.07608934,12.24215168,93.1
11.51686544,11.79710648,12.024642,12.16473212,93.2
11.4681162,11.74537689,11.95089369,12.06536468,93.3
11.41760502,11.69459867,11.88604459,11.98862172,93.4
11.36475098,11.64234305,11.82390794,11.92077749,93.5
11.31198958,11.58978418,11.7636115,11.85727923,93.6
11.2622127,11.54026337,11.70854467,11.80096523,93.7
11.21368168,11.49473701,11.66179201,11.75696945,93.8
11.17168954,11.45859822,11.62823308,11.72893927,93.9
11.12450184,11.41316977,11.58095041,11.68151779,94
11.07320463,11.35893095,11.5205464,11.61636523,94.1
11.02145407,11.30581122,11.46424256,11.55900365,94.2
10.97203447,11.25994618,11.42103416,11.52060641,94.3
10.91017599,11.18888052,11.33907231,11.42855398,94.4
10.83343047,11.09374845,11.22561704,11.29922584,94.5
10.77329805,11.03105905,11.16394927,11.24327318,94.6
10.72366746,10.98402098,11.12270151,11.21077255,94.7
10.69009109,10.96587897,11.1222487,11.22938706,94.8
10.65888505,10.94824269,11.11813091,11.23751357,94.9
10.6328077,10.93851796,11.12321945,11.25488731,95
10.60733775,10.92689653,11.1221416,11.26035721,95.1
10.5773386,10.90631458,11.10620872,11.24432671,95.2
10.54294484,10.87465689,11.07175141,11.20252412,95.3
10.50129453,10.8278682,11.01453517,11.13180109,95.4
10.44120056,10.74036819,10.8945586,10.97802182,95.5
10.3888478,10.67099265,10.81003922,10.88392921,95.6
10.34231943,10.61596014,10.75107605,10.82721969,95.7
10.29998993,10.56831595,10.7029154,10.78328599,95.8
10.25963312,10.52310114,10.65728071,10.74055049,95.9
10.23800367,10.51511,10.66722158,10.77086676,96
10.21559614,10.50513593,10.67162461,10.7892955,96.1
10.19349212,10.49463126,10.67279107,10.79996504,96.2
10.17271312,10.48491178,10.67275152,10.80640214,96.3
10.1553077,10.48099286,10.68006215,10.82149089,96.4
10.12663481,10.44987934,10.6414314,10.76970582,96.5
10.112446,10.44519416,10.64367434,10.77702778,96.6
10.10806067,10.45892099,10.67310412,10.82046822,96.7
10.10252289,10.46785401,10.6920745,10.84583673,96.8
10.10734241,10.49575714,10.73889582,10.90839617,96.9
10.0954212,10.48276581,10.7146586,10.86461049,97
10.08736314,10.47883938,10.70792516,10.85195678,97.1
10.08502052,10.48571286,10.71860862,10.86504364,97.2
10.06042597,10.44077404,10.64321853,10.75533883,97.3
10.04295252,10.41060231,10.59649069,10.69528719,97.4
10.02563544,10.3826795,10.55737145,10.65026295,97.5
10.03069663,10.40397931,10.59739643,10.71385628,97.6
10.03270401,10.41674963,10.62086662,10.74958731,97.7
10.0411238,10.44038705,10.65850511,10.80100929,97.8
10.05648637,10.47898001,10.71878268,10.88179191,97.9
10.06629153,10.49966049,10.74422688,10.90661013,98
10.07565626,10.5178685,10.76450637,10.92395469,98.1
10.08690734,10.53783024,10.7861242,10.94292574,98.2
10.09935462,10.55771575,10.80582588,10.95848755,98.3
10.10717665,10.56540942,10.80472291,10.94501147,98.4
10.103554,10.54104302,10.74791034,10.85241711,98.5
10.10189385,10.52197321,10.70548847,10.79026965,98.6
10.09911202,10.5023689,10.66748115,10.74084194,98.7
10.09415718,10.47942463,10.62814975,10.69349479,98.8
10.07891933,10.43440255,10.55785431,10.60769961,98.9
10.06293856,10.39222887,10.49886238,10.54323613,99
10.04578083,10.35075201,10.44511085,10.48796902,99.1
10.02955487,10.31455615,10.40245439,10.44823876,99.2
10.0088687,10.27256502,10.35424888,10.40202448,99.3
9.984982813,10.22869171,10.30693182,10.35843166,99.4
9.962599898,10.19087742,10.26969838,10.32724647,99.5
9.940264183,10.15487322,10.23495608,10.29751353,99.6
9.914693714,10.11633144,10.19843799,10.26578769,99.7
9.884314328,10.07192322,10.15493396,10.22507175,99.8
9.85613464,10.03414243,10.12116362,10.19649037,99.9
9.833418717,10.00817718,10.10342241,10.18718384,100
9.811833273,9.983962392,10.08586748,10.17514019,100.1
9.800616759,9.982609873,10.10191797,10.20730003,100.2
9.80688322,10.01458663,10.16388465,10.29700775,100.3
9.829141531,10.07666817,10.26719371,10.43851128,100.4
9.859756277,10.15256733,10.38750186,10.59904667,100.5
9.898156617,10.24103298,10.52391859,10.77939294,100.6
9.937058064,10.32849135,10.65608661,10.94921636,100.7
9.974861284,10.41172707,10.77785126,11.0971327,100.8
10.0113876,10.49004249,10.88706433,11.21909717,100.9
10.04563558,10.5603656,10.97705633,11.30451632,101
10.08050548,10.62944127,11.06174482,11.3811251,101.1
10.11990766,10.70818246,11.16465699,11.4910117,101.2
10.16306159,10.79494831,11.28272308,11.62668449,101.3
10.20939189,10.88860025,11.41458189,11.78565232,101.4
10.25563499,10.98071766,11.53999837,11.92832322,101.5
10.30090741,11.06847509,11.65117653,12.03983617,101.6
10.34445827,11.14874201,11.74007816,12.1077148,101.7
10.38780854,11.22627929,11.82067398,12.164377,101.8
10.43070174,11.30020952,11.89105215,12.20737653,101.9
10.47508477,11.37816794,11.97232138,12.27601645,102
10.51967472,11.45523374,12.05046022,12.3414524,102.1
10.56601156,11.53829007,12.14427885,12.43694275,102.2
10.61194726,11.61783517,12.22680509,12.51180254,102.3
10.65679705,11.69043249,12.28981249,12.55372173,102.4
10.70054835,11.75581975,12.33434983,12.56871844,102.5
10.74499175,11.82329086,12.38731203,12.60511523,102.6
10.78754513,11.87946087,12.41331262,12.6000517,102.7
10.83106166,11.939406,12.45303512,12.62579688,102.8
10.87649013,12.00872051,12.51887252,12.69649417,102.9
10.92294556,12.08254692,12.59615831,12.78441783,103
10.96675446,12.13890093,12.62873465,12.79729412,103.1
11.01241152,12.20508593,12.68878783,12.85960864,103.2
11.05786024,12.26876065,12.74327508,12.91193199,103.3
11.10095291,12.31650762,12.75997031,12.90315898,103.4
11.14527462,12.37115701,12.7979866,12.93528349,103.5
11.19246881,12.44431228,12.88213901,13.04067386,103.6
11.23788949,12.50344064,12.93102961,13.08585028,103.7
11.28527427,12.57576688,13.01266789,13.18380189,103.8
11.33231813,12.64375997,13.08240808,13.25955497,103.9
11.37957015,12.71257532,13.15373827,13.33602838,104
11.426957,12.7814335,13.2246426,13.41036913,104.1
11.47360069,12.84311769,13.27747595,13.45375249,104.2
11.5220289,12.91944486,13.36713751,13.55947571,104.3
11.57011497,12.99105358,13.44335935,13.63987145,104.4
11.61828703,13.06246223,13.51834593,13.71705434,104.5
11.66622151,13.13003858,13.58295347,13.77623575,104.6
11.7139442,13.19441467,13.63967293,13.82313612,104.7
11.76187534,13.25987467,13.69990144,13.87794692,104.8
11.80992695,13.32610976,13.76264255,13.93765412,104.9
11.85860312,13.39829753,13.84049536,14.02294316,105
11.90790338,13.47770407,13.93577444,14.13568533,105.1
11.95650199,13.5453986,13.99887742,14.19091495,105.2
12.00551879,13.61770726,14.07418639,14.26837739,105.3
12.05444307,13.68865505,14.14571259,14.33839782,105.4
12.10318703,13.7553058,14.20569019,14.38915966,105.5
12.15186819,13.82004076,14.26140187,14.43464647,105.6
12.20041947,13.88268161,14.31292719,14.47502108,105.7
12.24894181,13.94472232,14.36437536,14.51739896,105.8
12.29738588,14.00644844,14.41652954,14.56210229,105.9
12.34627229,14.07472198,14.48625482,14.63685502,106
12.39541714,14.14665522,14.56489268,14.7250958,106.1
12.44445507,14.21604866,14.63627277,14.79925994,106.2
12.49371631,14.28887385,14.71604623,14.88672078,106.3
12.54346883,14.37541985,14.83035612,15.03057911,106.4
12.5929712,14.46999952,14.96447728,15.20485109,106.5
12.64253622,14.56299694,15.09206365,15.36400259,106.6
12.69215189,14.65412944,15.21195748,15.50531223,106.7
12.74184812,14.74172156,15.31887905,15.61886338,106.8
12.79156638,14.82725442,15.4179623,15.71626248,106.9
12.84122856,14.91418456,15.52007933,15.81959314,107
12.89077439,15.00304832,15.62698573,15.93179539,107.1
12.94047188,15.08582508,15.71265338,16.001979,107.2
12.99002535,15.17217918,15.80909573,16.09535154,107.3
13.03973882,15.24982174,15.87632597,16.13367558,107.4
13.08944565,15.32198508,15.92786899,16.14921738,107.5
13.13913173,15.39161675,15.97433637,16.1638445,107.6
13.18883782,15.46573858,16.03681734,16.21397899,107.7
13.23854057,15.53795466,16.09474223,16.25867533,107.8
13.28823864,15.6097698,16.15317833,16.30691505,107.9
13.33787216,15.68633489,16.22661762,16.38311843,108
13.3874789,15.76363817,16.30270847,16.46308716,108.1
13.43711453,15.83848633,16.37169228,16.52993895,108.2
13.48656499,15.91926518,16.45873564,16.62810149,108.3
13.53600277,15.99906432,16.54200316,16.7178026,108.4
13.58559383,16.07195988,16.60407721,16.76929381,108.5
13.63521203,16.14219022,16.6595593,16.81141556,108.6
13.68471442,16.21760376,16.73205366,16.88545331,108.7
13.73425744,16.29013032,16.79627806,16.94491555,108.8
13.78370795,16.3649676,16.86799098,17.018149,108.9
13.83307785,16.44084657,16.9428544,17.09649263,109
13.88231355,16.51876512,17.02361881,17.18428521,109.1
13.93176061,16.58999839,17.08451471,17.23621362,109.2
13.98125321,16.65863857,17.13915514,17.27906158,109.3
14.03070797,16.72767743,17.19648184,17.3290411,109.4
14.08032687,16.78006774,17.20835895,17.3023678,109.5
14.12993787,16.83634777,17.23712766,17.31374299,109.6
14.17942064,16.90485181,17.30276417,17.38922803,109.7
14.2289364,16.97081178,17.36185376,17.45197768,109.8
14.27847806,17.03456045,17.41585446,17.50533321,109.9
14.32804842,17.0949565,17.46214042,17.54572607,110
14.37702408,17.17569851,17.56356488,17.67730401,110.1
14.4254945,17.26276551,17.68027285,17.82963358,110.2
14.47312678,17.35523297,17.81007872,17.99998542,110.3
14.52135369,17.44243989,17.92257971,18.13653646,110.4
14.56969571,17.5273825,18.0264842,18.25437809,110.5
14.61815056,17.60995512,18.12167159,18.35402232,110.6
14.66625421,17.69550123,18.22479811,18.46762383,110.7
14.71388749,17.78424995,18.33663011,18.59598162,110.8
14.76166031,17.87090181,18.43991168,18.7056625,110.9
14.80923299,17.95790607,18.54279851,18.81345677,111
14.85764501,18.03401367,18.60838416,18.84840984,111.1
14.90605428,18.10970099,18.67395502,18.88992472,111.2
14.95479773,18.17867665,18.71966592,18.89982603,111.3
15.00361874,18.2442787,18.75757554,18.90399337,111.4
15.0529487,18.29159606,18.74490908,18.82671268,111.5
15.10200368,18.34920771,18.77089506,18.83383845,111.6
15.15128078,18.39711825,18.77400641,18.80717046,111.7
15.20066262,18.43817246,18.76527312,18.76857645,111.8
15.24985487,18.48975961,18.79235323,18.7957718,111.9
15.29889303,18.5468814,18.83725127,18.85121045,112
15.34819648,18.59061532,18.84893103,18.85141427,112.1
15.39755027,18.62900666,18.85168039,18.84060422,112.2
15.44689305,18.66847571,18.86272965,18.84639049,112.3
15.49626032,18.70578139,18.87277258,18.85178218,112.4
15.54568258,18.72189313,18.83516937,18.78202054,112.5
15.59510728,18.74288606,18.8189568,18.75576138,112.6
15.6445178,18.76274863,18.80640063,18.73769345,112.7
15.69373483,18.76001671,18.74723649,18.64882913,112.8
15.74310101,18.77876837,18.74689072,18.65811007,112.9
15.79246234,18.79919775,18.75350073,18.67592887,113
15.84184833,18.83579872,18.79687923,18.7461633,113.1
15.89120902,18.86088339,18.8149731,18.77294997,113.2
15.94054434,18.88356003,18.82919239,18.79204757,113.3
15.98977634,18.89634621,18.82363657,18.7794055,113.4
16.03896144,18.90889773,18.82054341,18.77217254,113.5
16.08806618,18.91890996,18.8146191,18.76145504,113.6
16.13731166,18.94384995,18.84244299,18.8036619,113.7
16.18655319,18.96995992,18.87258161,18.84659796,113.8
16.23575511,18.99605467,18.90170563,18.88457424,113.9
16.28493554,19.023848,18.93352517,18.92427037,114
16.33411351,19.05342314,18.96851863,18.96722875,114.1
16.38326766,19.08294609,19.00271507,19.00721019,114.2
16.43239264,19.10948774,19.0309578,19.03742247,114.3
16.48151116,19.13490197,19.05752852,19.06549418,114.4
16.53060746,19.16297341,19.08881265,19.09988183,114.5
16.57953094,19.18304068,19.10265979,19.10534022,114.6
16.62813247,19.18925146,19.08837831,19.06784763,114.7
16.67663448,19.19330286,19.07352312,19.03624342,114.8
16.72462427,19.18155369,19.02876921,18.96194406,114.9
16.77250364,19.17216753,18.99488621,18.91278468,115
16.82039792,19.16827515,18.97669364,18.89182851,115.1
16.8677862,19.15234238,18.93695709,18.83899091,115.2
16.9150105,19.1358642,18.90121889,18.79661485,115.3
16.96131553,19.099125,18.82898723,18.70116621,115.4
17.00713949,19.05921921,18.7575504,18.61370986,115.5
17.05255378,19.01842016,18.69082336,18.53799755,115.6
17.0984312,18.99580037,18.66458958,18.52484247,115.7
17.14410437,18.97432692,18.64169532,18.51356985,115.8
17.18919825,18.94564292,18.60628139,18.48144308,115.9
17.23329924,18.90376453,18.54742713,18.41357407,116
17.27691817,18.86190548,18.49182482,18.35281219,116.1
17.320262,18.82272557,18.44468133,18.30658733,116.2
17.36340339,18.78893296,18.40874709,18.27612684,116.3
17.40656803,18.76243244,18.38717757,18.26567985,116.4
17.45024912,18.74911122,18.39023941,18.28973252,116.5
17.49282631,18.72352695,18.3680833,18.27110298,116.6
17.5352263,18.70279391,18.35351716,18.26211325,116.7
17.57749633,18.68550871,18.34471271,18.26061331,116.8
17.61951325,18.67003167,18.33788466,18.26019029,116.9
17.66033367,18.64164996,18.30674258,18.22203554,117
17.70066004,18.61275161,18.27561162,18.18605026,117.1
17.74004601,18.57889072,18.23502839,18.13633504,117.2
17.78000402,18.55911687,18.22238433,18.13151869,117.3
17.82078047,18.55555603,18.23775023,18.16607125,117.4
17.86006051,18.53639052,18.22270801,18.15128868,117.5
17.89857748,18.51293137,18.19963753,18.12464229,117.6
17.93554552,18.47546463,18.15181069,18.06237824,117.7
17.97233676,18.444737,18.11767521,18.02405892,117.8
18.00634848,18.38810598,18.0366105,17.91641377,117.9
18.03917815,18.32797268,17.95476344,17.81636839,118
18.07345101,18.29439631,17.9258074,17.79938366,118.1
18.1054413,18.24321666,17.86504752,17.73311217,118.2
18.13656123,18.19142316,17.80652639,17.67283307,118.3
18.16713638,18.14407911,17.75701147,17.62570887,118.4
18.19716454,18.10060934,17.71449545,17.58761439,118.5
18.22664377,18.06052883,17.67748529,17.55585105,118.6
18.25558614,18.02278471,17.64493937,17.52978306,118.7
18.28397325,17.98776972,17.61591764,17.50666946,118.8
18.31092728,17.94538476,17.57600717,17.46854692,118.9
18.3375598,17.90906041,17.54497938,17.44163828,119
18.36754597,17.90737814,17.57256595,17.49826154,119.1
18.39906741,17.92071295,17.62146155,17.57968168,119.2
18.42751131,17.9120522,17.62791062,17.59196297,119.3
18.45533458,17.90218262,17.63066682,17.59780299,119.4
18.48246633,17.89065848,17.62947309,17.59760458,119.5
18.50882651,17.87772958,17.62326218,17.5888119,119.6
18.53491645,17.86717859,17.61995326,17.58477294,119.7
18.56016467,17.854303,17.61165561,17.57356975,119.8
18.58475056,17.8405848,17.6019104,17.56151842,119.9
18.60644336,17.80920499,17.56112638,17.50446803,120
18.62324204,17.74739121,17.46503531,17.36735836,120.1
18.63969234,17.69326414,17.39096397,17.2771469,120.2
18.66186338,17.68789853,17.40799855,17.32386763,120.3
18.67379095,17.614336,17.29729641,17.17352822,120.4
