b=1,b=2,b=3,b=4,b=5,t
19.72222222,19.72222222,19.72222222,19.72222222,19.72222222,0
19.84867426,19.75130575,19.57003006,19.3453208,19.09285511,0.1
19.97606297,19.77456602,19.32851499,18.68532835,17.85257526,0.2
20.10315877,19.81162557,19.03348687,17.69460609,15.65461722,0.3
20.23041582,19.82535157,18.55314364,15.93292776,11.42920658,0.4
20.35317716,19.87517124,17.97511784,13.21947532,5.701121932,0.5
20.44233487,19.9854781,17.38882744,9.596574347,2.765595739,0.6
20.55787839,20.05930833,16.35313221,5.782583007,2.042211683,0.7
20.66834869,20.14310125,14.93125103,3.754954554,1.754807827,0.8
20.74935264,20.26081903,13.23755236,2.923562608,1.622370651,0.9
20.80520175,20.38742531,11.19005026,2.496761921,1.553471101,1
20.8908485,20.50724751,8.881167338,2.25017173,1.519192762,1.1
20.97082398,20.6313976,6.940831231,2.110288127,1.511937908,1.2
21.03107224,20.75794902,5.578942368,2.030550324,1.522131871,1.3
21.07966363,20.88063896,4.683598508,1.987142574,1.543580971,1.4
21.14268569,21.00522928,4.071482467,1.963447754,1.570057971,1.5
21.2163019,21.13059113,3.660078766,1.956586781,1.601978462,1.6
21.24855578,21.23217561,3.405984389,1.970076847,1.643916185,1.7
21.23909668,21.2917725,3.233182823,1.994180789,1.690447934,1.8
21.23305476,21.34376494,3.113185418,2.025335935,1.739674444,1.9
21.2366406,21.39484804,3.033441614,2.06296182,1.791773176,2
21.24150904,21.43930822,2.981020462,2.104991401,1.845603596,2.1
21.24444855,21.47579718,2.947242034,2.149691766,1.900091937,2.2
21.25073694,21.50897118,2.931431172,2.198165648,1.95643798,2.3
21.25392372,21.53467079,2.926409736,2.248120051,2.012909914,2.4
21.2623067,21.56040131,2.934252139,2.301489474,2.071376954,2.5
21.27121981,21.58295002,2.950682984,2.356768653,2.13067671,2.6
21.27722314,21.59828609,2.974603304,2.413941622,2.190931182,2.7
21.27822021,21.60673861,3.002331389,2.471219655,2.250601999,2.8
21.28467008,21.61858087,3.036759837,2.530760966,2.311761722,2.9
21.2918845,21.62955167,3.075617045,2.591473263,2.373477868,3
21.2997449,21.63979944,3.11830712,2.653234923,2.435701463,3.1
21.30815042,21.64944636,3.164341035,2.715942935,2.498390922,3.2
21.31791041,21.65947813,3.213558878,2.77968721,2.561681392,3.3
21.32967923,21.6706754,3.265810574,2.844541033,2.62568758,3.4
21.34003415,21.67832784,3.320994152,2.910609154,2.69055543,3.5
21.34793842,21.68315202,3.377531405,2.976800961,2.755247863,3.6
21.33990367,21.67151733,3.432473356,3.040897763,2.817611204,3.7
21.33877483,21.66772117,3.49014102,3.106353393,2.881065701,3.8
21.34276119,21.67079802,3.549261013,3.172236676,2.944709866,3.9
21.34961216,21.67641883,3.610289374,3.239014254,3.009031512,4
21.32917553,21.64268234,3.673661933,3.307229273,3.07461763,4.1
21.29153016,21.58590111,3.738950254,3.376564486,3.14115778,4.2
21.14295866,21.35671531,3.811155853,3.451639925,3.213389,4.3
20.99168427,21.14616082,3.885556701,3.528241706,3.28700862,4.4
20.81368328,20.90943501,3.963062945,3.607279909,3.362968488,4.5
20.6124604,20.65501324,4.04296822,3.68817828,3.44069198,4.6
20.50656517,20.55631843,4.12058606,3.76654983,3.515647407,4.7
20.41855248,20.48026288,4.198509639,3.844855226,3.590393974,4.8
20.31059563,20.37258234,4.278356848,3.924668065,3.666575254,4.9
20.22122614,20.29036862,4.35847123,4.004425911,3.742571017,5
20.15167354,20.23487576,4.438237796,4.083560947,3.817796764,5.1
20.04542658,20.1241748,4.520390576,4.164745973,3.895051712,5.2
19.95789973,20.04036509,4.602790791,4.245910481,3.972171767,5.3
19.90261622,19.99934764,4.684738109,4.326374006,4.048447665,5.4
19.86134737,19.97170886,4.767320524,4.407210064,4.125011089,5.5
19.7915938,19.89913889,4.852291013,4.490189138,4.203731213,5.6
19.75965707,19.8810146,4.935735778,4.571437812,4.280529163,5.7
19.71803661,19.84794565,5.019758086,4.653070897,4.357641886,5.8
19.71855537,19.86784579,5.102671873,4.733372845,4.43325856,5.9
19.70109816,19.85919981,5.187121704,4.81503429,4.510229937,6
19.71065882,19.88322397,5.271126726,4.896044623,4.586428606,6.1
19.71345642,19.89550313,5.355772097,4.97753382,4.66305619,6.2
19.71892093,19.90849587,5.440898693,5.059339635,4.739942608,6.3
19.72577636,19.921215,5.526419803,5.141384617,4.817007663,6.4
19.7680082,19.97919308,5.610273894,5.221546668,4.891998326,6.5
19.83424903,20.06607244,5.691593686,5.298957379,4.963997052,6.6
19.89276311,20.14285451,5.77279351,5.376115479,5.0356679,6.7
19.94111452,20.20716058,5.853561288,5.45271323,5.106684422,6.8
19.98728558,20.2654976,5.934964587,5.529822547,5.178191491,6.9
20.0314726,20.31846473,6.016985255,5.607431406,5.2501767,7
20.06940235,20.36242449,6.099074016,5.684991097,5.322053585,7.1
20.0998756,20.39646472,6.181087053,5.762359528,5.393670849,7.2
20.12698099,20.42503681,6.263413407,5.839933976,5.465454924,7.3
20.14700068,20.44468958,6.345682046,5.917340783,5.53700545,7.4
20.16457213,20.46068027,6.428273025,5.994969745,5.608741442,7.5
20.17550763,20.46889055,6.510823503,6.072453276,5.680268171,7.6
20.17717458,20.46697012,6.593126076,6.149581275,5.751360349,7.7
20.17741333,20.46382838,6.675701336,6.226889323,5.822594857,7.8
20.22698293,20.52897167,6.75580351,6.301482784,5.890889702,7.9
20.25894719,20.56701477,6.837500758,6.377651256,5.960824904,8
20.25717305,20.55428938,6.921335621,6.455977342,6.033016592,8.1
20.19833009,20.45439573,7.008179857,6.537390216,6.108453489,8.2
20.20816213,20.46780349,7.0925227,6.616047451,6.180891075,8.3
20.19876946,20.4507262,7.178592961,6.696437877,6.255133933,8.4
20.16308455,20.39511881,7.26631963,6.778494429,6.331104713,8.5
20.09704493,20.29712778,7.355829427,6.862356716,6.408950726,8.6
20.03822149,20.22100696,7.445173105,6.945948634,6.486440758,8.7
19.99461515,20.16927496,7.535070072,7.030034943,6.564406509,8.8
19.95170733,20.11748681,7.626117255,7.115258017,6.643538344,8.9
19.9153407,20.07700031,7.717487838,7.200735433,6.722882207,9
19.86813718,20.02098797,7.809932481,7.287276242,6.803307835,9.1
19.83687253,19.99144173,7.902004189,7.373324507,6.883137492,9.2
19.83655902,20.00342494,7.993454006,7.458611774,6.96209227,9.3
19.8057174,19.96789472,8.087041979,7.546119905,7.043381576,9.4
19.74847085,19.89268984,8.182483806,7.635547564,7.126679491,9.5
19.7000749,19.83633035,8.277930887,7.724891674,7.209816844,9.6
19.65946877,19.79280147,8.373718994,7.814518583,7.29319471,9.7
19.62428491,19.75619215,8.470132785,7.904740325,7.377154255,9.8
19.59712599,19.73011529,8.566977597,7.995346524,7.461467581,9.9
19.56815916,19.70329604,8.663961777,8.0860167,7.545776285,10
19.54625159,19.68479259,8.761384246,8.177081946,7.630450917,10.1
19.49750077,19.62666355,8.860348011,8.269750777,7.716796494,10.2
19.46184003,19.589077,8.959522076,8.362566462,7.803235343,10.3
19.41374935,19.53217916,9.060004983,8.456740313,7.89108702,10.4
19.37499465,19.48995625,9.160891433,8.551276714,7.979266883,10.5
19.33145828,19.44214357,9.262415611,8.646432931,8.068049658,10.6
19.29624501,19.4080824,9.364060594,8.741637834,8.156812046,10.7
19.27054404,19.38711122,9.46590042,8.836976,8.245650278,10.8
19.23492534,19.35130767,9.568583432,8.933166981,8.335348335,10.9
19.17352826,19.27761637,9.672811709,9.030997037,8.426769924,11
19.07732372,19.15287076,9.779127541,9.131084181,8.520602934,11.1
18.95904989,19.00120641,9.887138909,9.232999496,8.616380577,11.2
18.81293125,18.81863905,9.996714889,9.336600272,8.713943474,11.3
18.66986919,18.64914547,10.10767351,9.441699433,8.81310319,11.4
18.57918129,18.56425047,10.21822182,9.546252529,8.911579291,11.5
18.46777393,18.46309524,10.32871527,9.650635757,9.009751641,11.6
18.35579359,18.3583073,10.44022255,9.756100855,9.109055455,11.7
18.25019437,18.25801214,10.55279943,9.862723897,9.209586496,11.8
18.12430742,18.12745715,10.66680031,9.970917319,9.311805505,11.9
18.07349116,18.10558913,10.77946606,10.07748225,9.412108705,12
18.04529834,18.10321749,10.89250455,10.18441425,9.512762948,12.1
18.02260762,18.10243591,11.00595663,10.29175287,9.613801089,12.2
18.00184599,18.10043065,11.11978713,10.39945546,9.715171306,12.3
17.98140973,18.09614551,11.23398205,10.50750556,9.81685338,12.4
17.94229823,18.06198837,11.34932637,10.61683306,9.919909323,12.5
17.91655259,18.04275936,11.46516009,10.72667644,10.02348873,12.6
17.86375996,17.97883648,11.58275726,10.83856151,10.12934419,12.7
17.81015194,17.91620316,11.70102411,10.95118377,10.23597461,12.8
17.75363958,17.85035461,11.82010631,11.0647297,10.34360353,12.9
17.67304365,17.75019949,11.94048275,11.1797946,10.45292904,13
17.60268539,17.66995852,12.06137808,11.2954408,10.56286661,13.1
17.54960243,17.61535684,12.1826926,11.41155551,10.67329315,13.2
17.5201168,17.5955882,12.30389021,11.52746294,10.78340257,13.3
17.49200371,17.57517223,12.42560362,11.6439604,10.8941417,13.4
17.44448268,17.52577923,12.54827258,11.76161005,11.00618016,13.5
17.36675708,17.43166438,12.67219633,11.8808261,11.12003603,13.6
17.31339032,17.37369546,12.79652146,12.00053355,11.23443988,13.7
17.27509481,17.33931207,12.92098196,12.12037095,11.34893679,13.8
17.23565598,17.30005988,13.04611528,12.24107061,11.46443893,13.9
17.18717906,17.24657924,13.17196932,12.36271407,11.58105547,14
17.1995576,17.28212452,13.29655335,12.48257922,11.69539627,14.1
17.20814079,17.3098843,13.42147562,12.60285149,11.81017086,14.2
17.18941391,17.29143105,13.54773676,12.7249524,11.92719189,14.3
17.1858009,17.29548656,13.67394501,12.84694024,12.04400915,14.4
17.18243248,17.2984626,13.80046629,12.9693404,12.16129346,14.5
17.14814935,17.25309286,13.92802653,13.09324689,12.28047519,14.6
17.11156337,17.20610326,14.05599902,13.21776776,12.40042001,14.7
17.08815155,17.17788173,14.18423271,13.34269669,12.52087704,14.8
17.08423773,17.17689435,14.31251485,13.46769926,12.64139976,14.9
17.09436797,17.19528359,14.44076857,13.59264463,12.76180281,15
17.11690766,17.22792865,14.56906853,13.71766388,12.88227323,15.1
17.09408879,17.19205365,14.69830557,13.84432521,13.00499352,15.2
17.07532496,17.16433686,14.82770008,13.97130906,13.12815222,15.3
17.12724298,17.23801138,14.95597147,14.09625769,13.24839701,15.4
17.16705342,17.29459512,15.08457939,14.22177766,13.36938504,15.5
17.19543819,17.33414485,15.21348997,14.34785005,13.49111234,15.6
17.21534748,17.3609999,15.34261753,14.47435276,13.61342285,15.7
17.22821433,17.37577985,15.4719779,14.60137081,13.73647165,15.8
17.22832948,17.37297405,15.60152272,14.72885341,13.86019792,15.9
17.2273435,17.367934,15.73118199,14.85670676,13.98449594,16
17.21040796,17.34269614,15.86093762,14.98495591,14.10941712,16.1
17.19141405,17.31454394,15.99073921,15.11358015,14.23498455,16.2
17.18281613,17.30219839,16.12051783,15.24236332,14.36084784,16.3
17.20276363,17.33318151,16.25019996,15.37080181,14.48609224,16.4
17.24742831,17.39721218,16.37973889,15.49878557,14.61054571,16.5
17.26340797,17.41728917,16.50936208,15.62758958,14.73647306,16.6
17.30469004,17.47242086,16.63890643,15.75606245,14.86179367,16.7
17.3463591,17.52537663,16.76840764,15.88468857,14.98741577,16.8
17.38192274,17.56766013,16.89783838,16.01355974,15.11354232,16.9
17.41178626,17.6001573,17.027152,16.14263861,15.24014652,17
17.4565615,17.65440603,17.15642788,16.27153851,15.36639565,17.1
17.48043985,17.67616812,17.28544353,16.40081566,15.49359027,17.2
17.49851441,17.68803472,17.41418218,16.53022654,15.62128061,17.3
17.53648732,17.73011766,17.54292995,16.65951191,15.74868598,17.4
17.56779115,17.76161653,17.67139037,16.78887112,15.87647559,17.5
17.57645248,17.7571394,17.79917266,16.91830028,16.00502586,17.6
17.58734604,17.75831559,17.92663567,17.04766395,16.13372648,17.7
17.58883912,17.7456328,18.05344506,17.1768897,16.26276467,17.8
17.59057537,17.73560477,18.17976578,17.30595657,16.39194118,17.9
17.59638034,17.73349359,18.30565219,17.43485602,16.52119091,18
17.61206985,17.7472847,18.43127925,17.56363156,16.65043198,18.1
17.62364368,17.75598885,18.5563062,17.69215821,16.77974257,18.2
17.65021702,17.78696457,18.68127026,17.82062292,16.90897887,18.3
17.68899209,17.83444561,18.80617025,17.94902423,17.03813889,18.4
17.73238775,17.88596006,18.93067761,18.07723197,17.16729778,18.5
17.76920959,17.92792902,19.05449578,18.20511854,17.2964758,18.6
17.80039609,17.96162676,19.17757548,18.33263707,17.42563509,18.7
17.79162802,17.93200961,19.29799105,18.4587167,17.5545781,18.8
17.78732772,17.91216118,19.41749367,18.58422847,17.68331375,18.9
17.76016827,17.85786496,19.53463549,18.70824848,17.81144723,19
17.74994339,17.83244549,19.6509875,18.83170085,17.93928513,19.1
17.73692673,17.80686442,19.76615431,18.95434822,18.06671129,19.2
17.70384433,17.75200925,19.87867266,19.07514679,18.19313115,19.3
17.67353602,17.7051708,19.9896588,19.19481403,18.31887135,19.4
17.65221007,17.67360778,20.09936545,19.31349594,18.44398479,19.5
17.62743724,17.63961693,20.20734299,19.43087166,18.56826361,19.6
17.61071581,17.61771109,20.31395142,19.54715238,18.69179826,19.7
17.58783818,17.58921791,20.41865256,19.66195442,18.814336,19.8
17.56714208,17.56531339,20.52177931,19.77548803,18.93598048,19.9
17.55209434,17.54792659,20.62311018,19.88752311,19.05652802,20
17.53858783,17.53205674,20.72251658,19.99794981,19.17588145,20.1
17.5292301,17.52178497,20.82030067,20.10698529,19.2941712,20.2
17.5154895,17.5059846,20.91590791,20.21419401,19.41107238,20.3
17.51095092,17.50126618,21.00998417,20.32000659,19.52683763,20.4
17.50664402,17.49582905,21.10195154,20.42396297,19.64111577,20.5
17.54359991,17.55034343,21.19834673,20.53145179,19.75800339,20.6
17.53489677,17.53474271,21.28614268,20.63170355,19.86926109,20.7
17.55382549,17.56188248,21.37629658,20.73381074,19.98189031,20.8
17.57760909,17.59537904,21.46579943,20.83526533,20.0939375,20.9
17.60782715,17.63629315,21.55476451,20.93613453,20.20543506,21
17.63539188,17.67094584,21.64152174,21.03498432,20.31522834,21.1
17.65992997,17.70049414,21.72631552,21.13203471,20.42348888,21.2
17.66796311,17.70395148,21.80637103,21.22484979,20.52818906,21.3
17.68437859,17.72029534,21.88598361,21.31710573,20.63229863,21.4
17.70181438,17.73818457,21.96409398,21.4078917,20.73506744,21.5
17.73060445,17.77157068,22.04241822,21.49865773,20.83766351,21.6
17.77519329,17.82707118,22.12273769,21.59100556,20.94144793,21.7
17.81504616,17.87516229,22.20095047,21.68137034,21.04346714,21.8
17.86973268,17.94366302,22.28157091,21.77370929,21.14702301,21.9
17.90027126,17.97599834,22.35549937,21.85998486,21.24534106,22
17.91651281,17.98490683,22.42430645,21.94145872,21.33935893,22.1
17.93822637,18.00351373,22.49272448,22.02239214,21.43274343,22.2
17.9728925,18.04277788,22.56290073,22.10473957,21.52720099,22.3
17.98938788,18.05418029,22.62747774,22.18184563,21.61693003,22.4
18.00191208,18.0611556,22.68979391,22.25672099,21.70453242,22.5
18.0123625,18.06608676,22.7499792,22.32944502,21.79004134,22.6
18.02581616,18.0758926,22.80885881,22.40072632,21.87404479,22.7
18.05052379,18.10332982,22.8688334,22.4727901,21.95853607,22.8
18.05590537,18.10144603,22.92273485,22.53905624,22.0376354,22.9
18.09433725,18.15065891,22.98352699,22.61147589,22.12205514,23
18.11159213,18.16645415,23.03720929,22.67707223,22.20010033,23.1
18.12050632,18.16912243,23.08694272,22.73873586,22.27432481,23.2
18.1200046,18.15705534,23.13211005,22.79584091,22.34410286,23.3
18.13914891,18.17767221,23.18085739,22.85607761,22.4165163,23.4
18.13553579,18.16278887,23.22191218,22.90882659,22.48177287,23.5
18.13559208,18.15637543,23.2623558,22.96077566,22.54604181,23.6
18.11950422,18.12520465,23.2964792,23.00645409,22.60418079,23.7
18.11764502,18.11841238,23.3320603,23.05322829,22.6630404,23.8
18.11852106,18.11555364,23.36614326,23.09826669,22.71995681,23.9
18.11753071,18.11003158,23.39779732,23.14070672,22.77413071,24
18.11998187,18.10911792,23.42814455,23.18157093,22.82648421,24.1
18.10786171,18.0842511,23.45167101,23.21552722,22.87192719,24.2
18.11984722,18.09655085,23.4800223,23.25378113,22.92110082,24.3
18.14801695,18.13138335,23.51203457,23.29525434,22.97301794,24.4
18.17765413,18.16692117,23.54339069,23.33583026,23.0237935,24.5
18.18487525,18.16768931,23.56582878,23.36751363,23.06576513,24.6
18.20752887,18.19289548,23.59255454,23.40314325,23.11126829,24.7
18.2452257,18.23995916,23.62412432,23.44327815,23.16086272,24.8
18.2673542,18.26396394,23.64961791,23.47734243,23.20439744,24.9
18.27997717,18.27466072,23.67140824,23.50765585,23.24410378,25
18.28335137,18.27175586,23.68902898,23.53369711,23.2794219,25.1
18.27875409,18.25845867,23.70316091,23.55616293,23.31104134,25.2
18.2857786,18.26398829,23.71973087,23.58077977,23.34448105,25.3
18.3034001,18.28502224,23.7387395,23.60754478,23.37974244,25.4
18.2986543,18.27088259,23.74849257,23.62498428,23.40562342,25.5
18.28502486,18.24383501,23.75357828,23.63759808,23.42650278,25.6
18.24893498,18.18275926,23.74921075,23.64065299,23.43770657,25.7
18.21671825,18.13229385,23.74421626,23.6428854,23.44784158,25.8
18.18891927,18.09152413,23.73876513,23.64444818,23.45705063,25.9
18.15502664,18.04368834,23.72965034,23.64220436,23.46226053,26
18.07701828,17.92878363,23.70420636,23.62360438,23.45103206,26.1
18.00564469,17.83071284,23.67734005,23.60333124,23.43784189,26.2
17.9399551,17.74548947,23.64911916,23.58145998,23.42277264,26.3
17.90613631,17.7108829,23.62937208,23.56777311,23.4155718,26.4
17.88106351,17.68732219,23.61051298,23.55468787,23.40867467,26.5
17.86769012,17.68123134,23.59560241,23.54542605,23.40541713,26.6
17.87215647,17.69989957,23.58756457,23.54289258,23.40869738,26.7
17.87551907,17.71564779,23.5789056,23.53962974,23.41109053,26.8
17.8755624,17.72545774,23.56864545,23.53466123,23.41162483,26.9
17.87185738,17.72818771,23.55614363,23.52730125,23.40958444,27
17.86372427,17.72466248,23.54186408,23.51811326,23.40560217,27.1
17.85147438,17.71553143,23.5258693,23.50716118,23.39974462,27.2
17.83003923,17.69128188,23.5048475,23.49100452,23.38847659,27.3
17.79785484,17.65219457,23.47915468,23.47012828,23.37237032,27.4
17.77142507,17.62198434,23.45419807,23.4498199,23.35665161,27.5
17.74997501,17.59894017,23.42994236,23.43005221,23.34130212,27.6
17.7235093,17.56842306,23.4027423,23.40722762,23.32274463,27.7
17.68683851,17.52191889,23.36976292,23.37844591,23.29802217,27.8
17.63884856,17.45924364,23.33082018,23.34357648,23.26703886,27.9
17.59882072,17.41009876,23.29339851,23.31008703,23.23729301,28
17.58043548,17.3879235,23.26046714,23.28053099,23.2110733,28.1
17.54461178,17.34394509,23.22173689,23.24538536,23.17932482,28.2
17.53862066,17.34635395,23.19692526,23.22425334,23.16168916,28.3
17.52384043,17.33402644,23.16735827,23.19821595,23.13897403,28.4
17.49827865,17.30557038,23.13263777,23.1669567,23.11091659,28.5
17.45817857,17.2565611,23.09138874,23.12915093,23.0762179,28.6
17.40923472,17.19554366,23.04541924,23.08655771,23.03661671,28.7
17.41759308,17.22080684,23.02640956,23.07107539,23.02437231,28.8
17.47301959,17.30409049,23.03279306,23.08090621,23.03749122,28.9
17.4781132,17.31701648,23.01190648,23.06320828,23.02271581,29
17.51234474,17.36976235,23.00697983,23.06150842,23.02403114,29.1
17.52373792,17.38933172,22.99073362,23.04842443,23.01381711,29.2
17.53084725,17.40337721,22.97356872,23.03449887,23.00277863,29.3
17.49030398,17.347875,22.93560611,22.99987475,22.97093145,29.4
17.4437936,17.28651566,22.89463449,22.9622556,22.93605288,29.5
17.39415085,17.222813,22.8512175,22.92214389,22.89861013,29.6
17.34177886,17.15725102,22.80547865,22.87966447,22.85873145,29.7
17.3018385,17.11308807,22.764586,22.84203927,22.82373441,29.8
17.27611252,17.0906344,22.72960931,22.81030481,22.79464039,29.9
17.2260831,17.0320133,22.68322228,22.76712935,22.753975,30
17.1684942,16.96422868,22.63297546,22.72011267,22.70943526,30.1
17.08935954,16.86405808,22.57110915,22.66133589,22.65293003,30.2
17.07792126,16.86537086,22.53845237,22.63166903,22.62570437,30.3
17.02845639,16.80747531,22.48579219,22.58175445,22.57788693,30.4
16.99544723,16.7747412,22.44025198,22.53893201,22.537195,30.5
16.96148677,16.74136758,22.39455049,22.49599509,22.49640882,30.6
16.97196655,16.76951264,22.37115419,22.47529574,22.47798291,30.7
16.97521266,16.78589415,22.34453469,22.45135021,22.45625496,30.8
16.9845213,16.80926715,22.3217962,22.43127306,22.43840278,30.9
16.97169756,16.80049986,22.28830795,22.40047655,22.40975277,31
16.95803203,16.79191994,22.25576777,22.3707639,22.38227487,31.1
16.90588713,16.72773163,22.20560981,22.32357117,22.33725162,31.2
16.85982421,16.67440106,22.15732881,22.27821414,22.29404971,31.3
16.81761009,16.62727553,22.10978831,22.23352294,22.25146672,31.4
16.78713564,16.59924488,22.06828347,22.19492781,22.21506743,31.5
16.73757982,16.54351466,22.0175608,22.14715659,22.16943618,31.6
16.68908132,16.49096757,21.96703391,22.09960595,22.12404223,31.7
16.61585,16.40427809,21.90545727,22.04116666,22.06776889,31.8
16.50819266,16.27038414,21.82871262,21.96777981,21.99656116,31.9
16.41598358,16.16410587,21.75588721,21.89821416,21.92915714,32
16.3614165,16.11270655,21.69719218,21.84249425,21.87554391,32.1
16.30500995,16.05914321,21.63766511,21.78599973,21.82118844,32.2
16.2701058,16.03471553,21.58762471,21.73885132,21.77616816,32.3
16.24652468,16.02556794,21.54401092,21.69815303,21.73766394,32.4
16.19987995,15.9818741,21.4887738,21.64586274,21.68748761,32.5
16.14225361,15.92070469,21.42689812,21.58685682,21.63048912,32.6
16.10986603,15.89488684,21.37638704,21.5390254,21.58463867,32.7
16.09081943,15.88777236,21.3336872,21.49902675,21.54669701,32.8
16.07184702,15.87796327,21.29052394,21.45843954,21.50807604,32.9
16.03967254,15.84952127,21.24153321,21.41215331,21.46378996,33
16.0077039,15.82213733,21.19356787,21.36697829,21.4206786,33.1
15.96636467,15.77958576,21.13995285,21.31608205,21.3717515,33.2
15.90216918,15.70192291,21.07307838,21.25185061,21.30932995,33.3
15.8468451,15.63878472,21.0096029,21.1909335,21.25020323,33.4
15.7991552,15.58728106,20.94928569,21.13309471,21.19413394,33.5
15.7340973,15.51158396,20.88011232,21.06651306,21.12932673,33.6
15.652999,15.41444543,20.80247919,20.99158009,21.0561762,33.7
15.59787675,15.35650974,20.73645272,20.92805438,20.9944108,33.8
15.5703186,15.33520092,20.68334416,20.87709672,20.94509206,33.9
15.54889492,15.32027419,20.63325259,20.82901321,20.89857626,34
15.55642015,15.34442008,20.60154067,20.79924799,20.87047337,34.1
15.58465733,15.39393489,20.58406752,20.78363542,20.8565572,34.2
15.61029777,15.43853495,20.56636999,20.76783518,20.84246431,34.3
15.63680937,15.48137501,20.54956739,20.7527938,20.82903555,34.4
15.67221947,15.53443143,20.53982205,20.74477053,20.82263519,34.5
15.70287253,15.5792322,20.52774058,20.7343715,20.81380573,34.6
15.71746047,15.60213036,20.50727171,20.71578422,20.79685171,34.7
15.72311048,15.61166751,20.48204339,20.69247264,20.77515535,34.8
15.7160235,15.60432347,20.45102183,20.66359142,20.74798859,34.9
15.69801021,15.58149853,20.41412227,20.62890576,20.71501895,35
15.68606449,15.5672511,20.38023033,20.59710162,20.68486916,35.1
15.69579113,15.58333075,20.35921482,20.57796964,20.66734655,35.2
15.69520231,15.58484139,20.33294375,20.55369499,20.64471233,35.3
15.69034045,15.57927044,20.30390023,20.5265876,20.61918214,35.4
15.70133709,15.59751685,20.28594418,20.51058954,20.60484909,35.5
15.72638567,15.63459058,20.27759884,20.50411826,20.60004486,35.6
15.75465864,15.67433365,20.27162767,20.49992107,20.59745585,35.7
15.78407674,15.71321348,20.26614951,20.49604803,20.59507483,35.8
15.809418,15.74652926,20.25941926,20.49103524,20.59161113,35.9
15.81908737,15.75802441,20.2441148,20.47764332,20.57983174,36
15.82193935,15.75957335,20.22496203,20.46043578,20.56422718,36.1
15.80929369,15.73975834,20.19748959,20.43510616,20.54056815,36.2
15.79231834,15.71407499,20.16698862,20.4067204,20.5138135,36.3
15.76721627,15.6778345,20.13174853,20.37366809,20.48240659,36.4
15.75030365,15.65464417,20.10062607,20.34460696,20.45494067,36.5
15.74140481,15.64307876,20.07357976,20.31946575,20.4313225,36.6
15.72836634,15.62616547,20.04429607,20.29213521,20.40553037,36.7
15.69926132,15.58695574,20.00585042,20.25582149,20.37080746,36.8
15.67530377,15.5584665,19.97155118,20.22376482,20.34044589,36.9
15.67426846,15.56196056,19.9498526,20.20396422,20.32220461,37
15.66891845,15.55987683,19.92643379,20.18255874,20.30241935,37.1
15.6618148,15.5541118,19.90135296,20.15940744,20.28082167,37.2
15.65173997,15.54460905,19.87499442,20.13504798,20.25805142,37.3
15.63892743,15.53177829,19.84742914,20.10954679,20.23417304,37.4
15.61231555,15.50351178,19.81488097,20.07956093,20.20609676,37.5
15.57436019,15.46392335,19.77890899,20.04661985,20.17534292,37.6
15.56324567,15.45990045,19.75536757,20.02553767,20.15616829,37.7
15.57746814,15.4875916,19.74554144,20.01764788,20.14993428,37.8
15.60029039,15.52464597,19.74101098,20.01484997,20.14868689,37.9
15.62732868,15.56587392,19.73967131,20.0151606,20.15050693,38
15.65029699,15.60120793,19.73685752,20.01410826,20.1510201,38.1
15.654682,15.61069697,19.72347955,20.00278367,20.14137993,38.2
15.65848934,15.61796431,19.70917058,19.99042691,20.13063451,38.3
15.67504651,15.64154674,19.70215914,19.98507588,20.12674849,38.4
15.68864863,15.65924733,19.69279319,19.97728242,20.12034547,38.5
15.70659232,15.68287551,19.68677489,19.97279314,20.11723446,38.6
15.74237747,15.7303185,19.69298478,19.98028759,20.1260134,38.7
15.75918711,15.75183592,19.68811955,19.9770562,20.1242226,38.8
15.78022172,15.77812104,19.68575133,19.97617785,20.12470273,38.9
15.79784013,15.79812823,19.6807527,19.9725979,20.12241639,39
15.84157692,15.85333298,19.69340836,19.98626293,20.13720293,39.1
15.87434656,15.89296568,19.69934672,19.99337723,20.14550357,39.2
15.89626226,15.91707662,19.6987141,19.99408411,20.1474606,39.3
15.91552658,15.9384744,19.6975953,19.99445029,20.14916363,39.4
15.92833129,15.95077632,19.69274503,19.99118639,20.14727736,39.5
15.95873419,15.98859879,19.69996508,19.99977815,20.15717229,39.6
15.97942118,16.01183109,19.70091419,20.0021928,20.16091183,39.7
15.99686025,16.03086595,19.70043351,20.00326717,20.16335713,39.8
16.01045275,16.04526924,19.69834148,20.00285831,20.16438928,39.9
16.01957439,16.05458575,19.69445705,20.00082409,20.16389021,40
16.04545918,16.08821528,19.70154888,20.00952024,20.17402164,40.1
16.07855195,16.13131586,19.71369385,20.02314834,20.1890291,40.2
16.11984619,16.18321231,19.73055469,20.04119052,20.2082763,40.3
16.18606706,16.26578519,19.76483806,20.07612353,20.24414513,40.4
16.25621042,16.35203818,19.80266053,20.11450762,20.28341386,40.5
16.31814262,16.42714579,19.83531574,20.14789236,20.31776114,40.6
16.37472692,16.49481902,19.86512415,20.17857229,20.34947455,40.7
16.41418456,16.53895462,19.88434931,20.19904545,20.37116621,40.8
16.44809574,16.57322703,19.89899812,20.21486311,20.38812564,40.9
16.46870637,16.58727673,19.90448559,20.2216522,20.39609191,41
16.48789492,16.59988875,19.90892834,20.22738488,20.40298793,41.1
16.51741484,16.62866686,19.92035897,20.23992603,20.41661216,41.2
16.54476878,16.65518974,19.93107524,20.25184747,20.42967066,41.3
16.57685963,16.68831186,19.94475524,20.26658812,20.44546846,41.4
16.62060252,16.73682866,19.9658003,20.28835361,20.46810521,41.5
16.66420408,16.78419326,19.98672126,20.30992841,20.49050341,41.6
16.6976982,16.81720325,20.00132398,20.32540265,20.50690666,41.7
16.73389922,16.85446448,20.01818946,20.34310313,20.52552046,41.8
16.75582862,16.87128272,20.02597862,20.3520225,20.53549517,41.9
16.77461235,16.88371445,20.03136224,20.35853763,20.54305425,42
16.77269672,16.86520561,20.0226742,20.35129473,20.53698422,42.1
16.7853662,16.87062772,20.02292015,20.35266157,20.53936729,42.2
16.80903582,16.89344223,20.03077163,20.36144539,20.54908468,42.3
16.83423971,16.91889467,20.03997958,20.37157053,20.56013887,42.4
16.84124011,16.91520898,20.03503332,20.36762854,20.55711344,42.5
16.86393584,16.93558905,20.04040786,20.37365502,20.56388327,42.6
16.89853564,16.97268616,20.05391196,20.38751277,20.57832898,42.7
16.90739127,16.97200307,20.04962942,20.38406563,20.57569393,42.8
16.92739092,16.98937071,20.05344505,20.38854751,20.5809195,42.9
16.94284,17.00162002,20.05518378,20.3911606,20.58439903,43
16.94211715,16.99088561,20.04631516,20.38352504,20.57780915,43.1
16.94641379,16.98698968,20.03890117,20.37701942,20.57215419,43.2
16.97002787,17.0112953,20.04424706,20.38278472,20.57851776,43.3
16.99695725,17.03982879,20.05189471,20.390738,20.58700491,43.4
17.03632845,17.08617347,20.06946863,20.40844227,20.60516876,43.5
17.07147735,17.12656717,20.08476708,20.42402245,20.62129264,43.6
17.1111905,17.1722188,20.10332028,20.44269746,20.64041807,43.7
17.1500549,17.21525655,20.12093383,20.46034901,20.65845862,43.8
17.18954751,17.25893888,20.13954635,20.47901197,20.67751862,43.9
17.2337396,17.30877702,20.16210844,20.50153539,20.70039257,44
17.27343018,17.35238516,20.18212641,20.5216793,20.72097912,44.1
17.27742217,17.342922,20.17613285,20.5165064,20.71658588,44.2
17.28160478,17.335305,20.16994013,20.51109572,20.71193282,44.3
17.29524776,17.34204636,20.16937755,20.51096523,20.71236312,44.4
17.30612397,17.34534884,20.16670294,20.50875561,20.71072793,44.5
17.30881847,17.33683425,20.1575629,20.50017697,20.70276094,44.6
17.34299587,17.37514354,20.17191794,20.51443433,20.71729978,44.7
17.38187201,17.418226,20.18916352,20.53132334,20.73430994,44.8
17.44583686,17.49385523,20.2267943,20.56803759,20.77083975,44.9
17.52821428,17.59188711,20.28164596,20.62176143,20.82427459,45
17.60778561,17.68576795,20.33457119,20.67363888,20.87590368,45.1
17.66968609,17.75624083,20.37273803,20.71110532,20.91330565,45.2
17.73429019,17.82896392,20.41315434,20.7506902,20.95273991,45.3
17.78970919,17.888055,20.44594085,20.78277085,20.9847246,45.4
17.84073274,17.94105511,20.47588689,20.81217116,21.01412008,45.5
17.88744934,17.98817184,20.50308409,20.83898077,21.04101506,45.6
17.91625846,18.00971142,20.51690161,20.85287177,21.05524335,45.7
17.93050131,18.0109857,20.52038589,20.85684675,21.05978733,45.8
17.94289349,18.01132651,20.52266663,20.85968011,21.06322693,45.9
17.92934565,17.97422051,20.50624201,20.84448068,21.04899736,46
17.89343206,17.906969,20.47437342,20.81448879,21.02033693,46.1
17.83976346,17.81885558,20.43081575,20.77340441,20.9809265,46.2
17.75716085,17.69236418,20.36680726,20.7126499,20.92227268,46.3
17.63449719,17.5141926,20.27668872,20.62706252,20.83950068,46.4
17.5353935,17.38134442,20.19630895,20.55017051,20.7648544,46.5
17.47068489,17.30443623,20.13625562,20.49241952,20.70871075,46.6
17.43452812,17.26965298,20.09511988,20.45268966,20.67010372,46.7
17.41399193,17.25685677,20.06560466,20.42418524,20.64251552,46.8
17.409062,17.26478692,20.04819569,20.40741234,20.62645944,46.9
17.4210613,17.29356375,20.04386415,20.40325696,20.62276328,47
17.42874273,17.31625999,20.03768372,20.39752138,20.61764901,47.1
17.41791673,17.31263104,20.0180198,20.37883038,20.59987528,47.2
17.40693123,17.30836782,19.99854045,20.36035062,20.5823309,47.3
17.37263493,17.27291618,19.96394181,20.32762869,20.55105352,47.4
17.32089465,17.21311197,19.91662651,20.28268702,20.50783733,47.5
17.24000934,17.11375531,19.84950183,20.21890375,20.44633311,47.6
17.12785569,16.97320974,19.76099119,20.13476495,20.3650639,47.7
17.05280707,16.89261908,19.69532893,20.0721848,20.30464641,47.8
16.9936664,16.83289157,19.63699726,20.01607965,20.25020894,47.9
16.96218267,16.80796768,19.5948496,19.9748614,20.20989777,48
16.95994746,16.82033811,19.57430161,19.95425243,20.18961873,48.1
16.97145875,16.84551613,19.56224593,19.94133378,20.17653104,48.2
16.99458981,16.88034135,19.55718249,19.93459719,20.16910716,48.3
17.01714446,16.91448982,19.55381371,19.92984283,20.16384686,48.4
17.03914595,16.94800195,19.55202839,19.92693721,20.16060171,48.5
17.05996765,16.98032524,19.55141358,19.92549964,20.15901083,48.6
17.1266099,17.06575923,19.58967868,19.96149597,20.19394827,48.7
17.21329286,17.17146567,19.64827143,20.01748088,20.24863939,48.8
17.31138461,17.28773549,19.72012395,20.0867601,20.31663008,48.9
17.41991282,17.4118407,19.80470442,20.16880119,20.39737561,49
17.53001205,17.53669516,19.89167368,20.25329742,20.48060924,49.1
17.62414316,17.64704939,19.96025333,20.31945171,20.54555604,49.2
17.71078421,17.74877137,20.02141959,20.378354,20.60335699,49.3
17.79009923,17.84161648,20.07593882,20.43084567,20.65489986,49.4
17.83765442,17.89163968,20.09970355,20.45313073,20.67657677,49.5
17.88347069,17.93853033,20.12211918,20.4740738,20.69690777,49.6
17.92763989,17.98252532,20.14326142,20.49374951,20.71596723,49.7
17.95989624,18.00885198,20.15336377,20.5025779,20.72428929,49.8
17.97746716,18.01386646,20.15034699,20.49860181,20.71999343,49.9
17.99544147,18.02027635,20.14781927,20.4950504,20.71607689,50
18.01312579,18.02647617,20.14463968,20.49071824,20.71129092,50.1
18.03116872,18.03388832,20.14196161,20.48683882,20.70692238,50.2
18.04896193,18.04172997,20.13944073,20.48312099,20.70271462,50.3
18.06707525,18.05056193,20.13737132,20.47981093,20.69888271,50.4
18.10513197,18.08843471,20.1545503,20.49536112,20.71366482,50.5
18.16798719,18.15980523,20.19673415,20.53558307,20.75289874,50.6
18.23674724,18.23850958,20.24570579,20.58263515,20.7989851,50.7
18.29343958,18.30067576,20.28295767,20.61818329,20.83370701,50.8
18.34521401,18.35647682,20.31656042,20.65034455,20.86521101,50.9
18.38112089,18.39027123,20.33577078,20.66853178,20.88300814,51
18.40754455,18.40998749,20.34570378,20.67754518,20.89169174,51.1
18.43288523,18.42857513,20.35482767,20.68576066,20.89958115,51.2
18.46503207,18.45783369,20.37113303,20.70109241,20.91454341,51.3
18.49373118,18.48298434,20.38512753,20.71430589,20.9275095,51.4
18.51670593,18.50034012,20.39413439,20.72268366,20.93573472,51.5
18.55487619,18.53893075,20.41701678,20.74448622,20.95708968,51.6
18.59489672,18.57912357,20.4410612,20.76727572,20.9793127,51.7
18.63335308,18.61679599,20.46363629,20.78860364,21.00007578,51.8
18.67132451,18.65577401,20.48814881,20.81226005,21.02342169,51.9
18.70999447,18.69784768,20.51584539,20.83947243,21.05056326,52
18.75756735,18.75000361,20.55032963,20.87297952,21.08367368,52.1
18.83336386,18.83772055,20.61242739,20.93353757,21.14344445,52.2
18.91655277,18.93377465,20.68247222,21.00201046,21.21109762,52.3
19.00302533,19.03360173,20.75663909,21.07470361,21.28303023,52.4
19.08507444,19.12790829,20.82664984,21.14337148,21.3510279,52.5
19.16399779,19.2175029,20.89335146,21.20874761,21.41574586,52.6
19.2395966,19.30216593,20.95665206,21.27076239,21.47712938,52.7
19.30104684,19.36727113,21.00547352,21.31848526,21.52435499,52.8
19.35860346,19.42697759,21.05082079,21.36285881,21.56831342,52.9
19.41267488,19.48177004,21.0929919,21.40415088,21.60925214,53
19.47810073,19.55175445,21.14639571,21.45642337,21.66099188,53.1
19.55380846,19.63503685,21.21051366,21.51927789,21.72321148,53.2
19.62617079,19.71335815,21.27121,21.57875431,21.78208328,53.3
19.69568832,19.78775791,21.32939793,21.63582971,21.83862603,53.4
19.74176852,19.82833626,21.36337449,21.66900099,21.87148886,53.5
19.78620295,19.86658429,21.39548149,21.700261,21.90241127,53.6
19.82441549,19.89631762,21.42165635,21.72572658,21.92763211,53.7
19.85858654,19.92084642,21.44401278,21.74745113,21.94916307,53.8
19.88540177,19.93595768,21.45995638,21.76302464,21.9647173,53.9
19.90520945,19.94302177,21.47061953,21.77369112,21.97560959,54
19.92051941,19.94448139,21.47670798,21.77980496,21.98196533,54.1
19.93829779,19.9512555,21.48553636,21.78859834,21.99095621,54.2
19.96497855,19.97197324,21.50300389,21.80576475,22.00813573,54.3
20.00620702,20.01452194,21.53566578,21.83791596,22.04014422,54.4
20.03653249,20.04134498,21.55733477,21.85925424,22.06146832,54.5
20.07144564,20.07459594,21.58316831,21.88456708,22.08663579,54.6
20.11355201,20.11848265,21.61673493,21.91753872,22.11940189,54.7
20.15126823,20.15610953,21.64599035,21.94628557,22.14800377,54.8
20.17270249,20.17087626,21.65953614,21.95972985,22.16158753,54.9
20.18653756,20.17538231,21.6657527,21.96600933,22.16812093,55
20.19896764,20.17830248,21.6700013,21.97021344,22.17250969,55.1
20.21086358,20.1813798,21.67370773,21.97383961,22.17629564,55.2
20.20652724,20.16116939,21.66094182,21.96125821,22.16406712,55.3
20.21675593,20.16576196,21.66472243,21.96516495,22.1682614,55.4
20.22381711,20.16736655,21.66643332,21.96720629,22.1707238,55.5
20.240887,20.18292353,21.67691021,21.97756811,22.18120317,55.6
20.24399216,20.17819371,21.67292206,21.97365968,22.17756058,55.7
20.24007221,20.166772,21.66502077,21.96643854,22.1709967,55.8
20.20237103,20.10892697,21.62705053,21.93041645,22.1364917,55.9
20.15974002,20.0461524,21.58333251,21.88854342,22.09607957,56
20.1189329,19.98893465,21.54095084,21.8477917,22.05664712,56.1
20.08760107,19.94586697,21.50507341,21.81279084,22.02247043,56.2
20.07909435,19.93714958,21.49184946,21.79984038,22.00991074,56.3
20.06996811,19.92818072,21.47853175,21.78686695,21.99737258,56.4
20.05893261,19.91763487,21.46439659,21.77326267,21.98432386,56.5
20.03221903,19.88603119,21.4359892,21.74592942,21.957922,56.6
20.00658727,19.85539097,21.40686998,21.7175454,21.9302535,56.7
19.96543174,19.80178848,21.36068555,21.67218106,21.88569434,56.8
19.94025449,19.77360169,21.33131936,21.64331509,21.85738714,56.9
19.90854261,19.73728335,21.29618702,21.60891877,21.82371169,57
19.86134765,19.68001718,21.24625728,21.5601566,21.7759783,57.1
19.82990737,19.6460643,21.21106234,21.52552884,21.7419577,57.2
19.83250749,19.65923356,21.20962269,21.52380432,21.74021261,57.3
19.83110739,19.66665716,21.20479637,21.51890039,21.73543115,57.4
19.81963712,19.66003501,21.19041574,21.50476934,21.72165716,57.5
19.80511563,19.65032282,21.17459009,21.48950717,21.70695675,57.6
19.75594781,19.59112185,21.12422653,21.4405844,21.65924668,57.7
19.68272735,19.49854492,21.04993451,21.36831199,21.58861759,57.8
19.5997401,19.39823576,20.96998303,21.29110603,21.51352006,57.9
19.51505596,19.29815898,20.88746748,21.21113327,21.43553131,58
19.44767885,19.2253946,20.82124066,21.14672443,21.37259564,58.1
19.38338798,19.1593688,20.75924208,21.08656042,21.31389889,58.2
19.3278573,19.10505948,20.70415971,21.03277648,21.26122226,58.3
19.28416126,19.06553914,20.65856005,20.98780299,21.21690078,58.4
19.24647421,19.033063,20.61784545,20.94739011,21.17691815,58.5
19.19623295,18.98308926,20.56498583,20.89522418,21.12546924,58.6
19.12920379,18.91200987,20.49809035,20.82985326,21.06138393,58.7
19.01101361,18.76856759,20.38105794,20.71589769,20.94985937,58.8
18.91527788,18.65887077,20.28191163,20.6183185,20.85368671,58.9
18.88198033,18.63773511,20.24524777,20.58143302,20.81685297,59
18.85209107,18.61957147,20.21170156,20.54758207,20.78299357,59.1
18.84138439,18.62609812,20.19816656,20.53343673,20.76858317,59.2
18.8295529,18.63014496,20.18417812,20.51904073,20.75405951,59.3
18.81467048,18.62730779,20.1655884,20.49995748,20.73481476,59.4
18.7962894,18.61763567,20.14237308,20.47622323,20.71092269,59.5
18.77668418,18.60648599,20.11915861,20.45274917,20.68745957,59.6
18.77484732,18.61875218,20.11458287,20.44761155,20.68207708,59.7
18.75871289,18.61279315,20.09786989,20.43110064,20.66585744,59.8
18.75380097,18.62218502,20.0936255,20.42696935,20.66191942,59.9
18.73514105,18.61270106,20.07639265,20.41039833,20.64594415,60
18.70074912,18.58172656,20.04426132,20.37953985,20.61612963,60.1
18.65879185,18.53908478,20.00309899,20.33967621,20.57736723,60.2
18.62164423,18.50297455,19.96581789,20.30338644,20.54196893,60.3
18.60133325,18.49042469,19.94548451,20.28353175,20.52261101,60.4
18.59766445,18.50081366,19.94293422,20.2811561,20.52046961,60.5
18.60969598,18.5291969,19.95439082,20.29216713,20.53127318,60.6
18.65114175,18.59252784,19.99464024,20.3311956,20.5694961,60.7
18.68171333,18.64072492,20.02368648,20.35934789,20.59710543,60.8
18.69970827,18.67198789,20.0406575,20.37593169,20.61352708,60.9
18.71310148,18.69714392,20.05402435,20.38924894,20.62691757,61
18.72050977,18.71319619,20.06110104,20.39647056,20.63436958,61.1
18.72590135,18.72422708,20.06423596,20.3995789,20.63762368,61.2
18.72586436,18.72639757,20.06069352,20.39603131,20.63427012,61.3
18.72603084,18.72849501,20.05705259,20.39233843,20.63074213,61.4
18.72417144,18.72835654,20.05207569,20.38748193,20.62616557,61.5
18.70966425,18.71068836,20.03439809,20.37035994,20.60966275,61.6
18.69672873,18.69649849,20.01909631,20.35563529,20.59555412,61.7
18.66701577,18.66089977,19.98902494,20.32700857,20.56816214,61.8
18.64397451,18.63609573,19.96579457,20.30492674,20.54708719,61.9
18.5810283,18.55264204,19.89999895,20.24141241,20.48552971,62
18.53768867,18.50017145,19.8531834,20.1958142,20.4410943,62.1
18.48058703,18.43001463,19.79303166,20.13737162,20.38418754,62.2
18.41078747,18.3442875,19.72064168,20.06711135,20.31578215,62.3
18.41649468,18.36476615,19.72445028,20.07020102,20.31849162,62.4
18.43076976,18.39467234,19.73659957,20.08140564,20.32913787,62.5
18.46562566,18.44867851,19.76916804,20.11246647,20.35918788,62.6
18.47410392,18.46690556,19.77432098,20.11692469,20.36330856,62.7
18.48002763,18.48134142,19.77743964,20.11957222,20.36577666,62.8
18.4697619,18.47224239,19.76311746,20.10524608,20.35167251,62.9
18.46175496,18.46557227,19.75038556,20.09232093,20.33883904,63
18.45171244,18.45700073,19.73673855,20.07872169,20.32548703,63.1
18.44240293,18.44833014,19.72262134,20.06444494,20.31132935,63.2
18.42550096,18.43037151,19.70216137,20.04430161,20.2916419,63.3
18.389519,18.38654188,19.66291438,20.00617056,20.25458539,63.4
18.32741507,18.305849,19.5960331,19.94122269,20.19140065,63.5
18.24323623,18.19790375,19.50885285,19.85699584,20.10968686,63.6
18.18908876,18.134204,19.44876259,19.79781055,20.05152221,63.7
18.14263515,18.08534086,19.39989967,19.74990723,20.00457702,63.8
18.05407317,17.97452574,19.30438839,19.65648755,19.9131458,63.9
17.94939297,17.84838045,19.19784221,19.553191,19.81259399,64
17.85192965,17.73874897,19.10128554,19.45961099,19.72147846,64.1
17.76443446,17.64370185,19.01235033,19.37267027,19.63632012,64.2
17.67558647,17.54900622,18.92294419,19.28528581,19.55071827,64.3
17.58159124,17.45185118,18.83243664,19.19742961,19.46501933,64.4
17.47844886,17.34950133,18.74017044,19.10902061,19.37949396,64.5
17.37156454,17.24591407,18.64716095,19.02027734,19.29387834,64.6
17.25964792,17.13966246,18.55266314,18.93057609,19.20762758,64.7
17.15739761,17.04617583,18.46543805,18.84735636,19.12733216,64.8
17.0582394,16.95655583,18.38026755,18.76589825,19.04861073,64.9
16.99044552,16.90780303,18.32361064,18.71120813,18.99538708,65
16.87415562,16.79185019,18.22074369,18.61292216,18.9005264,65.1
16.76908918,16.69168029,18.1268706,18.52271319,18.81311319,65.2
16.72025308,16.66202986,18.08135471,18.47734178,18.76802335,65.3
16.73668734,16.71019903,18.09845036,18.49189276,18.78075924,65.4
16.75266216,16.75270251,18.11273544,18.50363131,18.79072938,65.5
16.80262931,16.83115024,18.16024957,18.54767045,18.83222134,65.6
16.84869505,16.90279798,18.20341668,18.58766254,18.86991402,65.7
16.8904217,16.96733586,18.24209482,18.62351492,18.90374528,65.8
16.89730095,16.98567203,18.24479709,18.62482972,18.90423181,65.9
16.89050879,16.98507939,18.23431178,18.61376603,18.89295933,66
16.84702486,16.93207213,18.18573177,18.56633354,18.84671894,66.1
16.8554871,16.95009618,18.1884386,18.56741464,18.84682167,66.2
16.86494912,16.96739719,18.19126558,18.5685634,18.84696855,66.3
16.918905,17.0412574,18.24181098,18.61618003,18.89243629,66.4
16.97256691,17.11311128,18.29190057,18.66351828,18.93776634,66.5
17.01970909,17.17632386,18.33600812,18.70536918,18.97799025,66.6
17.05640176,17.2235345,18.36781819,18.7352684,19.00659802,66.7
17.0716699,17.23916534,18.37519501,18.74146476,19.01218803,66.8
17.08046663,17.24659859,18.37696404,18.74253637,19.01300579,66.9
17.08742876,17.25190815,18.37730348,18.74232782,19.01264791,67
17.09271117,17.2553531,18.37635069,18.74095897,19.01122175,67.1
17.08808365,17.24433131,18.3642011,18.7287449,18.99927601,67.2
17.08899898,17.24210931,18.35829261,18.72248451,18.99303471,67.3
17.10465278,17.25902167,18.3662175,18.72910131,18.99893853,67.4
17.0595322,17.19224187,18.31438896,18.6796828,18.95170872,67.5
17.0489716,17.17818587,18.29828071,18.66373196,18.93615649,67.6
17.03581489,17.16119002,18.27978139,18.6455033,18.91841275,67.7
16.96212129,17.05682258,18.1978577,18.56714182,18.84323469,67.8
16.89868233,16.97324934,18.12706285,18.49880315,18.7772184,67.9
16.84924925,16.91130503,18.06875643,18.44149536,18.72116013,68
16.81790304,16.8771498,18.03048216,18.40318931,18.68321535,68.1
16.76890511,16.81813435,17.97323905,18.34670936,18.62777862,68.2
16.72852753,16.77429775,17.92735736,18.30126625,18.58302151,68.3
16.62340912,16.63767673,17.81307412,18.19091492,18.47626097,68.4
16.53128978,16.52717294,17.71439773,18.09500149,18.3829568,68.5
16.45635837,16.44296132,17.63224881,18.01403927,18.30339844,68.6
16.38299427,16.36178731,17.55126172,17.93387199,18.22436099,68.7
16.32215936,16.29952556,17.48431181,17.86703044,18.15801999,68.8
16.26441599,16.24215521,17.42146739,17.80420403,18.09557695,68.9
16.21246251,16.19310537,17.36550851,17.74806286,18.03961028,69
16.16144926,16.14688011,17.31299974,17.6956819,17.98755257,69.1
16.1220618,16.11341583,17.26983788,17.65173281,17.94327061,69.2
16.09862341,16.10067092,17.24392083,17.62442901,17.91508564,69.3
16.06987463,16.07990557,17.21287234,17.59248254,17.88263836,69.4
16.02427054,16.03413471,17.16260721,17.54210138,17.83247496,69.5
15.98599255,15.99886448,17.12078683,17.49988351,17.79020235,69.6
15.92431743,15.93129492,17.05460492,17.43464777,17.72603057,69.7
15.86167286,15.86282005,16.9867861,17.36761858,17.65997556,69.8
15.80613229,15.80548773,16.92710604,17.30830325,17.60125788,69.9
15.7624523,15.76402162,16.87929498,17.26009288,17.55302854,70
15.72995624,15.73622847,16.84211811,17.22182342,17.51419258,70.1
15.68614751,15.69192761,16.79233487,17.17154735,17.46388407,70.2
15.6412938,15.64736303,16.74303564,17.12204099,17.41451207,70.3
15.58502359,15.58831393,16.68314874,17.06278269,17.3560314,70.4
15.55240378,15.560569,16.64685146,17.02558218,17.31837222,70.5
15.51316619,15.52335882,16.60367358,16.98196517,17.27468089,70.6
15.489022,15.50572032,16.57616444,16.9532342,17.24520805,70.7
15.48468473,15.51234053,16.56875341,16.94365303,17.23407793,70.8
15.48431828,15.52344175,16.5663252,16.93919527,17.22813365,70.9
15.44932835,15.4869357,16.52662148,16.89938431,17.18852188,71
15.42177956,15.45955741,16.4934613,16.86549484,17.15436487,71.1
15.41721463,15.46227074,16.48460451,16.85473356,17.14230487,71.2
15.41676126,15.46800768,16.47844258,16.84638559,17.13247453,71.3
15.42318998,15.48251036,16.48056275,16.84629082,17.13080072,71.4
15.45928795,15.53400153,16.5153073,16.87790459,17.15990897,71.5
15.49812745,15.58773709,16.55315589,16.9128051,17.19243344,71.6
15.54263875,15.64524079,16.59479355,16.95119508,17.22825734,71.7
15.58779577,15.70319426,16.63797254,16.99145958,17.26619439,71.8
15.62829056,15.75428741,16.67598764,17.02692653,17.2996664,71.9
15.66702719,15.80129055,16.71090209,17.05936732,17.33023038,72
15.71003856,15.85264813,16.75014891,17.09608084,17.36500454,72.1
15.74641721,15.89463796,16.78194778,17.12575059,17.39311411,72.2
15.77918177,15.93127045,16.80968269,17.15162338,17.41767008,72.3
15.80852613,15.96294258,16.83364027,17.17396937,17.43892442,72.4
15.82592808,15.98039396,16.84705254,17.18682742,17.45150886,72.5
15.82489727,15.97509769,16.84342738,17.18414244,17.44971928,72.6
15.76442334,15.88618162,16.77618041,17.12193617,17.39190883,72.7
15.74101826,15.85584837,16.74987254,17.09736684,17.36897367,72.8
15.70481639,15.80793174,16.70854404,17.05823101,17.33196339,72.9
15.64768913,15.73210122,16.64431027,16.9972504,17.27408191,73
15.59534918,15.66383181,16.58223084,16.93708503,17.2160924,73.1
15.56662323,15.63179636,16.54779348,16.90287038,17.18248451,73.2
15.55690077,15.62638324,16.53504583,16.8892717,17.1684656,73.3
15.54338674,15.61457964,16.51713775,16.87064602,17.14958678,73.4
15.51472591,15.58292179,16.48384279,16.83771894,17.11731239,73.5
15.48635047,15.55323067,16.45238298,16.80671391,17.086959,73.6
15.40573243,15.44973564,16.36252108,16.72056521,17.00442298,73.7
15.34276522,15.37402932,16.29077091,16.65038564,16.93613245,73.8
15.29082528,15.31403435,16.22952439,16.58937202,16.87594008,73.9
15.22349433,15.2326037,16.15000757,16.51066117,16.79866352,74
15.17572151,15.18125689,16.09446209,16.45469202,16.74288336,74.1
15.17016068,15.18930878,16.09007668,16.44824919,16.73479033,74.2
15.13929954,15.16183048,16.05660018,16.41414201,16.70041704,74.3
15.09452891,15.11488402,16.00739662,16.36513445,16.65192006,74.4
15.06355764,15.08425553,15.97018397,16.3267549,16.61300091,74.5
15.05183439,15.08196954,15.95845107,16.31349293,16.59856478,74.6
15.0436706,15.08210475,15.94906221,16.30237583,16.58615431,74.7
15.01055227,15.04713461,15.91067845,16.26364736,16.54750103,74.8
14.9624112,14.99092759,15.8543825,16.2077056,16.49236785,74.9
14.92818114,14.95754999,15.81762083,16.17084468,16.45565225,75
14.92073283,14.95433283,15.80385897,16.15450691,16.43754776,75.1
14.91982935,14.95822551,15.79667462,16.14450458,16.42554579,75.2
14.95107553,15.00523373,15.82981672,16.17443674,16.45266226,75.3
14.99609999,15.06852328,15.87923511,16.22069705,16.49599952,75.4
15.0360084,15.12421304,15.92252209,16.26122606,16.53401633,75.5
15.04750686,15.1407206,15.93127996,16.26829328,16.53983804,75.6
15.07234021,15.17288267,15.95370586,16.28833813,16.55800635,75.7
15.1113709,15.22206487,15.99188192,16.32372629,16.591054,75.8
15.12624994,15.23594902,15.99814399,16.32773651,16.59363504,75.9
15.1586141,15.27417308,16.02689887,16.35395488,16.6178696,76
15.20799977,15.33518319,16.07757573,16.40207684,16.66369809,76.1
15.22765996,15.3539321,16.0898771,16.41253936,16.67299981,76.2
15.21844371,15.32830439,16.06170257,16.38291265,16.64322244,76.3
15.24327051,15.35391745,16.07940141,16.39826018,16.65691355,76.4
15.24513348,15.34504955,16.06553763,16.38238949,16.64019651,76.5
15.24327615,15.33252351,16.04873582,16.36390779,16.62108819,76.6
15.21835179,15.28790073,16.00371328,16.31815598,16.57582431,76.7
15.19364429,15.2475505,15.96260273,16.27652919,16.53463517,76.8
15.14318453,15.17084186,15.88884585,16.20303064,16.46264654,76.9
15.08879389,15.09086889,15.81014023,16.12402605,16.38474032,77
15.04357644,15.02788362,15.74538702,16.05834091,16.31931425,77.1
15.00363707,14.97543642,15.68991831,16.001809,16.26268232,77.2
14.96582465,14.92888832,15.64023146,15.95127817,16.21202407,77.3
14.92978748,14.88606089,15.59381004,15.90394221,16.16442158,77.4
14.89158513,14.84241741,15.54733268,15.8569557,16.11740547,77.5
14.86162278,14.80973537,15.50997847,15.81846438,16.07830105,77.6
14.84601282,14.79632802,15.48996478,15.79675476,16.05531283,77.7
14.84068119,14.79739079,15.48405083,15.78921,16.04632187,77.8
14.83704424,14.79947593,15.47926545,15.78274872,16.03842051,77.9
14.8329399,14.80051011,15.47400979,15.77600264,16.03041027,78
14.83305823,14.80712414,15.47446589,15.77507643,16.0282327,78.1
14.82570751,14.80060684,15.46202992,15.76096705,16.012963,78.2
14.81959025,14.7964768,15.45247469,15.75001706,16.00099678,78.3
14.83979183,14.82709865,15.47560451,15.7712601,16.02036797,78.4
14.86073491,14.85658046,15.49762358,15.79124518,16.03847039,78.5
14.86769006,14.86633067,15.50136121,15.79326943,16.03919467,78.6
14.87321088,14.87407242,15.50361651,15.79400295,16.03880382,78.7
14.8638431,14.85764011,15.48181356,15.77013396,16.013937,78.8
14.85454893,14.84257903,15.46173653,15.74824401,15.99114415,78.9
14.86644361,14.85748278,15.47019977,15.75471853,15.99603785,79
14.89753632,14.89775866,15.50340983,15.78592887,16.02527476,79.1
14.95741422,14.97359502,15.57199598,15.85263199,16.08965948,79.2
15.01457273,15.04589708,15.63760412,15.91659742,16.15157198,79.3
15.07408152,15.11884028,15.70374547,15.98089975,16.2137568,79.4
15.12860946,15.18488658,15.76339742,16.03882706,16.26979342,79.5
15.16281252,15.22253658,15.79520926,16.0688026,16.29832286,79.6
15.19001651,15.25187207,15.8199503,16.09225878,16.32084847,79.7
15.2120458,15.27404471,15.83806255,16.10923,16.3371204,79.8
15.23044257,15.29177567,15.85232646,16.12259104,16.35000931,79.9
15.23853518,15.29839366,15.85771906,16.12812143,16.35590929,80
15.23764507,15.29462455,15.85426281,16.12545037,16.35418257,80.1
15.23661155,15.29108797,15.85062397,16.12241963,16.35194652,80.2
15.23140663,15.28357964,15.84373456,16.11648334,16.34705509,80.3
15.23110279,15.28058939,15.83921325,16.11187665,16.34274371,80.4
15.2158249,15.2624323,15.82332503,16.09767371,16.33016832,80.5
15.16005988,15.18649769,15.75444181,16.03183511,16.26803829,80.6
15.11552246,15.12903223,15.6999259,15.97892116,16.21735302,80.7
15.08178735,15.08838088,15.65958361,15.93926105,16.17886339,80.8
15.03660387,15.03229506,15.60442064,15.88489042,16.12599867,80.9
15.04023543,15.04481939,15.61263121,15.89225048,16.13233577,81
15.07552283,15.09741226,15.65959242,15.9379458,16.17612644,81.1
15.09442244,15.1255934,15.68253835,15.95949713,16.19620513,81.2
15.11882038,15.15999166,15.71173405,15.98730131,16.22248328,81.3
15.14995574,15.20327497,15.75022442,16.02465617,16.25837104,81.4
15.158805,15.21504464,15.7584218,16.03197205,16.26505512,81.5
15.16938839,15.22778749,15.76714469,16.03952949,16.27179569,81.6
15.20157822,15.26923677,15.80372371,16.07472823,16.30548743,81.7
15.23233611,15.30720631,15.83684943,16.10638438,16.33570331,81.8
15.26510482,15.34703132,15.87196254,16.14006458,16.36797511,81.9
15.29262867,15.37990352,15.90085134,16.16783474,16.39471073,82
15.30875148,15.39601772,15.91340043,16.17927983,16.4055129,82.1
15.32170805,15.40729947,15.92117382,16.1859069,16.41156725,82.2
15.34178439,15.42747213,15.93707755,16.20030177,16.42494852,82.3
15.36618185,15.45402679,15.95959511,16.22149151,16.44510061,82.4
15.39045626,15.47933389,15.98064716,16.24104079,16.4635446,82.5
15.41013887,15.49806276,15.99538939,16.25435224,16.47594693,82.6
15.4207175,15.50483956,15.99899408,16.25687317,16.47803574,82.7
15.40888121,15.47955681,15.9714454,16.22840621,16.44997378,82.8
15.40096918,15.46100152,15.94988228,16.20562983,16.427122,82.9
15.39448006,15.44578879,15.93154559,16.18608385,16.40732915,83
15.38623963,15.43014501,15.91335895,16.16704839,16.38820989,83.1
15.37743793,15.4152474,15.89618788,16.14921327,16.3703287,83.2
15.3543174,15.38089334,15.86024278,16.11281955,16.33444047,83.3
15.31616917,15.3261505,15.80431289,16.05650723,16.27907703,83.4
15.24031823,15.21912114,15.69843873,15.95107901,16.17630205,83.5
15.17575792,15.13435561,15.61326172,15.86589181,16.09253489,83.6
15.11196435,15.05119894,15.52749412,15.77897289,16.00608682,83.7
15.06035491,14.98983325,15.46363266,15.71429793,15.94138728,83.8
15.0349467,14.967251,15.43811692,15.68802761,15.91420745,83.9
15.03113267,14.97488136,15.44308261,15.69254448,15.9174663,84
15.02247925,14.9733716,15.43846869,15.68712275,15.91086873,84.1
15.01573667,14.97310202,15.43495282,15.68268191,15.90524192,84.2
14.98786985,14.94464047,15.40455785,15.65194721,15.87437784,84.3
14.96782844,14.92538244,15.38227167,15.6287209,15.85044132,84.4
14.9238294,14.87090207,15.32449365,15.56962469,15.7912571,84.5
14.88255155,14.82287423,15.27378889,15.51803127,15.73957742,84.6
14.83561204,14.77061431,15.22047077,15.46475831,15.68683385,84.7
14.79191521,14.72465462,15.17362822,15.41810786,15.64059354,84.8
14.76018907,14.69319315,15.13955058,15.38327956,15.60523429,84.9
14.72483968,14.65936833,15.10455633,15.348366,15.57037139,85
14.69772494,14.63508717,15.0780167,15.32129751,15.54277647,85.1
14.67162122,14.61252829,15.05353476,15.29647806,15.5175445,85.2
14.65352792,14.59848218,15.03649236,15.27847044,15.49858202,85.3
14.63082092,14.58002744,15.01634863,15.25811399,15.4778841,85.4
14.61204185,14.56469231,14.9983869,15.23937568,15.45842282,85.5
14.5957525,14.55209657,14.98309855,15.22326387,15.44153166,85.6
14.62127263,14.58092785,15.00344541,15.23902517,15.45323165,85.7
14.63691787,14.59893483,15.01435343,15.24633216,15.45746315,85.8
14.64664375,14.61031543,15.01969747,15.24878293,15.45751963,85.9
14.64969296,14.61451073,15.01910237,15.24609521,15.4531686,86
14.64422793,14.60990014,15.01132704,15.23723696,15.44352461,86.1
14.63352105,14.60010294,14.99949255,15.2249889,15.43104177,86.2
14.59339681,14.55057997,14.94854614,15.17396228,15.38099274,86.3
14.59628978,14.56518093,14.96353132,15.18992302,15.39689648,86.4
14.58538915,14.56079111,14.95966103,15.18709205,15.39455557,86.5
14.57160207,14.55310266,14.95285277,15.1815118,15.38968669,86.6
14.5846047,14.57988124,14.97979758,15.20921446,15.41706168,86.7
14.61667362,14.6291656,15.02888497,15.2587863,15.46580214,86.8
14.64494783,14.67123538,15.07020406,15.30026096,15.50648713,86.9
14.65512988,14.68803099,15.08585035,15.31586427,15.52182061,87
14.66464212,14.70291921,15.09933648,15.32914487,15.5348038,87.1
14.65353736,14.68867545,15.08328545,15.31269157,15.51870413,87.2
14.63640779,14.66579346,15.05814577,15.28687983,15.49322776,87.3
14.62385111,14.64920424,15.03889153,15.266676,15.47290012,87.4
14.64169694,14.67502253,15.06300871,15.29030541,15.49558381,87.5
14.65731119,14.69707803,15.08328812,15.31005999,15.5145235,87.6
14.6685975,14.71254151,15.09679697,15.3229528,15.52675245,87.7
14.67586182,14.72203418,15.10420175,15.32967591,15.53294605,87.8
14.66873296,14.71109937,15.09067393,15.31522683,15.51836029,87.9
14.64901387,14.68236553,15.05878808,15.28213303,15.48537597,88
14.63072552,14.65727831,15.0309827,15.25335614,15.45661431,88.1
14.61880833,14.64270081,15.01433512,15.23607639,15.43917863,88.2
14.59057479,14.60418174,14.9725399,15.19300004,15.3961612,88.3
14.56746946,14.57494979,14.94073131,15.16028184,15.36333504,88.4
14.54982498,14.55328554,14.91623402,15.13466221,15.33719613,88.5
14.51674224,14.51117832,14.87133131,15.08876259,15.29138278,88.6
14.47868859,14.46212798,14.81873695,15.03472071,15.23721996,88.7
14.44597855,14.42432982,14.77908731,14.99459581,15.19714572,88.8
14.40424319,14.37354992,14.72555082,14.94007999,15.14266899,88.9
14.36287962,14.32642574,14.67687687,14.8911329,15.09399932,89
14.3300334,14.29086728,14.63932547,14.85294395,15.05548614,89.1
14.30586205,14.26816672,14.61524486,14.82852155,15.03058855,89.2
14.28144515,14.24488723,14.59046476,14.80332944,15.00493573,89.3
14.25696055,14.22237261,14.56693612,14.77968577,14.98103223,89.4
14.23232231,14.199301,14.54266143,14.755181,14.95624414,89.5
14.19133594,14.15458436,14.4967069,14.70912642,14.91059714,89.6
14.14950057,14.10904662,14.44969087,14.66184562,14.86357692,89.7
14.10131152,14.05463781,14.39318157,14.60473443,14.80670323,89.8
14.07134549,14.02667756,14.36407835,14.5753993,14.77702567,89.9
14.00757622,13.95279342,14.28846724,14.49956726,14.70218728,90
13.95203215,13.89353296,14.22862514,14.4400388,14.64337457,90.1
13.89946251,13.83809195,14.17198607,14.38327621,14.58687987,90.2
13.82261645,13.74643806,14.07645789,14.28626127,14.49028992,90.3
13.71344284,13.61313547,13.93966472,14.14857108,14.35444443,90.4
13.60729606,13.48979031,13.81404748,14.02259489,14.22986109,90.5
13.51646969,13.39421475,13.71876952,13.92819839,14.13652796,90.6
13.44151551,13.32031082,13.64473858,13.85456933,14.06302325,90.7
13.3476182,13.22271272,13.54758094,13.75838543,13.96803835,90.8
13.24629393,13.11623373,13.44136166,13.65308615,13.864103,90.9
13.19170526,13.07936444,13.40856638,13.62281354,13.8342137,91
13.06431457,12.94434814,13.27767047,13.49548635,13.71094803,91.1
12.83243447,12.66545267,13.00373314,13.2271881,13.45268436,91.2
12.61347412,12.42881535,12.77711176,13.00803015,13.24156013,91.3
12.42096859,12.23986487,12.59848394,12.83624852,13.07528353,91.4
12.20036434,12.0201468,12.39180252,12.6382328,12.88473729,91.5
12.01238183,11.84878204,12.23129943,12.48453371,12.73565492,91.6
11.86010109,11.72031984,12.10998077,12.36755389,12.62073122,91.7
11.73780118,11.62405174,12.01793459,12.27799395,12.53153893,91.8
11.64379703,11.55540795,11.95063408,12.21140033,12.4638718,91.9
11.57699883,11.51005793,11.90312638,12.16246418,12.41234539,92
11.50765662,11.4620291,11.85505354,12.11438922,12.36293799,92.1
11.43851102,11.41392606,11.80828744,12.06853364,12.31656633,92.2
11.36708328,11.3635141,11.76082361,12.02301416,12.27143135,92.3
11.34027868,11.36026858,11.75700382,12.01858698,12.26479711,92.4
11.34138248,11.38368521,11.77820448,12.03801221,12.28097027,92.5
11.35278187,11.41499815,11.80675863,12.06449844,12.30414064,92.6
11.37017286,11.44939079,11.83778703,12.09316498,12.32950055,92.7
11.38653148,11.47985947,11.86461495,12.11762386,12.35097176,92.8
11.39818849,11.50226216,11.88307828,12.13375036,12.3645361,92.9
11.40924747,11.52314062,11.90050076,12.14923192,12.37787988,93
11.40665882,11.52420814,11.8972849,12.14397366,12.37115838,93.1
11.37778642,11.48790039,11.85519105,12.09966664,12.32662175,93.2
11.33296342,11.4305907,11.79221496,12.03489056,12.26243368,93.3
11.2856145,11.37497105,11.73355536,11.97582802,12.20439121,93.4
11.23486465,11.3181819,11.67519558,11.91782276,12.14766362,93.5
11.18444249,11.26250129,11.61773754,11.86043192,12.09116174,93.6
11.13869162,11.21228891,11.56485161,11.80684577,12.03767254,93.7
11.09501071,11.16717187,11.5182308,11.76007174,11.99105347,93.8
11.06132188,11.13447188,11.48355928,11.72467333,11.95501528,93.9
11.01871416,11.08987891,11.43697116,11.6776108,11.90792548,94
10.96927479,11.03499597,11.37919751,11.61900903,11.84942632,94.1
10.91947476,10.98172611,11.3240069,11.56348805,11.79414197,94.2
10.87383465,10.93718113,11.27918612,11.51909516,11.75005694,94.3
10.80838651,10.8624665,11.20166939,11.44115626,11.67307672,94.4
10.72124383,10.75931504,11.09539485,11.33483128,11.5688319,94.5
10.66192804,10.69820127,11.03278917,11.27190833,11.50580496,94.6
10.61887939,10.65691792,10.98922141,11.22710152,11.45966989,94.7
10.6005781,10.64952648,10.98155021,11.21880944,11.44946216,94.8
10.5842652,10.64166874,10.97241566,11.20859919,11.43734035,94.9
10.57461726,10.64196924,10.97201296,11.20743369,11.43440778,95
10.56409489,10.63887257,10.96748409,11.20188225,11.42724894,95.1
10.54459026,10.62349418,10.95050101,11.18414351,11.40863548,95.2
10.51668534,10.5944261,10.91830457,11.15061272,11.37444982,95.3
10.47628705,10.5470693,10.86650818,11.09711832,11.32074658,95.4
10.40584277,10.45248913,10.76186011,10.98838212,11.21210236,95.5
10.34959819,10.38209272,10.68434953,10.90767512,11.13040472,95.6
10.30363454,10.32936061,10.62714859,10.84839926,11.06994365,95.7
10.26450537,10.28585555,10.57947833,10.7985805,11.01853861,95.8
10.22825581,10.24537584,10.53453118,10.75122322,10.96936553,95.9
10.22239359,10.24826955,10.5371146,10.75310064,10.96916456,96
10.21356304,10.24715462,10.53578439,10.75133468,10.96585293,96.1
10.20373764,10.24417175,10.53249877,10.74769521,10.96097473,96.2
10.19473929,10.24125674,10.52900839,10.74375143,10.95588913,96.3
10.19010335,10.24429684,10.53216106,10.74681078,10.95796564,96.4
10.16478977,10.21456338,10.49807711,10.71067126,10.92094074,96.5
10.16393477,10.21731369,10.4984922,10.70945423,10.91785564,96.6
10.17881834,10.24127328,10.52216519,10.73242168,10.93900214,96.7
10.18955666,10.25830817,10.53800754,10.74722672,10.95216376,96.8
10.21746577,10.29752449,10.57781234,10.78674359,10.98999346,96.9
10.21231667,10.28662072,10.56062689,10.76605661,10.96741879,97
10.21327328,10.28627275,10.55646197,10.75976061,10.9596281,97.1
10.223829,10.29892468,10.56662438,10.76833933,10.9666036,97.2
10.19160054,10.24851306,10.50621282,10.70319989,10.90037975,97.3
10.17354233,10.21833523,10.46787373,10.66048564,10.85549372,97.4
10.15563609,10.19090393,10.43414857,10.62354146,10.81686794,97.5
10.18004934,10.2228666,10.46631852,10.65529858,10.84678573,97.6
10.19646923,10.24333082,10.48568032,10.67370621,10.86350206,97.7
10.22440458,10.27679593,10.51818277,10.70510623,10.89288245,97.8
10.26426678,10.32706424,10.56983863,10.7569694,10.94331299,97.9
10.29106437,10.3552667,10.59492866,10.77975055,10.9637511,98
10.31514644,10.37963629,10.61594233,10.79845017,10.98030829,98.1
10.3421479,10.40617352,10.63861097,10.81842806,10.99787373,98.2
10.37074124,10.43274697,10.66038011,10.83687873,11.01353032,98.3
10.38733997,10.44342486,10.66494156,10.83769222,11.01184064,98.4
10.37889263,10.41586144,10.62480575,10.79030625,10.96093829,98.5
10.3753333,10.39612975,10.59424953,10.75342465,10.92053878,98.6
10.36898403,10.37562551,10.56498496,10.71936466,10.8838907,98.7
10.35781833,10.35107643,10.53289005,10.68342171,10.84601789,98.8
10.324709,10.29946869,10.47297293,10.61993792,10.78169816,98.9
10.29155887,10.2521184,10.41998855,10.56489958,10.72635027,99
10.25760613,10.20649484,10.37008322,10.51360101,10.67489399,99.1
10.22723351,10.16800578,10.32877177,10.47149193,10.63260645,99.2
10.18875144,10.12231494,10.28147741,10.42433125,10.58606419,99.3
10.14533833,10.07422326,10.23356084,10.37767171,10.54074111,99.4
10.10715683,10.03427461,10.19435602,10.33967627,10.5036694,99.5
10.07088171,9.997128431,10.15775204,10.30394008,10.46851161,99.6
10.02948431,9.956440736,10.11883385,10.26674787,10.43257347,99.7
9.980434366,9.908479379,10.07328053,10.22345976,10.39112351,99.8
9.937986913,9.869278069,10.03652213,10.18861079,10.35751888,99.9
9.907790586,9.84485896,10.01450293,10.16801907,10.33737387,100
9.88069348,9.822771595,9.993819091,10.14804378,10.317387,100.1
9.873892108,9.827367326,10.00213831,10.15804687,10.32728634,100.2
9.901021501,9.871526494,10.05148442,10.20944183,10.37809045,100.3
9.959186459,9.951062757,10.13772878,10.29847604,10.46684193,100.4
10.03316505,10.04670922,10.24001143,10.40352378,10.57178089,100.5
10.12301123,10.15787435,10.35733235,10.52335054,10.69171092,100.6
10.21156234,10.26659384,10.47191686,10.64033963,10.80870683,100.7
10.29453523,10.36825846,10.57898273,10.74958914,10.91773994,100.8
10.37127446,10.4618476,10.67716912,10.84951343,11.01717482,100.9
10.43925111,10.54337283,10.76160897,10.93470471,11.10138032,101
10.50723373,10.6227486,10.84279782,11.01599452,11.18138443,101.1
10.58686752,10.71521055,10.93810348,11.11210325,11.27665846,101.2
10.67673381,10.81884269,11.04528841,11.2205996,11.38473783,101.3
10.77615773,10.93276649,11.16320852,11.34015218,11.50426422,101.4
10.87308029,11.04315805,11.27717985,11.45552379,11.61942536,101.5
10.96337409,11.14516866,11.38180948,11.56094307,11.72421296,101.6
11.04406807,11.23424368,11.47145983,11.65006031,11.81195376,101.7
11.12263782,11.31894197,11.5554509,11.73270199,11.89279018,101.8
11.19718406,11.39756318,11.63217271,11.80735171,11.96531811,101.9
11.27740893,11.48262616,11.716124,11.88980564,12.04597089,102
11.35664788,11.56582183,11.79779301,11.96976136,12.12406618,102.1
11.44276705,11.65808889,11.89021612,12.06165927,12.21482836,102.2
11.5243145,11.74387392,11.97497679,12.14515238,12.29682775,102.3
11.59862055,11.81854176,12.04612493,12.21339762,12.36271722,102.4
11.66490185,11.88170511,12.10365703,12.26675592,12.41318093,102.5
11.73427549,11.9487681,12.16596714,12.32554976,12.46940933,102.6
11.794226,12.00020333,12.20855836,12.3618736,12.50162718,102.7
11.85669113,12.05695695,12.25901991,12.40807692,12.545009,102.8
11.92874332,12.1280634,12.32733418,12.47450371,12.60988246,102.9
12.00515713,12.20571257,12.40377762,12.55012615,12.6845687,103
12.06401131,12.25699617,12.44811858,12.58992123,12.72150044,103.1
12.13120745,12.32246773,12.51097569,12.65124921,12.78169145,103.2
12.19685417,12.38483014,12.56974802,12.70779903,12.83666846,103.3
12.24856801,12.42502952,12.60092817,12.7331246,12.85841918,103.4
12.30588189,12.47540662,12.64589717,12.77484496,12.89808677,103.5
12.38162427,12.5533751,12.72443878,12.85396323,12.9771691,103.6
12.44323008,12.61026893,12.77749935,12.90474861,13.02639254,103.7
12.51802532,12.68683353,12.85443964,12.98211191,13.10364707,103.8
12.58748696,12.75611906,12.92293703,13.05030535,13.17139155,103.9
12.65906707,12.82728385,12.99303577,13.11980216,13.24017598,104
12.73119435,12.89867519,13.06311972,13.18907314,13.30858244,104.1
12.7967283,12.95968244,13.12030941,13.24372912,13.36136172,104.2
12.87702396,13.04257387,13.20410049,13.32814458,13.44574634,104.3
12.95203557,13.11773092,13.27857966,13.40219289,13.51916344,104.4
13.02719552,13.1926046,13.35246316,13.47539883,13.59157434,104.5
13.09790462,13.261212,13.41894881,13.54046767,13.65545798,104.6
13.16549101,13.32508356,13.47967543,13.59908693,13.71249505,104.7
13.23405416,13.39061577,13.54262328,13.66034161,13.77243406,104.8
13.30429159,13.4579169,13.60737727,13.72337958,13.83408489,104.9
13.38021849,13.53393786,13.68293548,13.79866937,13.90888872,105
13.46353267,13.62072022,13.77139325,13.88826606,13.99885727,105.1
13.53325822,13.68830483,13.83706689,13.95269819,14.06230051,105.2
13.60752545,13.76283772,13.91132301,14.02683256,14.13612345,105.3
13.68219545,13.83626408,13.98330311,14.09777243,14.20608184,105.4
13.75148017,13.90245278,14.04691453,14.1596216,14.26658497,105.5
13.81875344,13.96579604,14.1071961,14.21783266,14.32328345,105.6
13.88485565,14.0267593,14.16426794,14.27222271,14.3757332,105.7
13.95112626,14.08754328,14.22096107,14.32608801,14.42753251,105.8
14.01898961,14.14929142,14.27809695,14.37993882,14.47890549,105.9
14.09405161,14.22130827,14.34768592,14.44781389,14.54530021,106
14.17296913,14.2987888,14.42385822,14.52306895,14.61960199,106.1
14.24943093,14.37236318,14.49511167,14.59266429,14.68775218,106.2
14.32948531,14.45104082,14.57252864,14.66918597,14.76334289,106.3
14.4249606,14.55116244,14.67527684,14.77370547,14.86871156,106.4
14.53117028,14.66504589,14.79323,14.894167,14.99048239,106.5
14.63460363,14.77517721,14.90696916,15.01019835,15.10770386,106.6
14.73486002,14.88103507,15.01581366,15.1209604,15.21941558,106.7
14.8297458,14.97961363,15.11618163,15.2224405,15.3213052,106.8
14.92220777,15.07428198,15.21160882,15.31822754,15.41697933,106.9
15.01611677,15.17092076,15.3093463,15.41656504,15.51538262,107
15.11222659,15.27056495,15.41060374,15.51878118,15.6179231,107.1
15.20050107,15.35879135,15.49794521,15.60524617,15.70343196,107.2
15.29233096,15.45264398,15.59241635,15.69998387,15.79805126,107.3
15.37357895,15.53080528,15.6675275,15.77262272,15.86867157,107.4
15.44928928,15.60023578,15.73159944,15.83249615,15.92533009,107.5
15.52252976,15.66598001,15.7912542,15.88749511,15.97684835,107.6
15.59986883,15.73890604,15.86065584,15.95434375,16.04178673,107.7
15.67488021,15.80866718,15.92640543,16.01723578,16.10259864,107.8
15.74956778,15.87808783,15.9919153,16.0800095,16.16339475,107.9
15.8282193,15.95470351,16.06713745,16.15445568,16.23728423,108
15.9081803,16.03293579,16.14416449,16.23080648,16.31311192,108.1
15.98567358,16.10726982,16.21626605,16.30145422,16.38268481,108.2
16.06961499,16.19149561,16.30071794,16.3862529,16.46764763,108.3
16.15203941,16.27366111,16.38272294,16.46831118,16.54967013,108.4
16.22651709,16.3440119,16.45016959,16.5337831,16.61371311,108.5
16.29828451,16.41032369,16.51267386,16.59365564,16.6717055,108.6
16.37597782,16.48565371,16.58649019,16.66656793,16.74393509,108.7
16.45032693,16.55616428,16.65446347,16.73288326,16.80905141,108.8
16.52687354,16.63042329,16.72735994,16.80501646,16.88062468,108.9
16.60414881,16.70619513,16.80235422,16.87968265,16.95504184,109
16.68342656,16.78522276,16.88147394,16.9590941,17.03462726,109.1
16.75558989,16.85332589,16.94692512,17.02277587,17.09703016,109.2
16.8252327,16.91764003,17.00770689,17.08113577,17.15365155,109.3
16.8950099,16.98272036,17.06982822,17.14131931,17.21247096,109.4
16.94877388,17.02265731,17.1000307,17.16439207,17.23047245,109.5
17.00681574,17.06995347,17.14025889,17.19972582,17.26240243,109.6
17.07785176,17.13728286,17.20576104,17.2643182,17.32639865,109.7
17.1463706,17.20088418,17.26665949,17.32362917,17.38461786,109.8
17.21300528,17.26156941,17.32389057,17.37868467,17.43814088,109.9
17.27667909,17.31772681,17.37547247,17.42723343,17.48452804,110
17.36157737,17.40584986,17.46647636,17.52063996,17.57959302,110.1
17.45477034,17.50474672,17.56951447,17.62676061,17.68774543,110.2
17.55549934,17.61327673,17.68302401,17.74364082,17.80672505,110.3
17.64803792,17.71100809,17.78441737,17.84773749,17.9125896,110.4
17.7371819,17.80403571,17.88024502,17.94567074,18.01188699,110.5
17.8230438,17.89238473,17.97042214,18.03724062,18.10431759,110.6
17.91259354,17.98577602,18.06644592,18.13518488,18.20347672,110.7
18.00648921,18.08488184,18.16893718,18.24005912,18.30986308,110.8
18.09711891,18.17942155,18.2659949,18.33888478,18.40977385,110.9
18.18765047,18.27398394,18.36310686,18.43776672,18.50974083,111
18.26375217,18.34801763,18.43539681,18.5085994,18.57932297,111.1
18.33971305,18.4217023,18.50721203,18.57888306,18.64831352,111.2
18.40833963,18.48432475,18.56520882,18.63321473,18.6997824,111.3
18.47277462,18.54140453,18.61684228,18.68066661,18.7440832,111.4
18.51942432,18.57065046,18.63298226,18.68660117,18.74240497,111.5
18.57519555,18.6165902,18.67241696,18.72151984,18.77422847,111.6
18.6215844,18.64856052,18.69463619,18.73680168,18.78469113,111.7
18.66171779,18.67173545,18.70652836,18.74076251,18.78319774,111.8
18.71142323,18.7118564,18.74142248,18.77265181,18.81334377,111.9
18.76656276,18.76118621,18.78836054,18.81871336,18.85915725,112
18.80838356,18.79087071,18.81112643,18.83718301,18.87492681,112.1
18.84438158,18.81337713,18.82605696,18.8474547,18.88232048,112.2
18.88151209,18.83890662,18.84561956,18.86364029,18.89655338,112.3
18.9167998,18.86263002,18.86352747,18.87829136,18.90931673,112.4
18.93352644,18.85807799,18.84609077,18.85217868,18.87735854,112.5
18.95355744,18.86183255,18.84136249,18.84247853,18.86468812,112.6
18.97271856,18.8658508,18.83793902,18.83490578,18.85472176,112.7
18.97178358,18.84059922,18.79884862,18.78688477,18.80090788,112.8
18.98971942,18.84694486,18.80095202,18.78743102,18.80096639,112.9
19.00865188,18.85652845,18.80784971,18.793829,18.80756788,113
19.04217897,18.88888005,18.84280674,18.83190334,18.8482408,113.1
19.06496306,18.90595202,18.85918413,18.8488641,18.86596301,113.2
19.085217,18.92036768,18.87266742,18.86264481,18.88025306,113.3
19.09643357,18.92233552,18.87120348,18.85953195,18.87622443,113.4
19.10782642,18.92530797,18.87119738,18.85813952,18.87405569,113.5
19.11718061,18.92606113,18.86873025,18.85403959,18.86896737,113.6
19.13986187,18.94730536,18.89154863,18.8787059,18.895096,113.7
19.16317516,18.97022603,18.91651711,18.90574933,18.92371715,113.8
19.18759374,18.99389649,18.94159031,18.93224185,18.95121495,113.9
19.21452375,19.02043848,18.96944417,18.96130831,18.98106125,114
19.24307415,19.0494434,19.00012924,18.99340189,19.01405212,114.1
19.27161203,19.07847276,19.03065958,19.02513305,19.04650636,114.2
19.2957119,19.10294677,19.05653559,19.05214168,19.07423988,114.3
19.31702599,19.12536881,19.08084769,19.07795842,19.10110091,114.4
19.34251109,19.15222262,19.10942453,19.10778445,19.13169076,114.5
19.36159846,19.16915702,19.12538865,19.12287893,19.14595227,114.6
19.36819258,19.16849299,19.12005257,19.11384214,19.13402297,114.7
19.37193315,19.16542911,19.11288149,19.10358642,19.12146974,114.8
19.36202778,19.14309466,19.08242897,19.06702861,19.08043977,114.9
19.35450782,19.12525529,19.05831307,19.03843904,19.04867971,115
19.35155448,19.11533827,19.04474664,19.02254045,19.03124446,115.1
19.33768981,19.09086398,19.01408621,18.98765815,18.9934817,115.2
19.32220629,19.06637005,18.98484818,18.9554588,18.95942789,115.3
19.28868049,19.01742453,18.92669752,18.89101902,18.89077155,115.4
19.25257598,18.96638401,18.86712553,18.82583686,18.82192158,115.5
19.21545371,18.91580867,18.80936641,18.76361853,18.75691375,115.6
19.1927556,18.88853766,18.78138196,18.73609967,18.73017168,115.7
19.17050454,18.86312998,18.75604788,18.71167427,18.70675766,115.8
19.14127324,18.82920623,18.72095924,18.67646032,18.67176643,115.9
19.10069672,18.77995914,18.66757981,18.62062509,18.61441797,116
19.06038769,18.73194129,18.61605072,18.56707758,18.55963564,116.1
19.02142743,18.68779664,18.57019374,18.5205689,18.51290182,116.2
18.98754658,18.65105816,18.53313751,18.48378524,18.47647061,116.3
18.95930481,18.62336252,18.50729874,18.45975166,18.45385663,116.4
18.94061339,18.61113987,18.50076926,18.45775507,18.45520969,116.5
18.91222949,18.58432292,18.4758172,18.43428639,18.43278767,116.6
18.88931378,18.56392332,18.45760014,18.41765187,18.41717587,116.7
18.869042,18.54757716,18.44420647,18.4063509,18.40725344,116.8
18.8506074,18.53341613,18.43298331,18.39711829,18.39928445,116.9
18.82024163,18.50343216,18.40303959,18.36692966,18.36874239,117
18.78918814,18.4730174,18.37279534,18.33656391,18.33814404,117.1
18.75513592,18.43731985,18.33549663,18.29775493,18.29804011,117.2
18.73228985,18.4185008,18.31917425,18.28312889,18.28454298,117.3
18.72399561,18.41910963,18.32543988,18.29336558,18.29750043,117.4
18.70139579,18.40038094,18.3086369,18.27764542,18.28238659,117.5
18.6747401,18.37638588,18.28562011,18.25498274,18.25981,117.6
18.63470495,18.33531252,18.24287623,18.21061469,18.21415144,117.7
18.60196219,18.30327322,18.21044966,18.17758811,18.18055978,117.8
18.54664242,18.24044661,18.14128413,18.10327738,18.10238807,117.9
18.48775334,18.17429804,18.06939674,18.02698248,18.02293942,118
18.45149914,18.14060725,18.03730832,17.99623235,17.99327226,118.1
18.39955499,18.08596758,17.98041154,17.93768972,17.9336282,118.2
18.34565415,18.03075787,17.92408496,17.88067189,17.87627649,118.3
18.29641749,17.98160516,17.87475068,17.83130103,17.82697147,118.4
18.25132239,17.93758816,17.83115638,17.78805622,17.78400105,118.5
18.20991773,17.89795277,17.7923136,17.7497688,17.74607418,118.6
18.1697678,17.86090152,17.75693516,17.71558802,17.71272994,118.7
18.13283053,17.82729035,17.72499569,17.68475573,17.68260029,118.8
18.08585982,17.78388106,17.68345261,17.64452738,17.6433595,118.9
18.0465221,17.74843263,17.649893,17.61216945,17.61176815,119
18.0386212,17.75397693,17.6637362,17.63187593,17.6355209,119.1
18.0446305,17.77659804,17.69637083,17.67142195,17.67976083,119.2
18.03074994,17.7720852,17.69670227,17.67476167,17.68496151,119.3
18.01512798,17.76547031,17.69454749,17.675293,17.68713095,119.4
17.99712088,17.7562222,17.68948002,17.67268526,17.68602151,119.5
17.97964734,17.74548795,17.68140009,17.66586274,17.67976371,119.6
17.96523208,17.73760201,17.67601191,17.66162708,17.67601394,119.7
17.94860106,17.72659846,17.66685745,17.65315652,17.66771537,119.8
17.93046595,17.71415486,17.65634256,17.64344005,17.65831275,119.9
17.89419742,17.67964038,17.62091872,17.60670569,17.62046238,120
17.83269408,17.60954442,17.54235577,17.52101413,17.52936713,120.1
17.77790936,17.54994963,17.47781872,17.45251242,17.45801195,120.2
17.76587907,17.54901095,17.48361216,17.46329061,17.47243984,120.3
17.69593784,17.46706351,17.3913099,17.3627081,17.36568962,120.4
