,Velocity,Acceleration,front car position,following car position,time
5,22.08333333,1.19786805,5013.3,5054.8,0.5
6,22.20312014,1.191466642,5011.2,5052.5,0.6
7,22.3222668,0.960815122,5009,5050.3,0.7
8,22.41834831,1.070936431,5006.1,5048.4,0.8
9,22.52544196,1.115823671,5004,5046,0.9
10,22.63702432,1.093099576,5001.6,5043.4,1
11,22.74633428,0.789145793,4999.3,5040.9,1.1
12,22.82524886,0.661695487,4997,5039.8,1.2
13,22.89141841,0.883322065,4994.6,5036.8,1.3
14,22.97975062,0.748404005,4992.5,5034.3,1.4
15,23.05459102,0.542275804,4990.7,5032.3,1.5
16,23.1088186,0.69940595,4988.3,5030.5,1.6
17,23.17875919,0.666979138,4985.7,5028,1.7
18,23.24545711,0.280952795,4983.3,5025.3,1.8
19,23.27355239,0.222887646,4981,5023,1.9
20,23.29584115,-0.171963015,4979.1,5021.1,2
21,23.27864485,-0.286616,4976.4,5018.8,2.1
22,23.24998325,-0.593974194,4973.2,5016,2.2
23,23.19058583,-0.440384824,4970.4,5013.8,2.3
24,23.14654735,-0.283008231,4967.5,5011.8,2.4
25,23.11824652,-0.196054907,4965,5009.5,2.5
26,23.09864103,-0.126273239,4962.5,5007.1,2.6
27,23.08601371,-0.043539367,4960,5005,2.7
28,23.08165977,0.039348992,4958.7,5002.6,2.8
29,23.08559467,0.106370291,4956.2,5000.8,2.9
30,23.0962317,0.096269096,4953.4,4998.4,3
31,23.10585861,0.08800868,4951.3,4996.1,3.1
32,23.11465948,0.123009728,4949.3,4994.1,3.2
33,23.12696045,0.049313415,4947,4991.8,3.3
34,23.13189179,-0.086729321,4944.7,4990,3.4
35,23.12321886,0.173728443,4942.7,4987.7,3.5
36,23.14059171,0.132837208,4940.8,4985,3.6
37,23.15387543,-0.38789551,4938.9,4982.7,3.7
38,23.11508588,-0.573863651,4936.9,4980.3,3.8
39,23.05769951,-0.549739889,4934.9,4978.2,3.9
40,23.00272552,-0.615782978,4932.6,4975,4
41,22.94114722,-0.738588306,4930.5,4972.7,4.1
42,22.86728839,-1.033077029,4928.4,4970,4.2
43,22.76398069,-1.626088327,4926.4,4967.5,4.3
44,22.60137186,-0.888699549,4924.2,4965,4.4
45,22.5125019,-0.90177403,4921.4,4962.5,4.5
46,22.4223245,-0.868042621,4919.4,4960,4.6
47,22.33552024,-0.464845216,4917.4,4958.8,4.7
48,22.28903572,-0.201479481,4915.4,4956.2,4.8
49,22.26888777,-0.62772554,4912.7,4953.4,4.9
50,22.20611521,0.121537201,4910.3,4951.2,5
51,22.21826893,-0.121909423,4908.2,4949,5.1
52,22.20607799,-0.636523908,4906.2,4946.8,5.2
53,22.1424256,-0.949486898,4903.8,4944.5,5.3
54,22.04747691,0.096461455,4901.5,4942.2,5.4
55,22.05712306,-0.061188583,4899.1,4940.2,5.5
56,22.0510042,-0.10843108,4898,4938,5.6
57,22.04016109,-0.154396755,4896.3,4936,5.7
58,22.02472141,0.415963869,4894.8,4933.5,5.8
59,22.0663178,0.212455892,4892.4,4931.2,5.9
60,22.08756339,0.228434057,4890,4929.3,6
61,22.1104068,0.112233602,4888.5,4926.9,6.1
62,22.12163016,0.000194327,4887,4924.8,6.2
63,22.12164959,-0.055762485,4885,4922.4,6.3
64,22.11607334,-0.08283193,4883.5,4920,6.4
65,22.10779015,-0.048463162,4881.5,4918,6.5
66,22.10294383,-0.15313983,4879.4,4916,6.6
67,22.08762985,-0.240567908,4878.9,4913.3,6.7
68,22.06357306,-0.199681816,4876.2,4910.6,6.8
69,22.04360488,-0.280479591,4873.9,4908.5,6.9
70,22.01555692,-0.227484972,4872,4906.5,7
71,21.99280842,-0.241704375,4870.3,4903.8,7.1
72,21.96863798,-0.361610996,4867.9,4901.5,7.2
73,21.93247688,0.04770991,4865.4,4899.1,7.3
74,21.93724787,0.045194358,4863.4,4897.4,7.4
75,21.94176731,-1.615986825,4861.6,4896.3,7.5
76,21.78016863,-1.76083991,4860,4893.6,7.6
77,21.60408464,0.035624329,4857.3,4891.2,7.7
78,21.60764707,-0.066348508,4855,4889,7.8
79,21.60101222,-0.549898097,4852.8,4887,7.9
80,21.54602241,-0.581526916,4851,4885,8
81,21.48786972,-0.120875658,4848.9,4883,8.1
82,21.47578215,-0.748083291,4846.7,4881.5,8.2
83,21.40097382,-0.492322083,4844.5,4879.4,8.3
84,21.35174161,-0.339246039,4842.5,4878.4,8.4
85,21.31781701,-0.812780526,4840.6,4875.8,8.5
86,21.23653896,0.067224965,4838.5,4873.5,8.6
87,21.24326145,0.119614674,4836.3,4871.4,8.7
88,21.25522292,0.440582616,4833.9,4869.7,8.8
89,21.29928118,0.034419865,4832.2,4867,8.9
90,21.30272317,-0.340355584,4830,4864.7,9
91,21.26868761,-0.041090739,4827.6,4862.5,9.1
92,21.26457854,-0.022351161,4825.6,4860.7,9.2
93,21.26234342,0.011867496,4823.5,4858.4,9.3
94,21.26353017,-0.611652373,4821.2,4855.8,9.4
95,21.20236493,-0.128573135,4819.3,4853.4,9.5
96,21.18950762,0.188819217,4817,4851.3,9.6
97,21.20838954,0.191794404,4815,4848.9,9.7
98,21.22756898,-0.322782383,4813,4846.4,9.8
99,21.19529074,-0.20852725,4811.3,4844.2,9.9
100,21.17443802,-0.854788479,4810,4842,10
101,21.08895917,-0.476146476,4808,4840,10.1
102,21.04134452,-0.348893601,4806,4837.6,10.2
103,21.00645516,-0.19098984,4806,4835,10.3
104,20.98735618,-0.329342564,4804.1,4832.6,10.4
105,20.95442192,-0.415862332,4802,4830.4,10.5
106,20.91283569,-0.377145541,4800.3,4828.2,10.6
107,20.87512114,-0.427318236,4797.8,4825.6,10.7
108,20.83238931,-0.807524844,4795.4,4823.5,10.8
109,20.75163683,-0.637416662,4793.3,4821.2,10.9
110,20.68789516,-0.673589721,4791.7,4819.3,11
111,20.62053619,-0.868806384,4790.1,4817,11.1
112,20.53365555,0.231699482,4787.6,4815,11.2
113,20.5568255,1.119417737,4785.3,4813,11.3
114,20.66876727,0.106372235,4783.3,4811.3,11.4
115,20.6794045,0.017759662,4781.5,4809,11.5
116,20.68118046,-0.646721379,4780,4807,11.6
117,20.61650832,-0.100874797,4777.6,4805.9,11.7
118,20.60642084,-0.114195471,4775.3,4804.8,11.8
119,20.5950013,-0.411254753,4773.5,4802.6,11.9
120,20.55387582,-0.485813325,4771.8,4800.8,12
121,20.50529449,-0.501067615,4770,4798.9,12.1
122,20.45518773,-0.269132739,4767.6,4796.2,12.2
123,20.42827445,-1.229766689,4765.4,4794,12.3
124,20.30529779,-1.507759524,4763.5,4792,12.4
125,20.15452183,-1.066361856,4761.3,4790.4,12.5
126,20.04788565,-0.990245397,4759.4,4787.9,12.6
127,19.94886111,-0.533528034,4757.2,4785.5,12.7
128,19.8955083,-0.48357259,4755,4783.3,12.8
129,19.84715105,-0.250410816,4753.3,4781.3,12.9
130,19.82210996,0.442571777,4751.7,4779.3,13
131,19.86636714,0.383039058,4749.2,4776.8,13.1
132,19.90467105,0.303334117,4746.9,4774.6,13.2
133,19.93500446,0.444242625,4745,4772.6,13.3
134,19.97942872,0.294533473,4743.5,4770.8,13.4
135,20.00888207,0.374604703,4741.2,4768.5,13.5
136,20.04634254,0.522908663,4739.6,4765.9,13.6
137,20.0986334,-0.564060608,4737.3,4763.9,13.7
138,20.04222734,-0.307860535,4735,4761.7,13.8
139,20.01144129,0.699421496,4733.2,4759.4,13.9
140,20.08138344,-0.474858939,4730.9,4757.2,14
141,20.03389755,-1.129469493,4730,4755,14.1
142,19.9209506,0.381745628,4726.9,4752.8,14.2
143,19.95912516,0.313206298,4726,4751.1,14.3
144,19.99044579,0.058279169,4723.9,4749.2,14.4
145,19.99627371,0.007225301,4721.4,4746.2,14.5
146,19.99699624,-0.325327543,4719.3,4744.2,14.6
147,19.96446348,-0.202673772,4717.3,4741.9,14.7
148,19.94419611,-0.402450981,4715.4,4740,14.8
149,19.90395101,-0.417937692,4713.1,4738.2,14.9
150,19.86215724,0.819665075,4711,4735.9,15
151,19.94412375,1.103246067,4709,4733.6,15.1
152,20.05444835,0.893981879,4707.1,4732.3,15.2
153,20.14384654,0.511548864,4704.9,4730,15.3
154,20.19500143,0.595308839,4702.7,4728.8,15.4
155,20.25453231,0.391441615,4700.6,4725.6,15.5
156,20.29367647,0.144547294,4698.6,4725,15.6
157,20.3081312,0.431256248,4696.6,4722.4,15.7
158,20.35125683,0.267800875,4694.4,4720.2,15.8
159,20.37803691,0.212457515,4692.1,4718,15.9
160,20.39928267,0.229699409,4690.3,4716.1,16
161,20.42225261,0.364461552,4688,4713.5,16.1
162,20.45869876,-0.023290321,4686.3,4711.4,16.2
163,20.45636973,0.285635462,4683.7,4709.2,16.3
164,20.48493328,0.235886059,4681.4,4707.2,16.4
165,20.50852188,-0.002056031,4679.4,4705.3,16.5
166,20.50831628,0.495239657,4678,4703,16.6
167,20.55784024,0.132185558,4676.4,4700.8,16.7
168,20.5710588,0.356409147,4674.3,4698.8,16.8
169,20.60669971,0.414267482,4672,4696.8,16.9
170,20.64812646,0.547426562,4669.7,4694.9,17
171,20.70286912,-0.640989419,4667.7,4692.6,17.1
172,20.63877018,-0.768718225,4666,4690.7,17.2
173,20.56189835,-1.446666539,4663.8,4688.7,17.3
174,20.4172317,-0.817418531,4661.5,4686.7,17.4
175,20.33548985,-0.23335138,4659.7,4684.2,17.5
176,20.31215471,-0.164789144,4658,4681.8,17.6
177,20.29567579,0.76751958,4656.3,4679.4,17.7
178,20.37242775,0.486816018,4654,4678,17.8
179,20.42110935,0.512794234,4651.5,4676.4,17.9
180,20.47238878,-0.218472461,4650,4674.3,18
181,20.45054153,-0.200438361,4648,4671.3,18.1
182,20.4304977,-0.269964655,4645.2,4669.4,18.2
183,20.40350123,-0.143154565,4643,4667.4,18.3
184,20.38918577,-0.110558771,4641.1,4665.6,18.4
185,20.3781299,-0.234547059,4639.4,4663,18.5
186,20.35467519,-0.245604119,4637.3,4661.1,18.6
187,20.33011478,-0.05660228,4635.2,4659.3,18.7
188,20.32445455,-0.091960809,4633,4657.7,18.8
189,20.31525847,0.136955186,4631.1,4656,18.9
190,20.32895399,-0.677458881,4629.1,4653.5,19
191,20.2612081,-0.10688972,4627.1,4651,19.1
192,20.25051913,0.360113659,4624.9,4649,19.2
193,20.28653049,0.283040863,4622.7,4647,19.3
194,20.31483458,-0.5925392,4620.5,4645.2,19.4
195,20.25558066,-0.479794425,4618.5,4643,19.5
196,20.20760122,-0.938622112,4616.4,4641.1,19.6
197,20.11373901,0.277715267,4614.2,4639.4,19.7
198,20.14151053,0.084300858,4612,4637.2,19.8
199,20.14994062,0.353609537,4610,4635,19.9
200,20.18530157,0.571304589,4608.3,4632.8,20
201,20.24243203,0.780379361,4606.4,4630.7,20.1
202,20.32046997,0.623321448,4604.2,4628.7,20.2
203,20.38280211,0.492315872,4602.2,4626.6,20.3
204,20.4320337,0.368070018,4600.5,4624.3,20.4
205,20.4688407,0.430020288,4598.4,4621.9,20.5
206,20.51184273,-0.434159453,4596.4,4620,20.6
207,20.46842679,-0.349760787,4594,4617.9,20.7
208,20.43345071,-0.405427812,4592,4616,20.8
209,20.39290793,-0.247359785,4590,4613.6,20.9
210,20.36817195,-0.084204521,4587.9,4611.6,21
211,20.35975149,0.290605679,4585.9,4610,21.1
212,20.38881206,0.044819716,4583.5,4608.1,21.2
213,20.39329403,0.027010121,4581.3,4606.2,21.3
214,20.39599505,0.355444575,4578.9,4604.1,21.4
215,20.4315395,0.333886463,4576.7,4602,21.5
216,20.46492815,0.241328639,4574.3,4600.4,21.6
217,20.48906101,0.526378231,4572,4598.3,21.7
218,20.54169884,0.351220418,4570,4596.1,21.8
219,20.57682088,0.166278151,4568,4593.7,21.9
220,20.59344869,0.000767782,4566.3,4591.7,22
221,20.59352547,0.108038027,4564.3,4589.5,22.1
222,20.60432928,0.105641884,4562.3,4587.5,22.2
223,20.61489346,0.070572388,4560.5,4585.5,22.3
224,20.6219507,-0.023925995,4558.2,4583,22.4
225,20.6195581,-0.133235326,4556,4580.9,22.5
226,20.60623457,-0.175227195,4553,4578.5,22.6
227,20.58871185,-0.205160781,4550.5,4576,22.7
228,20.56819577,-0.254456413,4548,4573,22.8
229,20.54275013,-0.144219889,4545.6,4570.8,22.9
230,20.52832814,-0.155366647,4543,4568.4,23
231,20.51279148,1.051964089,4540.8,4566.3,23.1
232,20.61798789,1.451910801,4538.5,4564,23.2
233,20.76317897,1.466768674,4536.3,4561.8,23.3
234,20.90985583,0.358684975,4533.8,4560,23.4
235,20.94572433,1.096320062,4531.4,4557.7,23.5
236,21.05535634,1.301869893,4529.2,4555.4,23.6
237,21.18554333,0.776133709,4527.2,4553,23.7
238,21.2631567,0.640066071,4525.4,4550.8,23.8
239,21.32716331,0.390060981,4523.1,4548.6,23.9
240,21.3661694,0.524220979,4521,4546.3,24
241,21.4185915,0.565625379,4519.4,4543.9,24.1
242,21.47515404,-0.579960486,4517.1,4541.7,24.2
243,21.41715799,-1.061458827,4515.2,4539.7,24.3
244,21.31101211,-0.210935507,4513,4537.2,24.4
245,21.28991856,-0.289162628,4510.8,4534.8,24.5
246,21.26100229,-1.52927659,4508.5,4532.4,24.6
247,21.10807464,-0.808721949,4506.2,4530,24.7
248,21.02720244,-0.818220652,4501,4527.6,24.8
249,20.94538038,-0.624637689,4500.2,4525.5,24.9
250,20.88291661,-0.716769743,4497.3,4523.1,25
251,20.81123963,-0.265342659,4494.6,4521,25.1
252,20.78470537,-0.57709046,4492.5,4518.8,25.2
253,20.72699632,0.055115321,4490.8,4516.8,25.3
254,20.73250785,-0.022305828,4488.9,4514.5,25.4
255,20.73027727,0.877296661,4486.3,4512.2,25.5
256,20.81800694,1.221968656,4484,4510,25.6
257,20.9402038,1.113326586,4482.3,4507.8,25.7
258,21.05153646,0.962608639,4480.6,4505.4,25.8
259,21.14779732,0.099751218,4478.5,4501,25.9
260,21.15777245,-0.27389021,4476.4,4500,26
261,21.13038342,-0.18793273,4474.4,4497,26.1
262,21.11159015,-0.426508799,4472.5,4494.5,26.2
263,21.06893927,-0.689170813,4470.9,4492.6,26.3
264,21.00002219,-0.699623579,4469.2,4491,26.4
265,20.93005983,-0.378803465,4467.1,4489.3,26.5
266,20.89217949,-0.748595707,4465,4486.6,26.6
267,20.81731992,-0.631225052,4462.1,4484.3,26.7
268,20.75419741,-0.454049597,4460,4482.3,26.8
269,20.70879245,-1.08692805,4457.1,4480.3,26.9
270,20.60009965,-1.19780712,4454.5,4478,27
271,20.48031893,-0.819640457,4452.4,4475.6,27.1
272,20.39835489,-0.466485265,4450.6,4473.5,27.2
273,20.35170636,-0.336198627,4448.2,4471.7,27.3
274,20.3180865,-0.15341128,4445.8,4470,27.4
275,20.30274537,0.102561943,4443.8,4467.6,27.5
276,20.31300156,0.189502366,4442,4465.3,27.6
277,20.3319518,0.559183993,4440.3,4462.6,27.7
278,20.3878702,1.045122789,4438.2,4460.5,27.8
279,20.49238248,1.253037137,4435.6,4458.2,27.9
280,20.61768619,1.113531184,4433.2,4455.8,28
281,20.72903931,0.96346574,4431,4453.9,28.1
282,20.82538589,0.302437932,4428.7,4452.1,28.2
283,20.85562968,0.563107902,4426,4450.6,28.3
284,20.91194047,0.447255664,4423.7,4448.8,28.4
285,20.95666604,0.336936689,4421.5,4446.5,28.5
286,20.9903597,0.458715779,4419.6,4444.1,28.6
287,21.03623128,0.947295892,4416.9,4442.2,28.7
288,21.13096087,1.117495329,4414.8,4440.3,28.8
289,21.2427104,0.677410892,4412.9,4437.9,28.9
290,21.31045149,0.753550974,4411.3,4435,29
291,21.38580659,0.344827844,4409.6,4432.9,29.1
292,21.42028938,0.739804604,4406.8,4430.7,29.2
293,21.49426984,0.305384059,4404.6,4428.3,29.3
294,21.52480824,0.231904775,4402.1,4425.8,29.4
295,21.54799872,-0.321944181,4400.3,4423.5,29.5
296,21.5158043,-0.712243362,4398,4421.5,29.6
297,21.44457996,-0.455039392,4395.7,4419.6,29.7
298,21.39907603,-0.282809087,4393.8,4416.9,29.8
299,21.37079512,-0.184158151,4391.8,4414.7,29.9
300,21.3523793,-0.282511204,4390.5,4412.7,30
301,21.32412818,0.293036639,4388.4,4411,30.1
302,21.35343185,0.82680078,4386.2,4409,30.2
303,21.43611192,0.254870851,4384,4406.2,30.3
304,21.46159901,-0.209695528,4381.8,4403.7,30.4
305,21.44062946,-0.240219555,4380,4401.5,30.5
306,21.4166075,-1.133353974,4378.2,4399.2,30.6
307,21.3032721,-0.802338412,4375.8,4396.8,30.7
308,21.22303826,-0.457426445,4374,4395,30.8
309,21.17729562,-0.222078993,4372.4,4393,30.9
310,21.15508772,-0.746073339,4370.8,4391.3,31
311,21.08048038,-0.168531618,4368.6,4389.2,31.1
312,21.06362722,0.256272379,4366.4,4386.8,31.2
313,21.08925446,-0.424997948,4364.3,4384.8,31.3
314,21.04675466,-0.824492372,4362.1,4382.4,31.4
315,20.96430543,-0.729821251,4359.6,4380.6,31.5
316,20.8913233,-0.849037208,4356.8,4378.7,31.6
317,20.80641958,-1.076098107,4354.6,4376.3,31.7
318,20.69880977,-0.76110456,4352.3,4374.5,31.8
319,20.62269931,-0.536330145,4351.4,4372.4,31.9
320,20.5690663,-0.786869583,4350.5,4370.8,32
321,20.49037934,-0.026634687,4348.2,4368.6,32.1
322,20.48771587,0.245120507,4346.1,4366.4,32.2
323,20.51222792,0.692795384,4344.6,4364.3,32.3
324,20.58150746,0.900290047,4343.2,4362.1,32.4
325,20.67153647,0.579728607,4341.9,4360.4,32.5
326,20.72950933,0.344565764,4340.6,4357.7,32.6
327,20.7639659,0.06784965,4339,4355.4,32.7
328,20.77075087,-0.174934661,4336.9,4353.6,32.8
329,20.7532574,-0.02565127,4335,4352.8,32.9
330,20.75069228,0.020320207,4332.9,4352,33
331,20.7527243,-0.191230741,4331.3,4350.1,33.1
332,20.73360122,-0.329963795,4329.5,4347.6,33.2
333,20.70060484,-1.042363462,4327.2,4345.6,33.3
334,20.5963685,-1.647493406,4325,4343.7,33.4
335,20.43161916,-1.839233763,4323.5,4342.1,33.5
336,20.24769578,-0.557043759,4321.7,4340.8,33.6
337,20.1919914,-0.354455888,4320.4,4339,33.7
338,20.15654582,-0.150454364,4318.7,4336.9,33.8
339,20.14150038,-0.087873719,4317.3,4334.7,33.9
340,20.13271301,-0.061704875,4315.6,4332.8,34
341,20.12654252,-0.273975476,4313.7,4331,34.1
342,20.09914497,-0.592603585,4312,4329.2,34.2
343,20.03988461,-0.029272921,4310.5,4326.7,34.3
344,20.03695732,-0.468842043,4308.4,4324.7,34.4
345,19.99007312,-0.689198608,4305.8,4322.9,34.5
346,19.92115326,-0.894629996,4303.8,4321.4,34.6
347,19.83169026,-0.562323534,4302,4320,34.7
348,19.7754579,-1.446100985,4300.4,4318.4,34.8
349,19.6308478,0.271355075,4298.2,4316.8,34.9
350,19.65798331,0.78570558,4295.8,4315,35
351,19.73655387,1.212173035,4293.8,4313.6,35.1
352,19.85777117,0.555889594,4292,4312,35.2
353,19.91336013,0.44802877,4290.3,4310.5,35.3
354,19.95816301,0.479103607,4288.2,4308.4,35.4
355,20.00607337,0.461014295,4285.9,4305.9,35.5
356,20.0521748,0.526447722,4283.7,4304,35.6
357,20.10481957,0.05908519,4281.9,4302.2,35.7
358,20.11072809,-0.610789395,4280.1,4300.6,35.8
359,20.04964915,0.182814104,4278,4298.6,35.9
360,20.06793056,-0.107733767,4275.4,4296.2,36
361,20.05715719,0.217583626,4273.6,4294.1,36.1
362,20.07891555,-0.366105896,4271.6,4292.2,36.2
363,20.04230496,-0.209442782,4268.7,4290.6,36.3
364,20.02136068,-0.06160402,4266.2,4288.5,36.4
365,20.01520028,0.164554532,4264.3,4286.2,36.5
366,20.03165573,0.030060995,4262.5,4284,36.6
367,20.03466183,0.021372899,4260.9,4282.2,36.7
368,20.03679912,0.42458102,4259.3,4280.6,36.8
369,20.07925722,1.117675403,4256.7,4278.4,36.9
370,20.19102476,0.889498675,4254.6,4276.2,37
371,20.27997463,0.70810296,4252.6,4274,37.1
372,20.35078493,-0.378413743,4250.8,4271.8,37.2
373,20.31294355,-0.639919534,4248.7,4269.7,37.3
374,20.2489516,-1.246892831,4246.4,4267.4,37.4
375,20.12426232,-0.798402535,4244.1,4265.2,37.5
376,20.04442206,0.158879499,4242.2,4263.4,37.6
377,20.06031001,0.028518452,4240.4,4261.8,37.7
378,20.06316186,0.462090344,4238.2,4260.4,37.8
379,20.10937089,0.65304563,4235.9,4258.2,37.9
380,20.17467546,0.831690522,4233.5,4255.9,38
381,20.25784451,-0.038152946,4231.3,4253.8,38.1
382,20.25402921,-0.799914348,4229.3,4251.9,38.2
383,20.17403778,0.112380214,4226.1,4250.4,38.3
384,20.1852758,-0.216315371,4223.4,4248.1,38.4
385,20.16364426,-0.174390995,4221.3,4246,38.5
386,20.14620516,-0.23814873,4219.2,4243.9,38.6
387,20.12239029,-0.242074802,4216.7,4242.2,38.7
388,20.09818281,0.373507084,4214.6,4240.6,38.8
389,20.13553352,1.485820042,4212.7,4238.2,38.9
390,20.28411552,1.358802737,4211.1,4236.2,39
391,20.4199958,1.463369981,4209.3,4234,39.1
392,20.56633279,1.52290589,4207.4,4231.6,39.2
393,20.71862338,1.440229053,4205.7,4229.6,39.3
394,20.86264629,0.976623771,4203.9,4226.8,39.4
395,20.96030867,0.806419187,4202.4,4224.3,39.5
396,21.04095058,0.41296362,4201,4222.2,39.6
397,21.08224695,0.026089332,4198.1,4220.5,39.7
398,21.08485588,-0.020963851,4195.8,4218.5,39.8
399,21.08275949,-0.448987153,4193.2,4216.2,39.9
400,21.03786078,-1.184509645,4191.2,4214.2,40
401,20.91940981,-2.005400086,4189.2,4212.5,40.1
402,20.71886981,0.018121424,4187.4,4210.7,40.2
403,20.72068195,0.776775913,4185.6,4208.8,40.3
404,20.79835954,0.518442353,4184.2,4206.9,40.4
405,20.85020377,0.064595331,4182.7,4205.1,40.5
406,20.85666331,1.000764944,4181.2,4203.4,40.6
407,20.9567398,0.83043992,4179.7,4202.1,40.7
408,21.03978379,0.66555603,4176.9,4200.5,40.8
409,21.1063394,0.486581171,4174.4,4198.1,40.9
410,21.15499751,-0.25193676,4171.6,4195.8,41
411,21.12980384,-0.983581238,4168.3,4193.7,41.1
412,21.03144571,-2.003161016,4164.6,4191.7,41.2
413,20.83112961,-0.959061989,4163.9,4190,41.3
414,20.73522341,-0.565899226,4163.3,4188,41.4
415,20.67863349,-0.361102394,4159.9,4186.4,41.5
416,20.64252325,-0.17045647,4156.3,4184.7,41.6
417,20.62547761,-0.068468038,4153.7,4183.2,41.7
418,20.6186308,-0.271038253,4151.2,4181.5,41.8
419,20.59152698,-0.46154497,4148.9,4180,41.9
420,20.54537248,0.93349466,4147,4177.5,42
421,20.63872194,1.427606912,4145.4,4174.7,42.1
422,20.78148264,1.300560624,4143.8,4171.9,42.2
423,20.9115387,1.323260409,4142.1,4168.7,42.3
424,21.04386474,1.28554378,4139.7,4165.4,42.4
425,21.17241912,1.055523598,4137.6,4163.9,42.5
426,21.27797148,0.714609634,4135.6,4162.5,42.6
427,21.34943244,-0.123554823,4133.5,4161.2,42.7
428,21.33707696,-0.893503893,4131.1,4157.3,42.8
429,21.24772657,-0.587349875,4128.8,4154.4,42.9
430,21.18899158,-0.631459277,4127.3,4152.1,43
431,21.12584565,-0.399395938,4124.7,4149.6,43.1
432,21.08590606,-0.292599098,4122.7,4147.5,43.2
433,21.05664615,-1.092707556,4119.8,4145.6,43.3
434,20.94737539,-0.726078701,4117.6,4143.9,43.4
435,20.87476752,-0.598622229,4115.9,4142.1,43.5
436,20.8149053,-0.363573976,4114.5,4139.7,43.6
437,20.7785479,-0.276464974,4113.1,4137.6,43.7
438,20.75090141,0.694432444,4111.4,4135.6,43.8
439,20.82034465,0.576043689,4109.3,4133.5,43.9
440,20.87794902,-0.097159429,4107.6,4131.3,44
441,20.86823308,-0.74927913,4105.7,4128.8,44.1
442,20.79330516,-1.667913755,4104.1,4127.3,44.2
443,20.62651379,-1.162291342,4102.6,4124.7,44.3
444,20.51028465,-1.173316514,4100,4122.6,44.4
445,20.392953,-1.96293688,4097.7,4119.6,44.5
446,20.19665931,-0.95254942,4095.6,4117.4,44.6
447,20.10140437,-1.11970273,4094.7,4115.5,44.7
448,19.9894341,-2.281792323,4093.9,4114,44.8
449,19.76125487,-1.79566222,4090.6,4112.6,44.9
450,19.58168865,-0.856885632,4087.3,4110.2,45
451,19.49600008,-0.644417957,4084.9,4108.1,45.1
452,19.43155829,-0.40546851,4083,4106.2,45.2
453,19.39101144,-0.246443626,4080.7,4104.6,45.3
454,19.36636707,0.131989235,4078.6,4102.8,45.4
455,19.379566,1.009899557,4076.5,4100.2,45.5
456,19.48055595,1.062237596,4075,4097.7,45.6
457,19.58677971,1.044919371,4073.6,4095.6,45.7
458,19.69127165,1.330667632,4071.9,4094.7,45.8
459,19.82433841,1.168521146,4069.7,4093.9,45.9
460,19.94119053,0.539076849,4068,4090.4,46
461,19.99509821,0.388818349,4066.2,4087.2,46.1
462,20.03398005,0.248696213,4064.4,4084.6,46.2
463,20.05884967,-0.853059037,4063,4082.7,46.3
464,19.97354376,-0.562960472,4060.7,4080,46.4
465,19.91724772,-0.23979647,4058.6,4077.9,46.5
466,19.89326807,-0.545519746,4056.6,4076,46.6
467,19.8387161,-0.415072089,4054.7,4074.3,46.7
468,19.79720889,-0.676099633,4052.9,4073,46.8
469,19.72959892,-0.421696994,4051.2,4070.9,46.9
470,19.68742922,-0.714354324,4049,4068.7,47
471,19.61599379,-1.187195159,4046.5,4066.9,47.1
472,19.49727428,-0.735418872,4044.4,4065.2,47.2
473,19.42373239,-0.465362736,4042.6,4063.3,47.3
474,19.37719611,-0.29794746,4040.1,4061.5,47.4
475,19.34740137,0.258895791,4037.9,4059.2,47.5
476,19.37329095,0.256791357,4036,4057.1,47.6
477,19.39897008,0.38169121,4034.5,4055.2,47.7
478,19.4371392,0.281346063,4032.9,4053.4,47.8
479,19.46527381,0.90597767,4030.6,4051.8,47.9
480,19.55587158,1.251421423,4028.7,4049.5,48
481,19.68101372,0.836987777,4026.6,4047.2,48.1
482,19.7647125,0.449645278,4024.8,4044.9,48.2
483,19.80967703,0.315940672,4023.2,4043,48.3
484,19.84127109,-0.214236423,4020.9,4040.4,48.4
485,19.81984745,-0.507157402,4018.8,4038.1,48.5
486,19.76913171,-0.345953144,4016.8,4036.3,48.6
487,19.7345364,-0.079369424,4016.6,4034.5,48.7
488,19.72659945,-0.10502924,4014.9,4032.9,48.8
489,19.71609653,0.204574095,4013,4030.6,48.9
490,19.73655394,0.447706989,4010.5,4028.7,49
491,19.78132464,0.181600426,4008.2,4026.6,49.1
492,19.79948468,-0.349851164,4006.2,4024.7,49.2
493,19.76449956,-0.288627496,4004.3,4023.2,49.3
494,19.73563681,-0.665774904,4002.8,4020.8,49.4
495,19.66905932,-0.374573396,4000.5,4018.7,49.5
496,19.63160198,0.231885743,3998.3,4016.8,49.6
497,19.65479056,0.575373321,3996.3,4016.6,49.7
498,19.71232789,0.443534879,3994.4,4014.7,49.8
499,19.75668138,0.234127087,3992.8,4013,49.9
500,19.78009409,0.210771082,3990.4,4010.4,50
501,19.8011712,0.058078605,3988.2,4007.9,50.1
502,19.80697906,0.289831411,3986.3,4005.9,50.2
503,19.8359622,0.329659517,3984.6,4004.3,50.3
504,19.86892815,0.21080326,3983,4002.7,50.4
505,19.89000848,0.202377906,3980.8,4000,50.5
506,19.91024627,-0.012809666,3979,3997.6,50.6
507,19.9089653,-0.220445493,3978.2,3995.7,50.7
508,19.88692075,-0.129963576,3976,3994,50.8
509,19.87392439,-0.14531137,3974.3,3992.4,50.9
510,19.85939326,-0.077388766,3972.9,3989.9,51
511,19.85165438,-0.080129765,3970.6,3987.6,51.1
512,19.8436414,-0.36987038,3968.2,3986,51.2
513,19.80665436,-0.45069112,3966.2,3984.6,51.3
514,19.76158525,-0.206454413,3964.5,3983,51.4
515,19.74093981,-0.795688845,3963,3981,51.5
516,19.66137093,-0.470810342,3960.9,3979,51.6
517,19.61428989,0.225093373,3958.6,3978.3,51.7
518,19.63679923,0.53539768,3956.7,3976.3,51.8
519,19.690339,0.559377041,3954.7,3974.3,51.9
520,19.7462767,0.442575691,3952.9,3972.8,52
521,19.79053427,0.407341391,3950.8,3970.4,52.1
522,19.83126841,-0.352053755,3948.6,3968,52.2
523,19.79606303,-0.488317216,3946.5,3966,52.3
524,19.74723131,-0.182515847,3945.1,3964.3,52.4
525,19.72897973,-0.61919317,3943.3,3962.9,52.5
526,19.66706041,-0.099842406,3942,3960.7,52.6
527,19.65707617,0.291712379,3940.6,3958.4,52.7
528,19.68624741,0.232096639,3938.2,3956.3,52.8
529,19.70945707,0.424620457,3936.4,3954.4,52.9
530,19.75191912,0.300322882,3934.7,3952.8,53
531,19.78195141,0.468430126,3933,3950.8,53.1
532,19.82879442,-0.07365281,3931.2,3948.3,53.2
533,19.82142914,-0.297788375,3928.9,3946.5,53.3
534,19.7916503,-0.646322687,3926.9,3945.1,53.4
535,19.72701803,0.000933446,3925.1,3943.6,53.5
536,19.72711138,0.517078765,3923.6,3942,53.6
537,19.77881925,1.215519227,3922.1,3940.6,53.7
538,19.90037118,1.019413102,3919.3,3938.6,53.8
539,20.00231249,1.102258846,3917.2,3936.7,53.9
540,20.11253837,0.422131106,3915,3935,54
541,20.15475148,-0.734362429,3912.9,3933.3,54.1
542,20.08131524,-0.565734341,3911.3,3932.1,54.2
543,20.0247418,-0.230012171,3909.7,3929.5,54.3
544,20.00174059,-0.559589662,3907.7,3927.7,54.4
545,19.94578162,-0.677604279,3905.2,3925.9,54.5
546,19.87802119,0.526754633,3903.2,3924.2,54.6
547,19.93069666,0.350577289,3901.4,3922.9,54.7
548,19.96575438,-0.019776067,3899.3,3920.7,54.8
549,19.96377678,-1.285672516,3897.1,3918.3,54.9
550,19.83520953,0.282588989,3895,3916.2,55
551,19.86346843,-0.591694616,3892.6,3914.3,55.1
552,19.80429896,-0.014266306,3890.5,3912.5,55.2
553,19.80287233,0.736272586,3888.5,3910.8,55.3
554,19.87649959,0.582002088,3886.2,3909.4,55.4
555,19.9346998,0.447671518,3884.1,3907.2,55.5
556,19.97946695,0.374028761,3882.1,3905.2,55.6
557,20.01686983,0.286490993,3880,3903.1,55.7
558,20.04551893,0.276329841,3877.9,3901.1,55.8
559,20.07315191,0.77240685,3875.8,3898.8,55.9
560,20.1503926,0.609175057,3873.8,3896.7,56
561,20.2113101,0.46345392,3871.7,3894.8,56.1
562,20.25765549,0.35507798,3870,3892.6,56.2
563,20.29316329,0.633366836,3868.5,3891,56.3
564,20.35649998,0.10719229,3867.5,3889.1,56.4
565,20.3672192,-0.376968617,3866,3887.6,56.5
566,20.32952234,0.669755095,3865,3885.6,56.6
567,20.39649785,0.547978531,3863.5,3884.1,56.7
568,20.45129571,-1.493988184,3862.6,3882.6,56.8
569,20.30189689,-2.495722122,3861.3,3881.2,56.9
570,20.05232468,-1.710483258,3859.5,3880,57
571,19.88127635,-1.342912377,3857.8,3877.9,57.1
572,19.74698511,-1.106457238,3856.3,3876.7,57.2
573,19.63633939,-1.02036847,3854,3875,57.3
574,19.53430254,-0.857396328,3851.5,3872.9,57.4
575,19.44856291,-0.74355263,3849.2,3871.7,57.5
576,19.37420765,-0.484944621,3847,3870,57.6
577,19.32571318,-1.076178228,3844.9,3868.5,57.7
578,19.21809536,0.612736993,3843,3867,57.8
579,19.27936906,1.303417272,3841.4,3865,57.9
580,19.40971079,1.500298335,3839.8,3863.5,58
581,19.55974062,1.361181521,3837.3,3862.4,58.1
582,19.69585877,1.453049044,3834.8,3860.3,58.2
583,19.84116368,0.847973081,3832.8,3858.4,58.3
584,19.92596098,0.586768301,3831,3856.8,58.4
585,19.98463781,-1.044513945,3828.8,3854.8,58.5
586,19.88018642,-0.466378019,3826.8,3852.4,58.6
587,19.83354862,0.329916968,3824.6,3850.4,58.7
588,19.86654032,0.145090288,3822.7,3848.1,58.8
589,19.88104934,0.879199915,3820.9,3845.7,58.9
590,19.96896934,1.036077053,3819.3,3843.9,59
591,20.07257704,0.054737017,3816,3842.1,59.1
592,20.07805074,-0.488514169,3815.4,3840.7,59.2
593,20.02919933,0.210826334,3813.1,3838.7,59.3
594,20.05028196,-0.063468176,3811.3,3836.2,59.4
595,20.04393514,-0.608731361,3809.5,3833.9,59.5
596,19.98306201,0.509089012,3807.2,3832,59.6
597,20.03397091,-1.152880941,3805,3830,59.7
598,19.91868281,-1.481789116,3802.9,3828,59.8
599,19.7705039,0.048271279,3801.2,3825.5,59.9
600,19.77533103,-0.696837553,3799.5,3823.8,60
601,19.70564727,-0.341678702,3797.2,3821.8,60.1
602,19.6714794,-0.168652174,3795,3820,60.2
603,19.65461419,-0.563056054,3793.1,3817.9,60.3
604,19.59830858,-0.60085113,3791.4,3816,60.4
605,19.53822347,-0.839123301,3789.6,3814.4,60.5
606,19.45431114,-0.412496834,3787.1,3812.4,60.6
607,19.41306145,0.607468799,3785,3810.9,60.7
608,19.47380833,0.106763663,3783,3808.8,60.8
609,19.4844847,0.201201367,3781.1,3806.5,60.9
610,19.50460484,0.279058249,3779.4,3804.4,61
611,19.53251066,0.187893604,3776.9,3802.5,61.1
612,19.55130002,-0.020321635,3774.4,3800.9,61.2
613,19.54926786,-0.005882531,3772.5,3799.2,61.3
614,19.54867961,-0.190935738,3770.4,3796.8,61.4
615,19.52958603,0.417703596,3768.1,3794.5,61.5
616,19.57135639,0.898174751,3765.6,3792.7,61.6
617,19.66117387,1.014665902,3763.3,3791,61.7
618,19.76264046,0.782244744,3761.4,3789,61.8
619,19.84086493,0.596600897,3759.2,3786.9,61.9
620,19.90052502,1.057636798,3756.9,3785,62
621,20.0062887,0.441589081,3755,3782.7,62.1
622,20.05044761,0.848841683,3752.7,3781.1,62.2
623,20.13533178,1.15845655,3750.8,3779,62.3
624,20.25117743,1.13588181,3748.2,3776.9,62.4
625,20.36476561,0.729353375,3746.4,3775,62.5
626,20.43770095,0.543956435,3744.1,3772.9,62.6
627,20.49209659,0.492709249,3742.3,3770.8,62.7
628,20.54136752,0.348408907,3740,3768.6,62.8
629,20.57620841,0.171914671,3737.5,3766.1,62.9
630,20.59339988,0.090909636,3736,3764.2,63
631,20.60249084,0.093826195,3735.3,3762.2,63.1
632,20.61187346,0.033082793,3734.7,3760.6,63.2
633,20.61518174,0.127137225,3732.5,3758.1,63.3
634,20.62789546,0.142339582,3730.6,3755.8,63.4
635,20.64212942,0.03202506,3728.4,3753.5,63.5
636,20.64533193,0.153711576,3726,3751.2,63.6
637,20.66070308,-1.242461772,3724,3749.1,63.7
638,20.53645691,-0.668427533,3722.3,3746.8,63.8
639,20.46961415,-0.6355604,3720.5,3745,63.9
640,20.40605811,-0.078556419,3718.6,3742.3,64
641,20.39820247,0.00394252,3716.2,3740.4,64.1
642,20.39859672,0.318703219,3714,3738.5,64.2
643,20.43046704,-0.551978383,3712.3,3737,64.3
644,20.37526921,-0.384471919,3710.7,3736.3,64.4
645,20.33682201,-0.360693813,3708.6,3735.7,64.5
646,20.30075263,-0.160231129,3706.7,3733.2,64.6
647,20.28472952,0.095555809,3704.6,3731.2,64.7
648,20.2942851,0.014518726,3702.9,3729.1,64.8
649,20.29573697,-0.059105472,3701.2,3726.7,64.9
650,20.28982643,-1.28269703,3697.9,3724.4,65
651,20.16155672,-0.740029019,3696.6,3722.6,65.1
652,20.08755382,-1.92705462,3694.6,3721,65.2
653,19.89484836,-1.195977744,3692.8,3719.2,65.3
654,19.77525059,-1.076499123,3691.2,3717.1,65.4
655,19.66760067,0.039632414,3689.4,3715,65.5
656,19.67156391,-1.346658795,3686.7,3713.1,65.6
657,19.53689803,-1.067310143,3684.4,3711.4,65.7
658,19.43016702,-0.648773248,3682.4,3710,65.8
659,19.3652897,-0.168944369,3680.7,3707.9,65.9
660,19.34839526,0.051932053,3678.5,3705.8,66
661,19.35358846,0.549897907,3676.4,3704.1,66.1
662,19.40857825,1.017537562,3674.6,3702.4,66.2
663,19.51033201,0.964048591,3672.9,3701.2,66.3
664,19.60673687,0.708946969,3671.2,3697.9,66.4
665,19.67763157,0.46978947,3669.6,3696.3,66.5
666,19.72461051,0.765257956,3667.4,3694.3,66.6
667,19.80113631,0.32395504,3665.3,3692.6,66.7
668,19.83353181,-0.866724997,3663.4,3691,66.8
669,19.74685931,-1.117696654,3661.8,3689,66.9
670,19.63508965,-0.945960289,3660,3686.5,67
671,19.54049362,-1.25617147,3657.8,3684.4,67.1
672,19.41487647,-0.665928132,3656,3682.5,67.2
673,19.34828366,0.610890878,3654,3680.7,67.3
674,19.40937275,0.388781807,3652,3678.8,67.4
675,19.44825093,-0.829562328,3650.6,3676.7,67.5
676,19.3652947,0.135044541,3648.7,3675,67.6
677,19.37879915,0.321261326,3646.6,3672.9,67.7
678,19.41092528,-0.625400087,3644.7,3671.4,67.8
679,19.34838527,-0.168272297,3642.9,3670,67.9
680,19.33155804,-0.210923903,3641,3667.4,68
681,19.31046565,-0.870165172,3638.9,3665.5,68.1
682,19.22344914,-0.7776102,3636.8,3663.6,68.2
683,19.14568812,-0.356154224,3634.6,3662.2,68.3
684,19.11007269,-0.341383997,3632.5,3660.3,68.4
685,19.07593429,-0.211177509,3630.7,3658.4,68.5
686,19.05481654,0.088637567,3628.6,3656.2,68.6
687,19.0636803,0.649941287,3626.8,3654.2,68.7
688,19.12867443,-0.084040194,3625,3652.4,68.8
689,19.12027041,0.545846139,3623.6,3650.6,68.9
690,19.17485502,0.734131709,3622.3,3648.4,69
691,19.24826819,0.887377648,3620.9,3646.6,69.1
692,19.33700596,0.425147404,3620,3644.2,69.2
693,19.3795207,0.01832876,3618.3,3642.4,69.3
694,19.38135358,-0.180326079,3617.2,3641,69.4
695,19.36332097,-0.448957784,3616.1,3638.9,69.5
696,19.31842519,-0.495842069,3615.5,3636.8,69.6
697,19.26884098,-0.659975296,3613.6,3635,69.7
698,19.20284345,-0.533941305,3611.7,3632.9,69.8
699,19.14944932,-0.765623298,3610.1,3630.7,69.9
700,19.07288699,-0.765292698,3607.7,3629.6,70
701,18.99635772,-2.750439373,3605.4,3627.3,70.1
702,18.72131379,-1.515376416,3603.6,3625.9,70.2
703,18.56977614,-1.701608615,3601.8,3624.6,70.3
704,18.39961528,-2.099016824,3600.2,3623.2,70.4
705,18.1897136,1.006257262,3598.1,3621.8,70.5
706,18.29033933,0.736338448,3595.8,3620.9,70.6
707,18.36397317,0.456935464,3593.9,3620,70.7
708,18.40966672,0.263139825,3592.2,3618.3,70.8
709,18.4359807,-0.829212896,3590.6,3617.2,70.9
710,18.35305941,0.595356805,3588.8,3616.1,71
711,18.41259509,-0.091822398,3586.8,3615.5,71.1
712,18.40341285,-0.035653422,3585,3613.6,71.2
713,18.39984751,-1.109471634,3582.8,3611.7,71.3
714,18.28890034,-0.207801659,3581.1,3610.1,71.4
715,18.26812018,-0.631770858,3579.5,3607.8,71.5
716,18.20494309,-0.649134343,3577.7,3605.7,71.6
717,18.14002966,-0.086411041,3575.7,3603.8,71.7
718,18.13138855,0.656973401,3573.8,3602.3,71.8
719,18.19708589,0.074838993,3572.1,3600.7,71.9
720,18.20456979,-1.053429518,3570.7,3598.8,72
721,18.09922684,0.423736014,3568.6,3596.4,72.1
722,18.14160044,0.07785014,3566.1,3594.4,72.2
723,18.14938546,-0.04827271,3564.2,3592.5,72.3
724,18.14455819,0.058082186,3561.7,3591,72.4
725,18.15036641,0.376834212,3560,3589,72.5
726,18.18804983,-0.957695412,3557.8,3587,72.6
727,18.09228029,-0.257761486,3556.2,3585.3,72.7
728,18.06650414,-0.119005252,3554.7,3583.5,72.8
729,18.05460361,0.094901504,3552.8,3581.8,72.9
730,18.06409376,-0.897288801,3551.2,3580.3,73
731,17.97436488,0.706489323,3550,3578.4,73.1
732,18.04501381,-0.16077856,3547.7,3576.8,73.2
733,18.02893596,-0.169279734,3545.9,3575,73.3
734,18.01200798,-0.897393678,3544.6,3573,73.4
735,17.92226862,-0.903401821,3542.7,3571.8,73.5
736,17.83192843,-1.051665721,3540.9,3570,73.6
737,17.72676186,-0.363789221,3540,3568.1,73.7
738,17.69038294,-0.195969089,3532.5,3566.1,73.8
739,17.67078603,-0.237648343,3532.5,3564.2,73.9
740,17.6470212,-0.097749086,3531.3,3562.2,74
741,17.63724629,-0.047117792,3530.2,3560,74.1
742,17.63253451,-0.38580016,3529.1,3558.4,74.2
743,17.59395449,0.82712367,3527.8,3556.2,74.3
744,17.67666686,0.355264329,3526.6,3554.7,74.4
745,17.71219329,0.132836694,3525.4,3552.8,74.5
746,17.72547696,-0.057587476,3523.7,3551.2,74.6
747,17.71971822,-0.19496403,3521.6,3549.6,74.7
748,17.70022181,0.463780036,3519.6,3547.7,74.8
749,17.74659982,0.074733276,3517.7,3545.9,74.9
750,17.75407314,-0.099722236,3516,3543.6,75
751,17.74410092,0.902139226,3514.2,3541.8,75.1
752,17.83431484,1.061162513,3511.9,3540.9,75.2
753,17.94043109,0.406814741,3509.9,3539.5,75.3
754,17.98111257,0.17246611,3508.1,3532.5,75.4
755,17.99835918,0.080822116,3506.3,3532.3,75.5
756,18.00644139,-1.180856618,3504.7,3531.2,75.6
757,17.88835573,0.313457086,3502.9,3530.2,75.7
758,17.91970144,0.925251371,3501,3529.2,75.8
759,18.01222657,0.466982552,3499.2,3528.1,75.9
760,18.05892483,0.298926834,3497.3,3527,76
761,18.08881751,0.14311662,3495.3,3525.7,76.1
762,18.10312918,0.084523798,3493.7,3524,76.2
763,18.11158155,-2.103424737,3491.8,3521.6,76.3
764,17.90123908,-1.628111933,3490.3,3519.6,76.4
765,17.73842789,-0.870323724,3488.3,3517.5,76.5
766,17.65139552,-1.117825029,3486.4,3515.9,76.6
767,17.53961301,-0.637335658,3484.3,3513.9,76.7
768,17.47587945,-0.20526968,3482.4,3511.7,76.8
769,17.45535248,-0.293031719,3481,3509.6,76.9
770,17.42604931,0.641754419,3479.1,3507.9,77
771,17.49022475,1.008501736,3477.6,3506.3,77.1
772,17.59107492,0.765884183,3475.9,3504.7,77.2
773,17.66766334,0.861771183,3474.4,3502.6,77.3
774,17.75384046,0.789040357,3472.6,3500.8,77.4
775,17.83274449,0.475500129,3470.9,3498.7,77.5
776,17.88029451,-0.35975494,3468.8,3496.8,77.6
777,17.84431901,-0.229752019,3466.5,3494.8,77.7
778,17.82134381,-0.665381131,3463.8,3493.1,77.8
779,17.7548057,-1.910110204,3461.2,3491.1,77.9
780,17.56379468,-0.444560455,3458.2,3489.3,78
781,17.51933863,-0.057337527,3455.4,3487.4,78.1
782,17.51360488,0.08957948,3452.7,3485,78.2
783,17.52256283,0.334092435,3452.4,3482.9,78.3
784,17.55597207,0.451010368,3449.3,3481.4,78.4
785,17.60107311,0.644646921,3446.7,3479.1,78.5
786,17.6655378,0.670689483,3444.6,3477.4,78.6
787,17.73260675,0.674366658,3443.1,3475.6,78.7
788,17.80004341,1.41441882,3441.7,3473.8,78.8
789,17.9414853,1.773166136,3440.5,3472.1,78.9
790,18.11880191,1.806887,3438.9,3470,79
791,18.29949061,1.65371442,3437.2,3467.7,79.1
792,18.46486205,1.36614591,3435.4,3465,79.2
793,18.60147664,0.660876446,3433.9,3462.3,79.3
794,18.66756429,-0.560111667,3432.5,3459.6,79.4
795,18.61155312,-1.400489753,3431.1,3456.4,79.5
796,18.47150415,-0.86796871,3429.7,3455,79.6
797,18.38470727,-1.033588235,3427.7,3453.7,79.7
798,18.28134845,-1.434465701,3426,3450.1,79.8
799,18.13790188,-0.952233388,3424.4,3446.9,79.9
800,18.04267854,-1.422216956,3422.7,3444.6,80
801,17.90045685,-3.289894885,3421.4,3442.9,80.1
802,17.57146736,-1.50521899,3420,3441.4,80.2
803,17.42094546,-0.77567843,3417.9,3440.2,80.3
804,17.34337762,-1.674210554,3416.4,3438.2,80.4
805,17.17595656,-0.554020888,3414.5,3436.6,80.5
806,17.12055447,-0.450020161,3413.3,3434.5,80.6
807,17.07555246,-2.004662295,3411.7,3433,80.7
808,16.87508623,-0.950569516,3410.3,3431.6,80.8
809,16.78002927,0.020009405,3408.6,3430.1,80.9
810,16.78203022,-0.570673551,3406.4,3428.3,81
811,16.72496286,-0.479614667,3405,3426.4,81.1
812,16.67700139,0.127276301,3403.3,3424.7,81.2
813,16.68972902,-1.052956166,3401.7,3423.3,81.3
814,16.58443341,-0.707662628,3400.5,3421.6,81.4
815,16.51366714,0.302250311,3398.8,3420.2,81.5
816,16.54389218,0.398943424,3396.6,3418.4,81.6
817,16.58378652,0.202485203,3395,3416.9,81.7
818,16.60403504,0.124754405,3393.1,3415,81.8
819,16.61651048,-0.015716656,3391.2,3413.4,81.9
820,16.61493881,-0.568444958,3388.8,3411.9,82
821,16.55809432,-1.100627891,3387.3,3410.3,82.1
822,16.44803153,-0.667386666,3385.8,3408.8,82.2
823,16.38129286,-0.346983203,3383.8,3406.9,82.3
824,16.34659454,-0.249210667,3383.1,3405,82.4
825,16.32167347,0.159332179,3381.9,3403.3,82.5
826,16.33760669,0.731729789,3380.8,3401.7,82.6
827,16.41077967,1.087087885,3380,3400,82.7
828,16.51948846,0.875676432,3379,3398.1,82.8
829,16.6070561,0.516291422,3378,3396.6,82.9
830,16.65868524,-0.615953388,3377.5,3394.7,83
831,16.59708991,-0.63259079,3376.5,3393.1,83.1
832,16.53383083,-0.628232718,3376,3391.6,83.2
833,16.47100756,-0.672969624,3375,3390,83.3
834,16.40371059,-0.700938772,3374.5,3388.1,83.4
835,16.33361672,-0.905083978,3373.9,3385.8,83.5
836,16.24310832,-0.827356149,3372.7,3384.6,83.6
837,16.1603727,-0.858462714,3371.5,3383.1,83.7
838,16.07452643,-0.797053022,3370.3,3382.3,83.8
839,15.99482113,-1.017022357,3368.5,3381.2,83.9
840,15.89311889,-0.89434306,3366.6,3380.4,84
841,15.80368459,-0.68342596,3365,3379.5,84.1
842,15.73534199,-0.606878113,3363.2,3378.5,84.2
843,15.67465418,-2.273957627,3361.8,3378,84.3
844,15.44725842,-0.349499391,3360.5,3377,84.4
845,15.41230848,1.769622307,3358.8,3376.5,84.5
846,15.58927071,0.250245894,3356.7,3375.5,84.6
847,15.6142953,1.542568263,3355,3375,84.7
848,15.76855213,0.589811137,3353.1,3374.4,84.8
849,15.82753324,-2.300252839,3351.5,3373,84.9
850,15.59750795,-3.175500861,3350.1,3371.6,85
851,15.27995787,0.965220309,3348.2,3370.2,85.1
852,15.3764799,0.591028206,3346.2,3368.3,85.2
853,15.43558272,0.887037496,3344.6,3366.3,85.3
854,15.52428647,1.166592404,3343,3364.4,85.4
855,15.64094571,0.66953897,3341.4,3362.8,85.5
856,15.70789961,0.80673949,3340,3361.4,85.6
857,15.78857356,0.571563246,3337.8,3360,85.7
858,15.84572988,1.080967603,3336.4,3357.9,85.8
859,15.95382664,1.169047613,3334.5,3355.9,85.9
860,16.0707314,0.731111175,3333.1,3354.1,86
861,16.14384252,-1.310225562,3331.4,3352.5,86.1
862,16.01281996,-0.246027852,3330,3351.1,86.2
863,15.98821718,-0.333628556,3328.3,3349.4,86.3
864,15.95485432,-0.601467499,3326.7,3347.5,86.4
865,15.89470757,0.424551693,3325,3345.5,86.5
866,15.93716274,0.263739359,3323.1,3343.9,86.6
867,15.96353668,-1.262436892,3321.4,3342.5,86.7
868,15.83729299,-0.753991678,3319.3,3340.7,86.8
869,15.76189382,-0.188569374,3317.3,3339.1,86.9
870,15.74303688,-0.179721229,3315.3,3337.4,87
871,15.72506476,0.491554774,3313.7,3335.7,87.1
872,15.77422024,0.428823861,3312,3334.1,87.2
873,15.81710262,0.97467495,3310.3,3332.8,87.3
874,15.91457012,1.562451087,3308.5,3331,87.4
875,16.07081523,1.837493735,3306.9,3329.3,87.5
876,16.2545646,1.479513723,3305,3327.6,87.6
877,16.40251597,1.768329928,3303.8,3326,87.7
878,16.57934897,1.405057705,3302.3,3324.3,87.8
879,16.71985474,1.458058127,3300,3322.6,87.9
880,16.86566055,-0.654460308,3298.5,3321,88
881,16.80021452,1.123408865,3296,3319.3,88.1
882,16.91255541,0.773388108,3293.5,3317.3,88.2
883,16.98989422,0.220020699,3291,3315,88.3
884,17.01189629,-0.823673419,3289.2,3313,88.4
885,16.92952894,-0.473399174,3286.4,3311.7,88.5
886,16.88218903,0.412265366,3284.1,3310,88.6
887,16.92341556,-0.760827078,3282.2,3308.1,88.7
888,16.84733286,0.400850627,3280.7,3306.5,88.8
889,16.88741792,1.147213857,3278.7,3305,88.9
890,17.0021393,1.538022678,3276.5,3303.1,89
891,17.15594157,1.524723484,3274.6,3301.5,89.1
892,17.30841392,0.180549471,3273,3300,89.2
893,17.32646887,0.072188293,3271.5,3298.5,89.3
894,17.3336877,-0.078353102,3270,3296,89.4
895,17.32585239,0.04747616,3268,3294.5,89.5
896,17.3306,0.61849255,3266.1,3292,89.6
897,17.39244926,0.336726133,3264.2,3289.8,89.7
898,17.42612187,0.184813539,3262.4,3287.3,89.8
899,17.44460322,-0.395164248,3260.9,3285,89.9
900,17.4050868,-0.18434235,3259,3282.9,90
901,17.38665256,-0.55812723,3256.9,3281.3,90.1
902,17.33083984,-0.594311064,3255,3279.9,90.2
903,17.27140874,0.264230431,3253.3,3277.5,90.3
904,17.29783178,0.536589291,3251.4,3275.5,90.4
905,17.35149071,0.402146324,3250,3273.8,90.5
906,17.39170534,0.636755163,3247.8,3272.3,90.6
907,17.45538086,0.760864453,3245.8,3270.8,90.7
908,17.5314673,0.546236679,3244,3269,90.8
909,17.58609097,0.408421555,3242.4,3267.1,90.9
910,17.62693313,0.382386941,3240.8,3265,91
911,17.66517182,0.257195386,3238.9,3263.4,91.1
912,17.69089136,0.294818976,3236.7,3261.9,91.2
913,17.72037326,1.031653663,3234.4,3260.3,91.3
914,17.82353862,0.763475522,3232.8,3258.4,91.4
915,17.89988617,0.996716047,3231.1,3256.9,91.5
916,17.99955778,1.376291836,3229.3,3255,91.6
917,18.13718696,0.778912452,3227.3,3253,91.7
918,18.21507821,0.698024377,3225,3251.4,91.8
919,18.28488065,1.212329467,3223,3250,91.9
920,18.40611359,0.882045967,3221,3247.8,92
921,18.49431819,0.128069199,3218.2,3246.2,92.1
922,18.50712511,0.703519599,3215.3,3244.4,92.2
923,18.57747707,0.635798115,3213.6,3242.4,92.3
924,18.64105688,0.260783402,3211.3,3240.8,92.4
925,18.66713522,0.759387747,3208.8,3238.9,92.5
926,18.74307399,0.787294793,3206,3237.2,92.6
927,18.82180347,0.69852857,3203.8,3235,92.7
928,18.89165633,0.508979113,3202.1,3233.3,92.8
929,18.94255424,0.42441051,3200.5,3231.7,92.9
930,18.98499529,1.138818682,3198.7,3229.3,93
931,19.09887716,1.470797939,3196.5,3227.3,93.1
932,19.24595696,1.385312987,3194.6,3225.3,93.2
933,19.38448825,1.176479672,3192.8,3223.3,93.3
934,19.50213622,0.278470868,3191.2,3221.3,93.4
935,19.52998331,-0.170483279,3189.6,3219.1,93.5
936,19.51293498,-0.385694384,3187.4,3216.4,93.6
937,19.47436554,-0.350846113,3185.5,3213.8,93.7
938,19.43928093,-0.265527274,3183.5,3211.4,93.8
939,19.4127282,-0.316535226,3182.2,3209,93.9
940,19.38107468,-0.775667151,3180.5,3206.4,94
941,19.30350797,-0.459354534,3178.8,3204,94.1
942,19.25757251,-0.012549298,3176.8,3202.4,94.2
943,19.25631758,-0.459665624,3175,3200.7,94.3
944,19.21035102,-0.421957383,3173,3198.9,94.4
945,19.16815528,-0.322739465,3171.4,3196.5,94.5
946,19.13588134,-0.770727492,3170,3194.5,94.6
947,19.05880859,-0.48156246,3168,3192.8,94.7
948,19.01065234,-0.339960842,3166,3191,94.8
949,18.97665626,-1.087354846,3164,3189.4,94.9
950,18.86792077,-2.289969851,3162.5,3187.2,95
951,18.63892379,-0.571094631,3161,3185.2,95.1
952,18.58181432,-0.878253939,3159,3183.5,95.2
953,18.49398893,-0.617023006,3157.3,3181.8,95.3
954,18.43228663,0.238930631,3155,3180.2,95.4
955,18.45617969,0.119701955,3153.3,3178,95.5
956,18.46814989,-0.37849203,3151.7,3176.1,95.6
957,18.43030068,-0.222488115,3150,3174.1,95.7
958,18.40805187,-0.176222031,3147.9,3172.1,95.8
959,18.39042967,-0.04044951,3145.8,3170.7,95.9
960,18.38638472,-0.051273894,3143.8,3168.5,96
961,18.38125733,-0.075991723,3141.7,3167,96.1
962,18.37365816,-0.075918294,3140,3165,96.2
963,18.36606633,-0.007568294,3137.5,3163,96.3
964,18.3653095,0.037666949,3135,3161.5,96.4
965,18.36907619,-0.022981363,3133.5,3160,96.5
966,18.36677806,0.026311974,3131,3157.3,96.6
967,18.36940925,-0.003399001,3130,3155.7,96.7
968,18.36906935,0.100255329,3129,3153.3,96.8
969,18.37909489,0.167410963,3126.7,3151.7,96.9
970,18.39583598,0.072347225,3124.3,3150,97
971,18.40307071,0.14686556,3122.6,3147.9,97.1
972,18.41775726,-0.018378297,3121.1,3145.8,97.2
973,18.41591943,-0.151977436,3119.7,3143.8,97.3
974,18.40072169,-0.028799676,3117.7,3141.7,97.4
975,18.39784172,-0.07844074,3115.9,3140,97.5
976,18.38999765,-0.004321445,3114.2,3137.5,97.6
977,18.3895655,-0.056963287,3112.7,3136,97.7
978,18.38386917,-1.543079623,3111.4,3133.5,97.8
979,18.22956121,-0.90175221,3110.2,3131,97.9
980,18.13938599,-1.610847543,3108.4,3130,98
981,17.97830124,-1.012824401,3106.7,3129,98.1
982,17.8770188,-0.717394142,3105,3126.4,98.2
983,17.80527938,-0.575757458,3103.4,3124.1,98.3
984,17.74770364,-2.001871885,3101.9,3122.2,98.4
985,17.54751645,-1.548931086,3100.6,3120.7,98.5
986,17.39262334,-0.944345179,3098.9,3119,98.6
987,17.29818882,-0.973492435,3097.2,3117,98.7
988,17.20083958,-0.64655168,3095.6,3115,98.8
989,17.13618441,-0.470009662,3093.9,3113.5,98.9
990,17.08918344,-1.051734895,3092.6,3112,99
991,16.98400995,-1.646296989,3091.2,3110.6,99.1
992,16.81938025,-0.970414701,3089.8,3108.9,99.2
993,16.72233878,-0.812884367,3087.7,3106.9,99.3
994,16.64105035,-0.598522888,3085.8,3105,99.4
995,16.58119806,-0.565159414,3084,3103.4,99.5
996,16.52468212,0.452475621,3082.5,3101.9,99.6
997,16.56992968,-1.046687297,3080.8,3100.4,99.7
998,16.46526095,-0.016399857,3079.2,3098.6,99.8
999,16.46362096,-0.45609066,3077.8,3096.9,99.9
1000,16.4180119,0.988856573,3076,3095.3,100
1001,16.51689756,0.862871538,3074.2,3093.6,100.1
1002,16.60318471,0.655540307,3073.2,3092.2,100.2
1003,16.66873874,-0.05325005,3071.8,3091,100.3
1004,16.66341374,1.186110823,3070.5,3089,100.4
1005,16.78202482,-0.555281708,3069,3087.5,100.5
1006,16.72649665,-2.014484083,3067,3085.8,100.6
1007,16.52504824,-0.223306343,3065.7,3084,100.7
1008,16.5027176,-1.257201139,3064,3082.5,100.8
1009,16.37699749,-2.915891634,3062,3080.8,100.9
1010,16.08540833,-1.779489104,3060.7,3079.2,101
1011,15.90745942,-0.168258631,3059,3077.5,101.1
1012,15.89063355,-1.53175643,3057,3076,101.2
1013,15.73745791,-0.403143694,3055,3074.2,101.3
1014,15.69714354,-0.000929208,3053,3072.8,101.4
1015,15.69705062,0.100452497,3051.5,3071.2,101.5
1016,15.70709587,0.466951002,3050,3070,101.6
1017,15.75379097,0.678706054,3050,3068.3,101.7
1018,15.82166158,0.565694702,3048.2,3067,101.8
1019,15.87823105,0.480801238,3046.3,3065.7,101.9
1020,15.92631117,1.074616999,3044.7,3064,102
1021,16.03377287,0.824622687,3043.2,3063.3,102.1
1022,16.11623514,0.367330095,3041.9,3062,102.2
1023,16.15296815,0.291013292,3040.8,3060.7,102.3
1024,16.18206948,1.000544313,3039.5,3060,102.4
1025,16.28212391,1.226686837,3037.5,3058,102.5
1026,16.40479259,0.814345685,3035.8,3056,102.6
1027,16.48622716,0.618492895,3034.1,3054,102.7
1028,16.54807645,0.345011198,3032.5,3052.5,102.8
1029,16.58257757,0.164399187,3032,3050.5,102.9
1030,16.59901749,0.178881306,3030.4,3050,103
1031,16.61690562,0.211578114,3028.6,3047.8,103.1
1032,16.63806343,0.393963593,3026.7,3045.7,103.2
1033,16.67745979,-0.269118517,3025.2,3044.1,103.3
1034,16.65054794,-0.474869275,3023.7,3042.5,103.4
1035,16.60306101,-1.293257082,3022.3,3041.3,103.5
1036,16.4737353,-0.666548049,3020.9,3040.2,103.6
1037,16.4070805,-0.228517517,3019.4,3038.6,103.7
1038,16.38422875,-0.274827608,3018,3036.6,103.8
1039,16.35674598,0.252104822,3015.3,3035,103.9
1040,16.38195647,0.461048937,3013.8,3033.6,104
