S=1,S=2,S=3,S=4,S=5,t
19.72222222,19.72222222,19.72222222,19.72222222,19.72222222,0
19.45040596,19.47223996,19.49346025,19.51406684,19.53405972,0.1
18.9998925,19.06042798,19.11874189,19.17486098,19.22881216,0.2
18.38287255,18.50417819,18.61983276,18.72996499,18.83470532,0.3
17.34600839,17.571916,17.78535427,17.98665869,18.17618673,0.4
15.87942978,16.27483677,16.64591323,16.99295506,17.31645053,0.5
13.95743078,14.60709177,15.21797746,15.78767048,16.31489055,0.6
11.03614264,11.97379894,12.88887467,13.76535319,14.59056194,0.7
7.828363222,8.850377434,9.947783915,11.08606058,12.22701039,0.8
5.496422935,6.280304746,7.22943848,8.346206956,9.606908108,0.9
4.130205343,4.631369193,5.26832985,6.086747538,7.132014805,1
3.36331708,3.688414715,4.094042901,4.615723791,5.306747353,1.1
2.934368103,3.166887728,3.44842053,3.800272163,4.256632982,1.2
2.676460651,2.856113371,3.067939322,3.325102949,3.648682258,1.3
2.513493863,2.65993534,2.828834422,3.028827117,3.273520955,1.4
2.402210351,2.525435248,2.664861778,2.826368443,3.019050243,1.5
2.330453052,2.437153891,2.555943239,2.690995069,2.848663586,1.6
2.297567651,2.393085082,2.498082691,2.615715408,2.750730058,1.7
2.285565477,2.372713752,2.467483062,2.572335065,2.690939551,1.8
2.287798691,2.368369719,2.455167117,2.550153503,2.656233556,1.9
2.302192162,2.377543134,2.458058723,2.545335468,2.641723296,2
2.325049714,2.396121871,2.471517918,2.552553662,2.641157832,2.1
2.353532466,2.420986831,2.492075127,2.567889192,2.65002461,2.2
2.388546972,2.452991327,2.520510493,2.592019504,2.668853025,2.3
2.426914962,2.488742494,2.553169553,2.620964266,2.693245967,2.4
2.470668288,2.530297507,2.592134557,2.656829075,2.72532781,2.5
2.517772827,2.57549643,2.635093669,2.69711498,2.762363404,2.6
2.568006819,2.624077672,2.681735379,2.74144668,2.803893962,2.7
2.619200924,2.673774817,2.729678829,2.787305914,2.847232557,2.8
2.673678284,2.726958732,2.781349059,2.837179844,2.894938416,2.9
2.730101548,2.782234114,2.835282197,2.889522044,2.945363614,3
2.788249232,2.839358637,2.891210891,2.94403455,2.998171887,3.1
2.847935148,2.898129048,2.948911472,3.000468821,3.053083722,3.2
2.909193432,2.958569448,3.008395906,3.058821869,3.110077285,3.3
2.972046384,3.020692989,3.069666345,3.119082372,3.16912439,3.4
3.036545958,3.084546531,3.132762956,3.18128168,3.230244648,3.5
3.101503574,3.148910025,3.196429759,3.244122181,3.292091359,3.6
3.164552765,3.211371637,3.258202827,3.30507934,3.352068352,3.7
3.229306875,3.275604959,3.3218246,3.367975236,3.41409117,3.8
3.294769299,3.340589414,3.386247296,3.431730774,3.477044069,3.9
3.361392721,3.40678334,3.45193513,3.496816279,3.541403721,4
3.42966068,3.474688549,3.51940793,3.563769195,3.607724562,4.1
3.499242517,3.543960222,3.588305526,3.632212497,3.675610773,4.2
3.574708453,3.619266359,3.663399709,3.707029141,3.750065703,4.3
3.651859997,3.696305537,3.740279064,3.783688989,3.826429462,4.4
3.73157727,3.775973077,3.819854724,3.86311972,3.905647165,4.5
3.813265209,3.857661592,3.901505624,3.944684903,3.987064856,4.6
3.892604974,3.936965345,3.980733954,4.023788262,4.065979734,4.7
3.972008056,4.016342078,4.060046493,4.102989043,4.145007826,4.8
4.053005499,4.097350997,4.141032088,4.183907547,4.225803149,4.9
4.134063251,4.178428054,4.222094915,4.264913974,4.306699158,5
4.214616656,4.259000094,4.302652628,4.345415936,4.387092338,5.1
4.297263857,4.341709525,4.385394302,4.428152112,4.469774658,5.2
4.379988988,4.424503108,4.468227332,4.510988086,4.552566809,5.3
4.462129976,4.506706365,4.550464236,4.593222633,4.634752905,5.4
4.544729308,4.58937619,4.633177246,4.675944472,4.717439586,5.5
4.629488678,4.67424298,4.718126657,4.760945242,4.80245164,5.6
4.71265428,4.757496481,4.801442626,4.844291662,4.885787514,5.7
4.79626186,4.84120515,4.885227858,4.92812256,4.969624501,5.8
4.878671266,4.923696264,4.967776014,5.010696718,5.052184944,5.9
4.962461085,5.007591335,5.051753271,5.094727095,5.136231211,6
5.045703954,5.090929612,5.135164195,5.178181995,5.219693385,6.1
5.129471629,5.174803614,5.219122621,5.262197235,5.303730076,6.2
5.213610749,5.259055095,5.303465336,5.34660454,5.388167836,6.3
5.298042908,5.343605146,5.388112817,5.431323627,5.472925436,6.4
5.380740173,5.426394317,5.470972919,5.514228234,5.555840735,6.5
5.460857914,5.506571718,5.551187818,5.594452777,5.636039356,6.6
5.540778608,5.586556,5.63121375,5.67449278,5.716058217,6.7
5.620201363,5.666044628,5.710746251,5.754041495,5.795587835,6.8
5.70016755,5.746084192,5.79083804,5.834158901,5.875696871,6.9
5.780663903,5.826661115,5.871475176,5.914830621,5.956370425,7
5.861156736,5.907239026,5.952118111,5.995513324,6.037060618,7.1
5.941507316,5.987678476,6.03262655,6.076065704,6.117624918,7.2
6.022099466,6.068364947,6.113387934,6.156877535,6.198455906,7.3
6.102570744,6.148934321,6.194036152,6.23758032,6.279182201,7.4
6.183297178,6.229764172,6.274950616,6.318555664,6.360188053,7.5
6.263922968,6.310497149,6.355772116,6.399442126,6.441109314,7.6
6.344244681,6.390928949,6.436295316,6.480033122,6.521737884,7.7
6.424778275,6.471577577,6.517040654,6.560852014,6.602600664,7.8
6.502774417,6.549654892,6.595180015,6.639029311,6.680785093,7.9
6.582307881,6.629289422,6.674897534,6.718806988,6.760593698,8
6.663929556,6.711040419,6.756760928,6.800761335,6.842611475,8.1
6.748521507,6.795800173,6.841672973,6.885805924,6.927763175,8.2
6.83054073,6.877956175,6.923949438,6.96818214,7.010212527,8.3
6.914245402,6.961817457,7.007951938,7.052306266,7.09443305,8.4
6.999569413,7.047318688,7.09361577,7.138114038,7.180360672,8.5
7.086644591,7.13459295,7.181075255,7.225740999,7.268132144,8.6
7.173502456,7.22165157,7.268320733,7.313155527,7.35569267,8.7
7.260870624,7.309225078,7.356086054,7.401095304,7.443784408,8.8
7.349356404,7.39792694,7.444991038,7.490186738,7.533040653,8.9
7.438123023,7.486913831,7.53418543,7.579572188,7.622595791,9
7.527934805,7.576957993,7.624449625,7.670040476,7.713247426,9.1
7.617320773,7.666574581,7.714284395,7.760077368,7.803465527,9.2
7.706028171,7.755505022,7.803425371,7.849412729,7.892974244,9.3
7.796870985,7.846592517,7.894745788,7.940950828,7.984710124,9.4
7.889563628,7.939548409,7.987953767,8.03439638,8.078374256,9.5
7.98221721,8.032467728,8.081127657,8.127810309,8.17200919,9.6
8.075176741,8.125697103,8.174615843,8.221542924,8.26596738,9.7
8.168735574,8.219531455,8.26871491,8.315892606,8.360549162,9.8
8.262695201,8.313770571,8.363222882,8.410655529,8.455548762,9.9
8.356754368,8.408113781,8.457839497,8.505531625,8.550666022,10
8.451223489,8.502870938,8.552874212,8.600830161,8.646210294,10.1
8.547237635,8.599188417,8.649484913,8.697720797,8.743363341,10.2
8.643428355,8.695685002,8.746277322,8.794795819,8.840703538,10.3
8.740931005,8.793504692,8.84440433,8.893217334,8.939402627,10.4
8.838811745,8.891706409,8.942917408,8.992029081,9.038496251,10.5
8.937311912,8.99053473,9.042064372,9.091482123,9.138238736,10.6
9.035896728,9.089450853,9.141302291,9.191029259,9.238078418,10.7
9.134644532,9.188532836,9.240708978,9.290748102,9.338092776,10.8
9.234228048,9.288458851,9.340968154,9.39132806,9.438977092,10.9
9.33538012,9.389966141,9.44282158,9.493515578,9.54148272,11
9.438673295,9.493628904,9.546845175,9.597888414,9.646189435,11.1
9.54370461,9.599040822,9.65262916,9.704033187,9.752680079,11.2
9.650339785,9.70606739,9.760038705,9.811814629,9.860818813,11.3
9.758398765,9.814524266,9.868885191,9.921039859,9.970408511,11.4
9.865988842,9.922512984,9.977264174,10.0297981,10.07953151,11.5
9.973468332,10.03040027,10.08555065,10.13847244,10.18857884,11.6
10.0819844,10.13932999,10.19488546,10.24820111,10.29868664,11.7
10.19160308,10.24936662,10.30533152,10.3590455,10.40991483,11.8
10.30270316,10.36089036,10.4172704,10.4713885,10.52264762,11.9
10.41234259,10.47095447,10.52775053,10.58227332,10.63392236,12
10.52235115,10.58138869,10.63860176,10.6935303,10.74557035,12.1
10.63276791,10.69223421,10.74986734,10.80520466,10.85763874,12.2
10.74355433,10.80345304,10.86150986,10.91725948,10.97009109,12.3
10.85469538,10.91503043,10.97351476,11.02968048,11.0829133,12.4
10.9670389,11.02781386,11.08672922,11.14331453,11.19695218,12.5
11.07988334,11.14109919,11.20044653,11.25745237,11.31149583,12.6
11.19461417,11.25627005,11.3160484,11.37347386,11.42792245,12.7
11.31004499,11.37214223,11.43235277,11.49019894,11.54505371,12.8
11.42634086,11.48887929,11.54952169,11.60778812,11.66304859,12.9
11.54403492,11.60701157,11.66808261,11.72676588,11.78242863,13
11.66227857,11.72569292,11.78719187,11.84629112,11.90235517,13.1
11.78096685,11.84481778,11.90674335,11.96625715,12.02272098,13.2
11.89949792,11.96378929,12.02614524,12.0860772,12.14294423,13.3
12.01858194,12.0833124,12.14609713,12.20644547,12.2637138,13.4
12.13871707,12.20388125,12.26708902,12.3278477,12.38551109,13.5
12.26025991,12.32584612,12.38946468,12.45062101,12.50866659,13.6
12.38225195,12.44825519,12.5122793,12.57382787,12.63225009,13.7
12.5043803,12.57080122,12.63523131,12.69717231,12.75597115,13.8
12.6272786,12.69410751,12.75893347,12.82125646,12.88042125,13.9
12.75101253,12.81823747,12.88344678,12.9461388,13.0056563,14
12.87322898,12.94087673,13.0064966,13.06958505,13.12948255,14.1
12.99582144,13.06388926,13.12991657,13.19339801,13.2536718,14.2
13.12000102,13.18846131,13.25486764,13.318713,13.3793337,14.3
13.24410208,13.31295834,13.37974699,13.4439594,13.50492989,14.4
13.36857082,13.43781706,13.50498163,13.56955429,13.63086748,14.5
13.49432124,13.56392719,13.63143635,13.69633711,13.7579603,14.6
13.6205931,13.69054426,13.75838288,13.82359604,13.88551312,14.7
13.74720711,13.81749183,13.88564781,13.9511609,14.01335912,14.8
13.87388756,13.94450299,14.01297327,14.078783,14.1412589,14.9
14.00052983,14.07147749,14.14026335,14.20637081,14.26912525,15
14.12723766,14.19851455,14.26761277,14.33401451,14.39704384,15.1
14.25525857,14.32680871,14.39616154,14.46279834,14.52604234,15.2
14.38353,14.45533871,14.52493085,14.59178688,14.65522927,15.3
14.51020344,14.58234304,14.65224839,14.71939876,14.78311534,15.4
14.63734178,14.70979425,14.77999396,14.84741908,14.91138972,15.5
14.7649199,14.83766508,14.90813813,14.97581626,15.04001863,15.6
14.8928338,14.96585373,15.03658135,15.10449301,15.16890705,15.7
15.02113628,15.09440619,15.16536273,15.23348151,15.29808027,15.8
15.14977963,15.22327424,15.2944334,15.36273209,15.42748766,15.9
15.27868074,15.35237587,15.42371263,15.49216553,15.55705166,16
15.40784754,15.4817144,15.55319878,15.62177485,15.68675967,16.1
15.53724489,15.61125054,15.6828486,15.75151302,15.81656111,16.2
15.66672334,15.74084894,15.81254122,15.88127405,15.94636504,16.3
15.79597438,15.87024452,15.94205593,16.0108823,16.0760415,16.4
15.92491815,15.99936271,16.07132356,16.1402741,16.20553226,16.5
16.05435328,16.12889874,16.20093353,16.2699311,16.33520992,16.6
16.18357555,16.2582472,16.33038164,16.39945226,16.46477795,16.7
16.31286676,16.38764439,16.4598576,16.52897987,16.59433064,16.8
16.44226577,16.5171165,16.58937463,16.65851385,16.72385443,16.9
16.57173174,16.64662089,16.71888823,16.78800789,16.85330116,17
16.70108639,16.77602891,16.84832055,16.91743581,16.98269696,17.1
16.83053957,16.90546596,16.97771061,17.04674869,17.11190391,17.2
16.95994896,17.03481268,17.10696268,17.17587501,17.24087512,17.3
17.08929429,17.16411098,17.23618227,17.3049851,17.36984659,17.4
17.21855876,17.29328706,17.36523722,17.43388728,17.4985663,17.5
17.34757192,17.42212252,17.49386026,17.5622646,17.62666708,17.6
17.47641267,17.55075481,17.62224866,17.69037532,17.75446898,17.7
17.60489733,17.67896628,17.75015019,17.81793205,17.88164912,17.8
17.73308459,17.8068384,17.87766964,17.94506339,18.00836023,17.9
17.86099225,17.93439674,18.00484057,18.07181113,18.13465253,18
17.98871855,18.06175689,18.13179639,18.19832682,18.260696,18.1
18.11604993,18.1886761,18.2582644,18.32430724,18.38615642,18.2
18.24331729,18.31553265,18.38467148,18.45022886,18.51156065,18.3
18.3705193,18.44232526,18.51101637,18.57609046,18.63690749,18.4
18.49744209,18.56881282,18.63703031,18.70159532,18.76187209,18.5
18.62389079,18.69477726,18.76247136,18.82647699,18.88616299,18.6
18.74981758,18.82016964,18.88728952,18.95068454,19.00972842,18.7
18.87380596,18.94344517,19.00980959,19.07241062,19.13062775,18.8
18.99708314,19.06595852,19.13151643,19.19327258,19.25061252,18.9
19.11852122,19.18649752,19.25111209,19.31188545,19.3682099,19
19.23929613,19.30633795,19.36997455,19.4297315,19.48500799,19.1
19.35911298,19.42516131,19.48776083,19.54644242,19.60061254,19.2
19.47676879,19.54169058,19.60311896,19.66059059,19.71351982,19.3
19.59313353,19.65686095,19.71705075,19.77324568,19.82486832,19.4
19.7083933,19.77087515,19.82977608,19.88464522,19.93491361,19.5
19.82218139,19.88334479,19.94088444,19.9943561,20.04319966,19.6
19.93476365,19.99455864,20.05068825,20.10271518,20.15008841,19.7
20.04570185,20.10405277,20.15869731,20.20920541,20.25503546,19.8
20.15525114,20.21210232,20.26520736,20.31414367,20.35837934,19.9
20.26318565,20.31847757,20.36998525,20.41729379,20.45988129,20
20.36939022,20.42305996,20.47290894,20.51853027,20.55941225,20.1
20.47411279,20.52611331,20.57425849,20.61814962,20.65728544,20.2
20.57687731,20.62713952,20.6735134,20.7156087,20.75293483,20.3
20.67819127,20.72668086,20.7712517,20.81152215,20.84701245,20.4
20.77755517,20.82421555,20.86692901,20.9053227,20.93892787,20.5
20.8807428,20.92576853,20.96682317,21.00354225,21.0354674,20.6
20.9762313,21.01932185,21.05841759,21.09316321,21.12311164,20.7
21.07372915,21.11499862,21.15225309,21.18514615,21.2132417,20.8
21.1705652,21.21001549,21.24543317,21.27648072,21.302733,20.9
21.26682349,21.30446313,21.33805526,21.36727129,21.39169691,21
21.3609952,21.39677605,21.42849706,21.45583866,21.47839748,21.1
21.45330749,21.48719082,21.51700448,21.54243799,21.56309901,21.2
21.54122367,21.57308336,21.600866,21.6242705,21.64291579,21.3
21.62861279,21.65847067,21.68424723,21.70565063,21.72231093,21.4
21.71451836,21.74236176,21.76612242,21.78551776,21.80018889,21.5
21.80047495,21.82635006,21.84814409,21.86558358,21.87832043,21.6
21.88813476,21.91213969,21.93206794,21.94765486,21.95856278,21.7
21.97376955,21.99587204,22.01390477,22.02761189,22.03666613,21.8
22.06150431,22.08181136,22.09805788,22.10999648,22.1173099,21.9
22.14298869,22.16133459,22.17563197,22.18564217,22.19105823,22
22.21959075,22.23587097,22.24811777,22.25610135,22.25952504,22.1
22.29569693,22.30994389,22.32017523,22.32616977,22.32764096,22.2
22.37331101,22.38561498,22.39392339,22.39802339,22.39763817,22.3
22.44559389,22.45584437,22.46212232,22.46422331,22.46188027,22.4
22.51564225,22.52382397,22.52805883,22.52815068,22.52384205,22.5
22.58355409,22.58965972,22.59184683,22.58992738,22.5836533,22.6
22.65007393,22.65412186,22.65428222,22.65037486,22.64216081,22.7
22.71746456,22.71953235,22.71774555,22.71193162,22.70186035,22.8
22.77900764,22.77899527,22.77516428,22.76734969,22.75532998,22.9
22.84688395,22.84500812,22.83935046,22.82975302,22.81600239,23
22.90789726,22.90403987,22.89644056,22.88494841,22.86935803,23.1
22.96500364,22.95912873,22.94955438,22.9361365,22.91867754,23.2
23.01758956,23.00965395,22.99806404,22.98268238,22.96331905,23.3
23.07341214,23.06355132,23.05008229,23.03287389,23.01174337,23.4
23.12174894,23.10985459,23.09440108,23.07526341,23.05226585,23.5
23.16934351,23.15546209,23.13807211,23.11705443,23.09224,23.6
23.21071219,23.19477757,23.17538754,23.15242861,23.1257382,23.7
23.25327442,23.23538211,23.21408855,23.18928559,23.16081673,23.8
23.29419293,23.27437919,23.2512198,23.22461162,23.19440395,23.9
23.33258984,23.31087248,23.28586647,23.25747346,23.22554819,24
23.36951326,23.34593499,23.31912623,23.28899308,23.25539543,24.1
23.39963714,23.37414344,23.34547946,23.31355555,23.27823645,24.2
23.43417736,23.40692486,23.37656197,23.34300295,23.30611705,24.3
23.47204195,23.44315784,23.41122283,23.3761548,23.33782721,24.4
23.5090938,23.47862518,23.44516549,23.40863596,23.36891401,24.5
23.53734278,23.50520091,23.47012975,23.43205369,23.39085383,24.6
23.56958993,23.5359039,23.49934945,23.45985389,23.41730175,24.7
23.60639066,23.57129116,23.53338291,23.49259591,23.44881789,24.8
23.63717592,23.60061914,23.56131433,23.51919397,23.47414877,24.9
23.6642527,23.62623451,23.5855294,23.54207216,23.49575623,25
23.68712972,23.64764432,23.60553356,23.56073428,23.51314246,25.1
23.706485,23.6655377,23.62202676,23.57589087,23.52702831,25.2
23.7280491,23.68573367,23.64091534,23.59353452,23.54349158,25.3
23.7518243,23.70823055,23.66219362,23.61365542,23.56251827,25.4
23.76640316,23.72146023,23.67413479,23.62437007,23.57207006,25.5
23.77625712,23.72996162,23.68134431,23.63034951,23.5768827,25.6
23.77669516,23.72898505,23.67901444,23.62672852,23.57203394,25.7
23.77636456,23.72729546,23.67602637,23.62250319,23.56663357,25.8
23.77542484,23.72505365,23.6725421,23.61783663,23.56084577,25.9
23.77075251,23.71909457,23.66535533,23.60948164,23.5513827,26
23.74992049,23.69684191,23.64174192,23.58456746,23.52522803,26.1
23.72749616,23.67305331,23.616648,23.55822709,23.49770024,26.2
23.70355122,23.64779968,23.59014355,23.53052953,23.4688673,26.3
23.68775848,23.63086013,23.57211295,23.51146346,23.44882146,26.4
23.67264431,23.61467025,23.55490173,23.49328508,23.42973011,26.5
23.6613199,23.60236389,23.54166605,23.47917246,23.41479295,26.6
23.65666836,23.59684821,23.53533677,23.47207993,23.40698758,26.7
23.65131396,23.59066634,23.52837673,23.46439076,23.39861833,26.8
23.64429125,23.58284231,23.51979954,23.45510824,23.38867825,26.9
23.63494322,23.57271412,23.50893829,23.44356061,23.37649075,27
23.62378134,23.56079451,23.49630687,23.43026284,23.36257186,27.1
23.6108681,23.54714621,23.48196825,23.41527813,23.34698501,27.2
23.59286191,23.52840146,23.46252879,23.39518722,23.32628546,27.3
23.5701819,23.50498026,23.43840928,23.37041154,23.30089526,27.4
23.54810613,23.48221281,23.41499165,23.34638455,23.2762992,27.5
23.52660616,23.46006784,23.39224187,23.32306945,23.25245776,27.6
23.5021055,23.43493493,23.36651581,23.29678857,23.22565984,27.7
23.47176599,23.40395452,23.33493265,23.26463998,23.19298246,27.8
23.43543212,23.3669698,23.29733424,23.22646413,23.15426464,27.9
23.40049247,23.33143221,23.26123456,23.18983735,23.11714499,28
23.36966541,23.30009185,23.22941548,23.15757333,23.08446918,28.1
23.33318578,23.2630791,23.19190311,23.119594,23.04605479,28.2
23.31049791,23.23999161,23.16844773,23.09580181,23.02195641,28.3
23.28300326,23.21209079,23.14017158,23.06718045,22.99301945,28.4
23.25034975,23.1790206,23.10671462,23.03336587,22.95887576,28.5
23.21120195,23.13943546,23.06672114,22.99299218,22.91814931,28.6
23.1673207,23.0951122,23.02198389,22.94786809,22.87266472,28.7
23.15018204,23.07774133,23.00440702,22.93011097,22.85475281,28.8
23.15815081,23.08565668,23.01229318,22.93799202,22.86265299,28.9
23.13895594,23.06625258,22.99270438,22.91824257,22.84276665,29
23.1355815,23.06278441,22.98916558,22.914656,22.83915514,29.1
23.12094883,23.04800059,22.97425328,22.89963751,22.82405254,29.2
23.1054359,23.03234266,22.95847222,22.8837548,22.80808945,29.3
23.06936381,22.99600474,22.92188984,22.84694865,22.77107965,29.4
23.03030011,22.95667467,22.88231397,22.80714686,22.7310712,29.5
22.98876988,22.91488285,22.84028035,22.76489054,22.68861068,29.6
22.94489578,22.8707527,22.79591321,22.72030476,22.64382398,29.7
22.90580592,22.83145575,22.75642744,22.68064789,22.6040132,29.8
22.87254707,22.79804258,22.72287754,22.64697834,22.57024071,29.9
22.82795372,22.75324081,22.67788425,22.60180981,22.52491267,30
22.77952852,22.7046001,22.62904423,22.55278605,22.47572013,30.1
22.71949962,22.64430565,22.56849974,22.49200628,22.41471905,30.2
22.68833854,22.61307149,22.5372076,22.46067089,22.38335497,30.3
22.63721312,22.56177482,22.48575417,22.40907466,22.33162933,30.4
22.59311192,22.51755877,22.44143726,22.36467041,22.28715093,30.5
22.54886228,22.47320473,22.39699224,22.3201474,22.24256257,30.6
22.5266827,22.45105258,22.37488044,22.29808879,22.22057001,30.7
22.50129014,22.42567718,22.34953467,22.27278497,22.19532046,30.8
22.47973636,22.4041666,22.32807929,22.2513967,22.17401128,30.9
22.44753233,22.3719557,22.29587305,22.21920646,22.14184826,31
22.41633366,22.34075937,22.26469013,22.1880478,22.11072468,31.1
22.36773069,22.2920709,22.2159266,22.13921926,22.06184083,31.2
22.32095438,22.24523035,22.16903188,22.09228012,22.01486668,31.3
22.27486174,22.19908834,22.12285024,22.04606826,21.96863376,31.4
22.2347771,22.1589924,22.08275238,22.00597766,21.92855947,31.5
22.1855645,22.10972815,22.03344541,21.95663657,21.8791926,31.6
22.13654854,22.06066974,21.98435313,21.90751871,21.83005718,31.7
22.07664933,22.00067702,21.92427493,21.84736266,21.76983049,31.8
22.00181311,21.92567484,21.84911415,21.77205007,21.6943722,31.9
21.93079004,21.85452249,21.77783974,21.70066031,21.62287328,32
21.87361324,21.797305,21.72058884,21.64338302,21.56557637,32.1
21.81563117,21.73928493,21.66253776,21.58530765,21.50748317,32.2
21.76697747,21.69064847,21.61392543,21.53672622,21.45893933,32.3
21.72470858,21.64843073,21.57176553,21.49463081,21.41691511,32.4
21.67091716,21.59464057,21.51798296,21.44086198,21.36316605,32.5
21.61048973,21.53419124,21.45751778,21.38038677,21.30268641,32.6
21.56123102,21.48497277,21.40834557,21.33126677,21.25362456,32.7
21.51973351,21.4435531,21.3670096,21.2900204,21.21247381,32.8
21.47770772,21.40160811,21.32515111,21.24825415,21.17080566,32.9
21.42996199,21.35391824,21.27752255,21.2006923,21.12331595,33
21.38327594,21.30729403,21.2309654,21.15420742,21.07690863,33.1
21.3309393,21.25499973,21.17871848,21.10201287,21.0247714,33.2
21.26539408,21.18944547,21.11315998,21.03645472,20.95921799,33.3
21.20316839,21.12723346,21.05096635,20.97428404,20.8970747,33.4
21.14402807,21.06812702,20.9918984,20.91525909,20.83809723,33.5
21.07614832,21.00024627,20.92402101,20.84738926,20.77023896,33.6
20.9999179,20.92398295,20.84772891,20.77107225,20.6939006,33.7
20.93509387,20.85918552,20.78296224,20.70634039,20.62920754,33.8
20.88290797,20.80708874,20.73095879,20.65443454,20.57740368,33.9
20.83364145,20.75792766,20.68190729,20.60549686,20.52858425,34
20.80260636,20.72706694,20.65122495,20.57499722,20.49827206,34.1
20.7856853,20.71036864,20.63475329,20.5587565,20.48226718,34.2
20.76856654,20.69346882,20.61807623,20.54230639,20.46604884,34.3
20.75227198,20.67739615,20.60222922,20.52668923,20.45066628,34.4
20.74298114,20.66834772,20.59342684,20.51813702,20.44236902,34.5
20.73135248,20.65695223,20.58226817,20.50721923,20.43169679,34.6
20.71149339,20.63729401,20.56281444,20.48797395,20.41266441,34.7
20.68692457,20.61290843,20.53861567,20.46396588,20.38885134,34.8
20.65671707,20.58285993,20.50872968,20.43424614,20.35930191,34.9
20.62070671,20.54698713,20.47299791,20.39865901,20.32386331,35
20.58761969,20.51405018,20.44021443,20.36603261,20.29139788,35.1
20.56722927,20.49385424,20.42021624,20.34623576,20.27180645,35.2
20.54167541,20.46847513,20.39501514,20.3212162,20.24697232,35.3
20.51333504,20.44030108,20.36701065,20.29338477,20.2193178,35.4
20.49603456,20.42319968,20.35011139,20.27669106,20.20283351,35.5
20.48825417,20.41564605,20.34278744,20.26960012,20.19597952,35.6
20.48278832,20.41041315,20.33779037,20.26484222,20.1914647,35.7
20.47772939,20.40558915,20.33320422,20.26049725,20.18736487,35.8
20.47148848,20.39957585,20.32742144,20.25494829,20.1820536,35.9
20.45682412,20.38511008,20.31315723,20.24088896,20.1682029,36
20.43835171,20.36682342,20.29505934,20.22298312,20.15049279,36.1
20.41171043,20.34033931,20.26873545,20.1968227,20.1244994,36.2
20.38204279,20.31082017,20.23936786,20.16760992,20.09544489,36.3
20.34769995,20.27661053,20.20529452,20.13367607,20.06165391,36.4
20.3173843,20.24644283,20.17527775,20.10381339,20.03194871,36.5
20.29104045,20.22026129,20.14926142,20.0779654,20.00627248,36.6
20.26249677,20.19187251,20.12103045,20.04989532,19.97836664,36.7
20.22493402,20.1544355,20.08372215,20.01271883,19.9413252,36.8
20.1915526,20.12119011,20.05061562,19.97975412,19.90850546,36.9
20.17052481,20.10033868,20.02994315,19.95926348,19.8881999,37
20.14784779,20.07783082,20.00760704,19.93710198,19.86621618,37.1
20.12347375,20.05362254,19.98356717,19.91323338,19.84252204,37.2
20.09786585,20.02817547,19.95828354,19.88811604,19.81757413,37.3
20.07109204,20.00155792,19.93182486,19.86181904,19.79144191,37.4
20.03962435,19.97022452,19.90062834,19.83076212,19.76052751,37.5
20.00499831,19.93571552,19.86623888,19.7964948,19.72638508,37.6
19.98243728,19.91331354,19.84399825,19.77441806,19.7044751,37.7
19.97325343,19.90432944,19.83521594,19.76583997,19.69610415,37.8
19.96923792,19.90052761,19.83162977,19.76247184,19.69295698,37.9
19.96836003,19.89987028,19.83119494,19.76226186,19.69297478,38
19.96607639,19.89780105,19.8293421,19.76062781,19.69156247,38.1
19.95343105,19.88534134,19.81707031,19.7485465,19.6796746,38.2
19.93980711,19.87190185,19.80381757,19.73548313,19.66680362,38.3
19.93329736,19.86559607,19.79771792,19.72959212,19.66112422,38.4
19.92439904,19.85689728,19.78922094,19.72129954,19.65303907,38.5
19.91881396,19.85151834,19.78405031,19.71633975,19.64829312,38.6
19.9252833,19.85822011,19.79098634,19.72351231,19.65570509,38.7
19.92090784,19.85404959,19.78702293,19.71975854,19.65216395,38.8
19.91894602,19.85229881,19.78548535,19.71843665,19.65106073,38.9
19.91432907,19.8478881,19.78128313,19.71444552,19.64728375,39
19.92708831,19.86089012,19.79452963,19.72793868,19.66102638,39.1
19.93324512,19.86727494,19.80114445,19.73478588,19.66810891,39.2
19.93294415,19.86718707,19.80127191,19.73513125,19.66867524,39.3
19.9322378,19.86668979,19.80098595,19.73505919,19.6688201,39.4
19.9278696,19.86252161,19.79702017,19.73129849,19.66526756,39.5
19.93541647,19.87029141,19.80501483,19.73952035,19.67371948,39.6
19.93676676,19.87185204,19.80678801,19.74150861,19.67592582,39.7
19.9367417,19.87203274,19.80717672,19.74210791,19.67673871,39.8
19.9351806,19.87067194,19.80601854,19.74115497,19.67599402,39.9
19.93192345,19.86760879,19.80315175,19.73848718,19.67352823,40
19.93947576,19.87537547,19.81113471,19.74668871,19.68195112,40.1
19.95200293,19.8881255,19.82410935,19.75989011,19.69538199,40.2
19.96907488,19.9054304,19.84164884,19.77766626,19.71339745,40.3
20.00324422,19.93986029,19.87634025,19.81262073,19.74861728,40.4
20.04090112,19.97778224,19.91452817,19.8510761,19.7873424,40.5
20.07349456,20.01063321,19.9476379,19.88444637,19.82097567,40.6
20.10332599,20.04071698,19.97797543,19.91503959,19.85182719,40.7
20.12280429,20.06043001,19.99792517,19.93522841,19.87225798,40.8
20.13768085,20.07553585,20.01326253,19.95079987,19.88806662,40.9
20.14349645,20.08156626,20.01951045,19.95726826,19.89475879,41
20.14826611,20.08654842,20.02470783,19.96268385,19.90039591,41.1
20.15990943,20.09841432,20.03679868,19.97500231,19.91294509,41.2
20.17089221,20.10961663,20.04822289,19.98665112,19.92482159,41.3
20.18475597,20.12370435,20.0625368,20.00119379,19.93959604,41.4
20.20578799,20.14497178,20.08404156,20.02293815,19.96158281,41.5
20.22666373,20.166083,20.10539019,20.04452652,19.98341374,41.6
20.24135459,20.18099944,20.1205345,20.05990131,19.99902204,41.7
20.25828486,20.19815721,20.13792192,20.07752088,20.01687671,41.8
20.26632079,20.20640662,20.14638746,20.08620544,20.02578352,41.9
20.27196011,20.21225577,20.1524492,20.09248274,20.03227965,42
20.26373531,20.20421993,20.14460578,20.0848353,20.02483188,42.1
20.26424777,20.20493411,20.14552457,20.08596179,20.02616938,42.2
20.27224671,20.21314372,20.15394727,20.09460026,20.03502665,42.3
20.281592,20.22270024,20.16371735,20.1045865,20.045232,42.4
20.27686832,20.21817228,20.15938824,20.1004595,20.04131054,42.5
20.28225341,20.22376616,20.16519338,20.10647862,20.04754667,42.6
20.29559305,20.23732424,20.17897192,20.12047994,20.06177349,42.7
20.29144493,20.23337279,20.17522015,20.116931,20.05843072,42.8
20.29528627,20.23741862,20.17947295,20.12139346,20.06310583,42.9
20.29716627,20.23949778,20.18175381,20.12387877,20.06579861,43
20.28865531,20.2311715,20.17361531,20.11593126,20.05804541,43.1
20.28142455,20.22412966,20.16676535,20.10927625,20.0515886,43.2
20.28666716,20.22957578,20.17241714,20.11513611,20.05765925,43.3
20.29414808,20.23726249,20.18031163,20.12324068,20.06597652,43.4
20.31144439,20.25477187,20.19803553,20.14118087,20.08413526,43.5
20.32655038,20.27008779,20.21356297,20.15692173,20.10009188,43.6
20.34482276,20.28857338,20.23226319,20.17583836,20.11922715,43.7
20.36211506,20.30607938,20.2499844,20.19377664,20.13738479,43.8
20.38041256,20.32459059,20.26871083,20.21272009,20.15654753,43.9
20.40260784,20.34700187,20.29133938,20.23556755,20.17961603,44
20.42235069,20.36695794,20.31151013,20.25595478,20.20022197,44.1
20.41649608,20.36129752,20.306047,20.25069214,20.19516311,44.2
20.4104233,20.35541749,20.30036275,20.24520677,20.18987986,44.3
20.40978713,20.35497901,20.30012453,20.24517156,20.19005059,44.4
20.40706118,20.35244824,20.2977916,20.24303925,20.18812188,44.5
20.39793331,20.34351067,20.28904733,20.23449137,20.17977357,44.6
20.4119168,20.35769722,20.30343838,20.24908866,20.19457923,44.7
20.42865303,20.37463994,20.32058888,20.26644855,20.21215055,44.8
20.46546075,20.41166135,20.35782411,20.30389818,20.24981582,44.9
20.51936841,20.4657834,20.41215979,20.35844732,20.30457902,45
20.57139215,20.51802358,20.46461588,20.41111936,20.35746779,45.1
20.6088476,20.55569742,20.50250857,20.44923179,20.39580144,45.2
20.6484844,20.59555428,20.5425859,20.48953043,20.43632281,45.3
20.68056392,20.62785512,20.57510902,20.52227716,20.46929497,45.4
20.70988995,20.65740153,20.60487698,20.55226819,20.49951105,45.5
20.73655326,20.68428397,20.63197995,20.57959338,20.52706057,45.6
20.75009173,20.69803876,20.64595336,20.5937879,20.54147895,45.7
20.75352836,20.70168692,20.64981602,20.59786813,20.54577994,45.8
20.75579738,20.70416427,20.65250467,20.60077113,20.54890044,45.9
20.73973815,20.6883054,20.63685037,20.58532551,20.5336675,46
20.70859982,20.6573566,20.60609624,20.55477096,20.5033171,46.1
20.66610464,20.6150386,20.56396113,20.51282411,20.46156343,46.2
20.60360096,20.55269678,20.50178805,20.45082613,20.39974619,46.3
20.5157025,20.46493615,20.41417364,20.36336554,20.31244598,46.4
20.43697431,20.38634752,20.3357315,20.28507625,20.23431508,46.5
20.37791933,20.32743631,20.27696894,20.22646695,20.17586323,46.6
20.33728838,20.28695182,20.23663414,20.18628499,20.13583717,46.7
20.30805941,20.25786865,20.20769902,20.15750023,20.10720518,46.8
20.29072997,20.24068482,20.19066217,20.14061189,20.09046712,46.9
20.28622752,20.23632925,20.18645397,20.13655187,20.08655648,47
20.28001849,20.23026548,20.1805361,20.13078082,20.08093353,47.1
20.26061229,20.21100424,20.16142139,20.11181434,20.06211717,47.2
20.24140518,20.19194092,20.14250336,20.09304325,20.04349487,47.3
20.20755103,20.15822581,20.1089298,20.05961373,20.01021186,47.4
20.16125131,20.11206257,20.0629063,20.01373314,19.96447713,47.5
20.09566792,20.04660939,19.99758786,19.94855364,19.89944035,47.6
20.00925983,19.96032306,19.91142907,19.86252767,19.81355178,47.7
19.94500482,19.89618369,19.84740896,19.79863021,19.74978008,47.8
19.8876243,19.83892061,19.79026615,19.74161042,19.69288591,47.9
19.84573755,19.7971545,19.74862225,19.70009037,19.65149145,48
19.82492506,19.77645998,19.72804579,19.67963234,19.63115259,48.1
19.81218293,19.76384254,19.71555268,19.66726356,19.6189086,48.2
19.80600961,19.75780233,19.70964495,19.66148804,19.61326557,48.3
19.80168011,19.75360408,19.70557729,19.65755072,19.60945885,48.4
19.7990717,19.75112538,19.70322763,19.65532984,19.607367,48.5
19.79778835,19.74997005,19.70219969,19.65442904,19.60659359,48.6
19.83464841,19.78694298,19.73928283,19.69162036,19.64389195,48.7
19.89167369,19.84407275,19.79651372,19.74894974,19.70131815,48.8
19.9619861,19.9144835,19.86701915,19.81954694,19.77200522,48.9
20.04505761,19.99764723,19.95027128,19.90288441,19.85542598,49
20.13055031,20.08323632,20.03595305,19.9886559,19.94128523,49.1
20.19764059,20.15045391,20.10329503,20.05612002,20.00887014,49.2
20.25738478,20.21034054,20.1633217,20.11628493,20.06917232,49.3
20.31059024,20.2637014,20.21683602,20.16995135,20.12299023,49.4
20.33328167,20.28659591,20.23993371,20.19325263,20.14649595,49.5
20.35462874,20.30814799,20.26169105,20.21521579,20.16866588,49.6
20.37470682,20.32843264,20.28218267,20.23591505,20.18957387,49.7
20.38383374,20.33778222,20.29175612,20.24571378,20.19959952,49.8
20.37999297,20.33418081,20.28839624,20.24259764,20.19672944,49.9
20.37661553,20.33103688,20.28548789,20.23992702,20.1942988,50
20.37252526,20.32717745,20.28186137,20.23653554,20.19114462,50.1
20.36891822,20.32379586,20.2787072,20.23361084,20.18845158,50.2
20.36547667,20.32057484,20.27570861,20.23083669,20.18590401,50.3
20.36247008,20.31778416,20.27313567,20.22848341,20.18377247,50.4
20.37854414,20.33403906,20.28957186,20.24510164,20.20057384,50.5
20.41949158,20.37512621,20.33079768,20.28646552,20.2420758,50.6
20.46725722,20.4230232,20.37882466,20.33462164,20.29036085,50.7
20.5033904,20.45931221,20.41526896,20.37122106,20.32711575,50.8
20.53600144,20.49208633,20.4482059,20.40432094,20.36037914,50.9
20.55440949,20.51068457,20.46699509,20.42330206,20.37955348,51
20.56357915,20.52006212,20.47658196,20.43309979,20.38956381,51.1
20.57194798,20.5286376,20.48536552,20.44209302,20.39876848,51.2
20.5874819,20.54436038,20.50127811,20.45819655,20.41506435,51.3
20.60080215,20.55787145,20.5149811,20.47209272,20.42915523,51.4
20.60920617,20.56647424,20.52378409,20.48109749,20.43836353,51.5
20.63128413,20.58872194,20.546202,20.50368633,20.46112436,51.6
20.65443698,20.61204426,20.56969422,20.52734912,20.48495874,51.7
20.67612195,20.63390258,20.59172643,20.549556,20.50734139,51.8
20.6999505,20.65789625,20.61588564,20.57388144,20.53183408,51.9
20.7271622,20.68526243,20.64340657,20.60155764,20.55966644,52
20.76092184,20.71916705,20.67745601,20.63575208,20.59400648,52.1
20.82206664,20.78040311,20.73878168,20.69716618,20.65550851,52.2
20.89115491,20.84957237,20.80802997,20.76649209,20.72491127,52.3
20.96441914,20.92291438,20.88144772,20.83998405,20.79847662,52.4
21.03357755,20.99216543,20.95078964,20.90941556,20.8679971,52.5
21.09942184,21.05811631,21.01684562,20.97557559,20.93426072,52.6
21.16187174,21.1206864,21.07953466,21.03838276,20.99718576,52.7
21.20989441,21.16887073,21.12788031,21.08688971,21.04585437,52.8
21.25449614,21.21364452,21.17282608,21.13200765,21.09114504,52.9
21.29596111,21.2552907,21.21465365,21.17401702,21.13333694,53
21.34856345,21.30804463,21.2675587,21.22707304,21.18654422,53.1
21.4118426,21.37144915,21.33108758,21.29072565,21.25032046,53.2
21.47170876,21.43145399,21.39123037,21.35100599,21.3107384,53.3
21.52911109,21.48900462,21.44892874,21.40885188,21.36873201,53.4
21.56238025,21.52249642,21.48264416,21.44279201,21.40289812,53.5
21.59375702,21.55409862,21.5144729,21.47484852,21.43518375,53.6
21.61925752,21.57983873,21.54045415,21.50107246,21.46165201,53.7
21.64097305,21.60180028,21.56266347,21.52353132,21.48436224,53.8
21.65639574,21.61748182,21.57860603,21.53973705,21.50083324,53.9
21.66672075,21.6280725,21.5894649,21.55086653,21.5122357,54
21.67247717,21.63410031,21.59576686,21.5574453,21.51909382,54.1
21.68096315,21.64283853,21.60475981,21.56669543,21.52860351,54.2
21.69799044,21.66008283,21.62222295,21.58437929,21.54651005,54.3
21.73016132,21.69241824,21.65472372,21.61704643,21.57934481,54.4
21.75139573,21.71385077,21.67635589,21.63887983,21.60138115,54.5
21.77671584,21.73935322,21.70204186,21.66475065,21.62743833,54.6
21.80976022,21.77255324,21.73539821,21.69826422,21.66111029,54.7
21.83852342,21.80148543,21.76450034,21.72753741,21.69055584,54.8
21.85173184,21.81491152,21.77814604,21.74140464,21.70464657,54.9
21.85767558,21.82109108,21.78456376,21.74806282,21.71154744,55
21.86159811,21.82524871,21.78895889,21.75269778,21.71642451,55.1
21.86496746,21.82884676,21.79278797,21.7567602,21.72072252,55.2
21.85194721,21.81610412,21.78032627,21.74458257,21.70883186,55.3
21.8555211,21.81988274,21.78431179,21.74877715,21.71323766,55.4
21.85712984,21.82169534,21.78633048,21.75100415,21.71567517,55.5
21.86731558,21.83205085,21.79685734,21.76170402,21.72654983,55.6
21.86308516,21.82803678,21.79306201,21.75812978,21.72319897,55.7
21.85524465,21.82041382,21.7856592,21.75094962,21.71624389,55.8
21.8178771,21.78335969,21.74892293,21.7145353,21.68015511,55.9
21.77470743,21.74050408,21.70638601,21.6723213,21.63826777,56
21.73279278,21.69887641,21.66504965,21.63128026,21.59752564,56.1
21.69704154,21.66337226,21.62979624,21.59628106,21.56278384,56.2
21.68374003,21.65022335,21.61680206,21.58344376,21.55010564,56.3
21.67038582,21.63701698,21.60374551,21.57053909,21.53735498,56.4
21.65631185,21.62308798,21.58996343,21.55690593,21.52387278,56.5
21.62819185,21.59515804,21.56222623,21.52936406,21.49652873,56.6
21.59919195,21.56634394,21.53360048,21.50092915,21.46828705,56.7
21.55310696,21.52050156,21.48800408,21.45558188,21.42319177,56.8
21.5237655,21.49132291,21.4589905,21.42673561,21.39451505,56.9
21.48876266,21.45649602,21.42434203,21.39226798,21.36023055,57
21.43912968,21.40708529,21.37515673,21.34331107,21.31150476,57.1
21.40400308,21.37211164,21.3403382,21.30864983,21.27700294,57.2
21.40234122,21.3704767,21.33873047,21.3070699,21.27545177,57.3
21.3973787,21.36555815,21.33385629,21.30224073,21.27066856,57.4
21.38298457,21.35124632,21.31962758,21.2880961,21.25660917,57.5
21.36730043,21.33564823,21.30411635,21.2726727,21.24127473,57.6
21.3173686,21.28593968,21.25463357,21.22341797,21.19225009,57.7
21.2437053,21.21258488,21.18159088,21.15069059,21.11984069,57.8
21.16476082,21.13394027,21.10325004,21.07265697,21.0421172,57.9
21.083165,21.05262799,21.02222517,20.99192301,20.96167713,58
21.01759496,20.98724641,20.95703498,20.92692695,20.89687772,58.1
20.95629936,20.92610534,20.896051,20.86610255,20.83621524,58.2
20.90168775,20.87161172,20.84167744,20.81185109,20.78208791,58.3
20.85626342,20.82626463,20.79640903,20.76666289,20.73698154,58.4
20.81558081,20.78564078,20.755845,20.72615989,20.69654094,58.5
20.76289353,20.73306306,20.70337834,20.67380579,20.64430091,58.6
20.69653311,20.66686359,20.63734187,20.60793425,20.57859608,58.7
20.58057223,20.55128225,20.52214419,20.49312374,20.46417549,58.8
20.48186656,20.45283398,20.42395661,20.39519979,20.3665177,58.9
20.44507612,20.41600732,20.38709425,20.35830259,20.32958684,59
20.41136313,20.38225725,20.35330734,20.32447939,20.29572828,59.1
20.39758848,20.36837677,20.33932035,20.31038566,20.28152814,59.2
20.38344324,20.35414355,20.3249984,20.29597463,20.2670282,59.3
20.36460945,20.33525993,20.30606423,20.27698956,20.2479923,59.4
20.34109746,20.31173271,20.28252118,20.25343032,20.22441688,59.5
20.31771002,20.28833715,20.25911684,20.23001682,20.20099417,59.6
20.31289405,20.28344145,20.25414011,20.22495816,20.19585318,59.7
20.29625416,20.26678476,20.23746568,20.20826534,20.17914166,59.8
20.29209551,20.26256124,20.23317597,20.20390848,20.17471716,59.9
20.27514272,20.24561507,20.21623547,20.1869729,20.15778604,60
20.24350933,20.21406656,20.18477129,20.15559261,20.12648928,60.1
20.20280089,20.17349037,20.14432712,20.11528019,20.08630835,60.2
20.16584593,20.13664298,20.10758704,20.07864719,20.04978226,60.3
20.14568388,20.11649978,20.08746205,20.05853996,20.0296926,60.4
20.1432492,20.1140021,20.08490025,20.05591328,20.02700069,60.5
20.15456378,20.12520721,20.09599433,20.06689519,20.03786983,60.6
20.1944024,20.16483633,20.13541154,20.10609868,20.07685854,60.7
20.22311862,20.1934141,20.16384867,20.13439345,20.10500988,60.8
20.23992758,20.21015897,20.18052746,20.15100457,20.12155218,60.9
20.25326821,20.22346575,20.19379848,20.16423823,20.13474731,61
20.26036323,20.23057245,20.20091508,20.17136318,20.14187938,61.1
20.26338943,20.23364385,20.20402996,20.17452004,20.14507696,61.2
20.25969535,20.23003986,20.20051451,20.1710917,20.14173447,61.3
20.25587653,20.22631354,20.19687927,20.16754622,20.13827762,61.4
20.25080061,20.22133752,20.19200188,20.16276627,20.13359406,61.5
20.23315385,20.20386598,20.17470451,20.14564202,20.11664186,61.6
20.21792232,20.18878596,20.15977518,20.13086255,20.10201145,61.7
20.18826207,20.15935999,20.13058297,20.10190344,20.07328464,61.8
20.16536258,20.13663567,20.10803353,20.07952854,20.05108392,61.9
20.10014029,20.07186231,20.04370919,20.0156528,19.98765581,62
20.05356073,20.02556098,19.99768674,19.96990967,19.94219215,62.1
19.99381557,19.9661584,19.93862774,19.91119493,19.88382197,62.2
19.92198413,19.89471887,19.86758158,19.84054318,19.81356519,62.3
19.92552366,19.89814201,19.87088931,19.84373683,19.81664654,62.4
19.93732162,19.90979923,19.88240625,19.85511437,19.82788606,62.5
19.96935663,19.94161288,19.91399826,19.886485,19.85903623,62.6
19.97417174,19.94638253,19.91872226,19.89116346,19.86366964,62.7
19.97703712,19.94922684,19.92154518,19.89396492,19.86644989,62.8
19.96254837,19.93483978,19.90725936,19.87977998,19.8523656,62.9
19.9495663,19.92194954,19.89446055,19.8670723,19.83974889,63
19.93578692,19.908266,19.8808725,19.85357949,19.82635119,63.1
19.92142611,19.89400609,19.86671315,19.83952045,19.81239233,63.2
19.90091602,19.87363621,19.84648319,19.81943012,19.79244141,63.3
19.86186979,19.83485592,19.80796846,19.78118045,19.7544561,63.4
19.79537459,19.76881211,19.74237563,19.71603776,19.68976224,63.5
19.70896553,19.68296139,19.65708334,19.63130342,19.60558466,63.6
19.64892686,19.62321481,19.59763041,19.57214545,19.54672272,63.7
19.60028327,19.57474985,19.54934607,19.52404365,19.49880526,63.8
19.5051416,19.48012867,19.45524658,19.43046653,19.40575054,63.9
19.39953098,19.37505632,19.35071454,19.32647623,19.3023027,64
19.3039521,19.27986605,19.25591607,19.23207234,19.20829567,64.1
19.21561584,19.1918164,19.16815668,19.14460657,19.12112656,64.2
19.12685811,19.10331509,19.07991552,19.05662906,19.03341591,64.3
19.03735248,19.01403929,18.99087337,18.96782419,18.94485167,64.4
18.94673477,18.92362764,18.90067174,18.87783634,18.85508111,64.5
18.85560973,18.83268547,18.80991637,18.78727154,18.76471044,64.6
18.76328575,18.74052867,18.71793064,18.69546061,18.67307781,64.7
18.67791629,18.65525149,18.63274961,18.61037955,18.58810045,64.8
18.5944787,18.57188154,18.54945089,18.5271556,18.5049548,64.9
18.53893564,18.51618477,18.49360427,18.47116326,18.44882118,65
18.4380338,18.41551996,18.39317792,18.37097663,18.34887528,65.1
18.34577987,18.32339934,18.30119275,18.27912901,18.2571672,65.2
18.30055659,18.27792889,18.25547858,18.23317496,18.21097757,65.3
18.31704673,18.29380689,18.27074712,18.24783756,18.22503877,65.4
18.33061705,18.30685686,18.28327818,18.25985194,18.23653961,65.5
18.37710085,18.35271007,18.32850083,18.30444495,18.28050501,65.6
18.41929028,18.3943508,18.36959227,18.34498737,18.32049964,65.7
18.45707129,18.43166246,18.40643336,18.3813574,18.35639905,65.8
18.45922858,18.43364985,18.40824775,18.38299612,18.35786003,65.9
18.44844573,18.42282948,18.39738574,18.3720887,18.34690382,66
18.39999921,18.37470296,18.34957211,18.32458087,18.29969469,66.1
18.40202402,18.37657393,18.35128734,18.3261388,18.30109427,66.2
18.40411024,18.37853445,18.35311992,18.32784156,18.30266577,66.3
18.45369747,18.42767414,18.40181148,18.37608503,18.35046199,66.4
18.50286002,18.47643853,18.45017649,18.42405006,18.39802719,66.5
18.54619283,18.51945215,18.49286901,18.46642013,18.44007409,66.6
18.57723315,18.55030987,18.523541,18.49690367,18.47036702,66.7
18.5839015,18.55704143,18.53033026,18.50374534,18.47725616,66.8
18.58513851,18.558397,18.53179876,18.50532134,18.47893443,66.9
18.58500731,18.5583963,18.5319234,18.50556626,18.4792948,67
18.58363941,18.55716829,18.53083055,18.50460397,18.4784586,67.1
18.57111472,18.54489301,18.51879929,18.49281132,18.46689919,67.2
18.56478551,18.53873325,18.51280523,18.48697926,18.46122548,67.3
18.57197827,18.5459583,18.52006072,18.49426344,18.46853681,67.4
18.5205132,18.49515698,18.46991397,18.44476172,18.41967021,67.5
18.50419674,18.47904336,18.4540015,18.42904864,18.4041547,67.6
18.48553178,18.46059261,18.4357635,18.41102184,18.38633746,67.7
18.40423751,18.38020923,18.35628134,18.33243062,18.3086262,67.8
18.33381712,18.31044734,18.28717437,18.26397446,18.24081614,67.9
18.27541435,18.25248287,18.2296487,18.20688767,18.18416787,68
18.23685372,18.21409661,18.19144061,18.16886135,18.14632669,68.1
18.17948761,18.15709391,18.13480281,18.11258965,18.09042194,68.2
18.13352769,18.11133202,18.08924256,18.06723444,18.045275,68.3
18.01997543,17.99874023,17.97760533,17.95654517,17.93552629,68.4
17.921844,17.90123902,17.88073536,17.86030689,17.83991951,68.5
17.83977798,17.81953002,17.7993885,17.77932692,17.75931072,68.6
17.75875808,17.73880991,17.71897375,17.69922277,17.67952209,68.7
17.69165448,17.67181734,17.65209946,17.63247387,17.61290553,68.8
17.62868027,17.60890057,17.58924705,17.56969271,17.55020242,68.9
17.57258719,17.55279003,17.53312585,17.5135677,17.4940805,69
17.52014608,17.50029881,17.48059075,17.46099504,17.44147671,69.1
17.47668525,17.45671163,17.43688318,17.41717323,17.39754703,69.2
17.45036189,17.43011104,17.41001187,17.39003803,17.37015515,69.3
17.41904049,17.39860448,17.37832442,17.35817427,17.33811999,69.4
17.3685931,17.34821248,17.32798811,17.30789415,17.2878968,69.5
17.32656839,17.30614932,17.285888,17.26575884,17.24572828,69.6
17.26049616,17.24032762,17.22031386,17.20042938,17.18064073,69.7
17.1927144,17.17278876,17.1530157,17.13336979,17.11381764,69.8
17.13301169,17.11320561,17.0935523,17.07402641,17.05459461,69.9
17.08497242,17.06514299,17.04546858,17.02592398,17.00647603,70
17.04735023,17.02739356,17.00759514,16.98792994,16.96836502,70.1
16.99721181,16.97729616,16.95753887,16.93791506,16.91839197,70.2
16.94771251,16.92783098,16.90810798,16.88851877,16.86903077,70.3
16.88788947,16.86816799,16.84860316,16.82917034,16.80983703,70.4
16.85124547,16.83139667,16.81170742,16.79215323,16.77270183,70.5
16.80782496,16.7879526,16.76824047,16.74866424,16.72919184,70.6
16.77989334,16.75982956,16.739929,16.72016756,16.70051343,70.7
16.77181904,16.75138096,16.73111091,16.71098511,16.69097214,70.8
16.76880722,16.74799152,16.72734766,16.70685222,16.68647427,70.9
16.72886877,16.7081635,16.68762501,16.66723015,16.64694829,71
16.69526387,16.67458614,16.65407225,16.6336993,16.61343693,71.1
16.68572826,16.66479896,16.64403547,16.62341517,16.60290803,71.2
16.67872918,16.65756355,16.63656481,16.61571063,16.59497136,71.3
16.68007662,16.6586161,16.637324,16.61617833,16.59514986,71.4
16.71397109,16.69192353,16.67004933,16.64832693,16.62672767,71.5
16.7510203,16.7284212,16.70599891,16.68373237,16.66159348,71.6
16.7916631,16.76855242,16.74562054,16.72284687,16.70020393,71.7
16.83396933,16.81038453,16.78697942,16.76373389,16.74062105,71.8
16.87116082,16.84720853,16.8234347,16.7998197,16.77633724,71.9
16.90518207,16.88094777,16.856889,16.83298661,16.80921486,72
16.9435182,16.91899475,16.89464404,16.87044737,16.84637958,72.1
16.97444942,16.94976246,16.92524305,16.90087296,16.87662754,72.2
17.00135115,16.97657947,16.95196886,16.92750152,16.90315331,72.3
17.02451328,16.99972651,16.97509336,16.9505964,16.92621197,72.4
17.03747285,17.0128201,16.98831075,16.96392777,16.9396479,72.5
17.03384506,17.00956628,16.985416,16.96137753,16.937428,72.6
16.967378,16.9444908,16.92169264,16.8989674,16.87629271,72.7
16.94127461,16.91890262,16.89661004,16.87438048,16.85219136,72.8
16.9001414,16.87846701,16.85686,16.83530368,16.81377513,72.9
16.8362656,16.81557694,16.79493935,16.77433572,16.75374269,73
16.77407404,16.75419713,16.73436316,16.7145544,16.69474683,73.1
16.73936351,16.71975456,16.7001946,16.68066514,16.66114148,73.2
16.72624059,16.70655885,16.68693817,16.66735948,16.64779754,73.3
16.70790401,16.68824457,16.66865469,16.64911491,16.6295996,73.4
16.67443276,16.65502722,16.63569388,16.61641295,16.59715851,73.5
16.64291351,16.62370552,16.6045735,16.58549738,16.56645099,73.6
16.55342835,16.53536249,16.51735316,16.49938037,16.48141792,73.7
16.48157815,16.46416878,16.44681361,16.42949219,16.41217783,73.8
16.41988518,16.40287147,16.3859169,16.36900051,16.35209507,73.9
16.33989769,16.32352146,16.3072036,16.29092275,16.27465123,74
16.28387209,16.26765846,16.25151411,16.23541717,16.21933944,74.1
16.27915472,16.26235702,16.24565213,16.22901784,16.21242568,74.2
16.2454381,16.22854435,16.21175408,16.19504498,16.17838848,74.3
16.19607391,16.17934717,16.16272696,16.14619105,16.1297109,74.4
16.15825824,16.14150709,16.12486946,16.10832316,16.09183973,74.5
16.14622442,16.12907783,16.11205874,16.09514495,16.07830805,74.6
16.13639565,16.1188866,16.1015159,16.08426152,16.06709525,74.7
16.09762942,16.08025487,16.06301602,16.04589129,16.0288529,74.8
16.04093358,16.02397958,16.00715156,15.99042849,15.97378308,74.9
16.00403793,15.98712093,15.970332,15.95365022,15.93704848,75
15.98931011,15.97210895,15.9550448,15.93809683,15.921238,75.1
15.98110047,15.96357109,15.94618702,15.92892756,15.91176587,75.2
16.01366161,15.99531706,15.97713391,15.95909164,15.94116369,75.3
16.0626485,16.04339994,16.0243274,16.00541071,15.98662374,75.4
16.1054992,16.0855074,16.06570183,16.0460627,16.02656435,75.5
16.11362288,16.0934551,16.0734692,16.05364611,16.03396091,75.6
16.13528305,16.11477574,16.09445043,16.07428857,16.05426585,75.7
16.17270768,16.15169657,16.13087108,16.11021308,16.08969878,75.8
16.177771,16.15680952,16.13602213,16.11539152,16.09489476,75.9
16.2056359,16.18437768,16.16329261,16.14236383,16.12156889,76
16.25576198,16.23394143,16.21229914,16.19081853,16.16947758,76.1
16.26702627,16.24529624,16.22373158,16.20231651,16.18102978,76.2
16.23704748,16.21614993,16.19538353,16.17473382,16.1541809,76.3
16.25367094,16.23269448,16.21184696,16.19111406,16.170476,76.4
16.23816635,16.2176805,16.19730536,16.1770271,16.15682652,76.5
16.21988865,16.19989125,16.17998903,16.16016845,16.14041062,76.6
16.173248,16.15421494,16.13524947,16.11633856,16.09746384,76.7
16.13089452,16.11261547,16.09438774,16.07619824,16.05802855,76.8
16.05558605,16.03859609,16.02162822,16.00466951,15.98770168,76.9
15.97517852,15.95937143,15.94356717,15.92775236,15.91190829,77
15.90898807,15.89391067,15.87883465,15.86374562,15.84862388,77.1
15.85237496,15.83774897,15.82313166,15.8085075,15.79385574,77.2
15.80187078,15.78752804,15.77320523,15.7588858,15.74454796,77.3
15.75471659,15.74056434,15.72644439,15.71233928,15.69822638,77.4
15.70774162,15.69375522,15.67981261,15.66589564,15.651981,77.5
15.66979585,15.65580535,15.64187291,15.62797978,15.61410207,77.6
15.64927015,15.6350006,15.62080797,15.60667297,15.59257122,77.7
15.64311601,15.62838551,15.61375222,15.5991965,15.58469361,77.8
15.63800278,15.62286406,15.60783846,15.59290622,15.57804252,77.9
15.63242843,15.61694785,15.60159227,15.586342,15.57117229,78
15.63267667,15.61681237,15.60108418,15.58547257,15.56995294,78.1
15.61952266,15.60355782,15.58773069,15.57202217,15.55640815,78.2
15.60942986,15.59333339,15.57737673,15.5615412,15.5458031,78.3
15.63241438,15.61569704,15.59913371,15.58270579,15.5663897,78.4
15.65408394,15.63684966,15.6197789,15.60285332,15.58604965,78.5
15.65716242,15.6397747,15.62254868,15.60546661,15.58850588,78.6
15.65878626,15.64129829,15.6239686,15.6067801,15.58971078,78.7
15.63546876,15.61835426,15.60138016,15.58453045,15.5677842,78.8
15.61409992,15.59728308,15.58059366,15.56401636,15.54753099,78.9
15.62187794,15.60482323,15.58790065,15.57109495,15.55438597,79
15.65485241,15.637211,15.61971448,15.60234745,15.58508971,79.1
15.72373731,15.70514634,15.68671695,15.66843376,15.65027667,79.2
15.78962721,15.77019376,15.75093548,15.73183704,15.71287851,79.3
15.85584176,15.83565526,15.81565403,15.79582292,15.77614226,79.4
15.91542856,15.89464158,15.87404566,15.85362592,15.83336306,79.5
15.94646237,15.9255855,15.90488995,15.88436173,15.86398237,79.6
15.97051492,15.94969066,15.92903404,15.90853198,15.88816699,79.7
15.98783933,15.96720006,15.9467116,15.92636182,15.90613419,79.8
16.00135018,15.98096033,15.96070402,15.94057,15.92054259,79.9
16.00630962,15.98632302,15.96644891,15.94667693,15.9269923,80
16.00255533,15.98311749,15.96376826,15.94449817,15.92529331,80.1
15.99859893,15.97965417,15.96077963,15.94196627,15.92320066,80.2
15.991545,15.97310729,15.95472351,15.93638483,15.9180781,80.3
15.9864657,15.9684348,15.95044783,15.93249585,15.91456561,80.4
15.97065846,15.95322688,15.93582358,15.9184397,15.90106209,80.5
15.90099544,15.88535687,15.86968697,15.85397887,15.83822131,80.6
15.84580223,15.83130568,15.81675654,15.80214742,15.78746663,80.7
15.80496477,15.79110746,15.77719945,15.76323184,15.74919152,80.8
15.74904556,15.7360699,15.7230376,15.7099387,15.69675909,80.9
15.75752603,15.74400202,15.73046175,15.71689286,15.70327903,81
15.80524866,15.79064189,15.776063,15.76149808,15.74692935,81.1
15.82822746,15.8130546,15.79793724,15.78286038,15.76780523,81.2
15.85749966,15.84173089,15.82604209,15.81041754,15.79483777,81.3
15.89630971,15.8798578,15.86350943,15.84724833,15.83105456,81.4
15.9040991,15.88762751,15.8712591,15.85497814,15.83876518,81.5
15.9122628,15.89577978,15.8793992,15.86310585,15.84688074,81.6
15.94884869,15.93183417,15.91493814,15.89814515,15.88143603,81.7
15.98175987,15.96435318,15.94707454,15.92990858,15.91283623,81.8
16.01665217,15.99887389,15.98123115,15.96370879,15.94628796,81.9
16.04525956,16.02727876,16.00943422,15.99171127,15.97409162,82
16.05704316,16.03924193,16.02156323,16.0039936,15.98651585,82.1
16.06390672,16.04638046,16.02896105,16.01163617,15.9943897,82.2
16.07897444,16.06152604,16.04417844,16.02691981,16.00973451,82.3
16.10092598,16.08341562,16.06600578,16.04868476,16.03143716,82.4
16.12125612,16.10373824,16.08631853,16.06898556,16.05172418,82.5
16.13512206,16.11774437,16.10045725,16.08324973,16.06610716,82.6
16.13771297,16.12071527,16.1037922,16.08693361,16.07012563,82.7
16.10831468,16.09240863,16.07653439,16.06068392,16.04484531,82.8
16.08514799,16.07002545,16.05491216,16.03980062,16.02467951,82.9
16.06544765,16.05092163,16.03639371,16.0218562,16.00729763,83
16.04618511,16.03216928,16.01814585,16.00410665,15.9900398,83.1
16.02814809,16.01454942,16.00094233,15.98731794,15.97366378,83.2
15.99093489,15.9781475,15.96533611,15.95249195,15.93960262,83.3
15.93328483,15.92168262,15.9100292,15.89831637,15.88653226,83.4
15.82465244,15.8153571,15.80594173,15.79640067,15.78672435,83.5
15.73776757,15.72977835,15.72165919,15.71340291,15.70499856,83.6
15.65001608,15.64310353,15.63606431,15.62888923,15.62156547,83.7
15.58526277,15.57870668,15.57205477,15.56529492,15.55841154,83.8
15.56003463,15.55294394,15.54581265,15.53862541,15.5313636,83.9
15.56610007,15.55796657,15.5498528,15.54174086,15.53360969,84
15.56197347,15.55313835,15.54436421,15.53563175,15.52691858,84.1
15.55877709,15.54932865,15.53997313,15.53069055,15.52145784,84.2
15.52813944,15.51874142,15.50943948,15.50021461,15.49104448,84.3
15.50553903,15.49601629,15.48659896,15.47726849,15.46800294,84.4
15.44614604,15.43736523,15.42866243,15.42002162,15.41142311,84.5
15.3944193,15.38608143,15.37781168,15.36959506,15.36141284,84.6
15.34055922,15.3326492,15.32479989,15.31699699,15.30922245,84.7
15.2935381,15.28582878,15.27818364,15.27058834,15.26302484,84.8
15.25921806,15.25139569,15.24365272,15.23597423,15.22834159,84.9
15.22435401,15.21644971,15.20863655,15.20089931,15.19321908,85
15.19785558,15.18970447,15.18166061,15.17370829,15.16582821,85.1
15.17351854,15.16511486,15.15683212,15.14865442,15.14056226,85.2
15.15645165,15.14768711,15.13905889,15.13055086,15.12214334,85.3
15.13650843,15.12749883,15.11863402,15.1098981,15.10127161,85.4
15.11846297,15.10921377,15.100116,15.0911541,15.0823089,85.5
15.10309011,15.09358487,15.08423715,15.07503172,15.06594975,85.6
15.12222572,15.11191825,15.10179036,15.09182641,15.08200727,85.7
15.13208187,15.12121682,15.1105431,15.10004519,15.08970415,85.8
15.13649551,15.12524625,15.11419218,15.10331835,15.09260636,85.9
15.13514577,15.12368013,15.11240637,15.10131044,15.09037481,86
15.12687973,15.11537845,15.10405843,15.09290685,15.08190739,86.1
15.11475922,15.1033205,15.0920494,15.08093436,15.06996027,86.2
15.06240506,15.05203575,15.04177514,15.03161569,15.02154597,86.3
15.07880032,15.06770248,15.0567424,15.04591062,15.03519409,86.4
15.07569504,15.06440156,15.05324939,15.04222885,15.0313267,86.5
15.06961453,15.0582297,15.04698451,15.03586936,15.0248712,86.6
15.09800497,15.0857853,15.0737339,15.06183966,15.05008819,86.7
15.14879508,15.13543653,15.12228041,15.10931419,15.09652223,86.8
15.19128295,15.17708007,15.16309959,15.1493284,15.1357504,86.9
15.20712091,15.19276644,15.17862245,15.16467728,15.15091614,87
15.22060609,15.20618868,15.19196709,15.1779311,15.16406727,87.1
15.20341604,15.18975384,15.17623392,15.16285001,15.14959228,87.2
15.17680882,15.16405231,15.15138538,15.1388049,15.12630407,87.3
15.15633347,15.14417808,15.1320836,15.12004786,15.10806502,87.4
15.18095676,15.16822296,15.15557769,15.14301631,15.13053084,87.5
15.20150444,15.18836665,15.17533421,15.16240093,15.14955753,87.6
15.21494526,15.20163383,15.18843224,15.17533372,15.16232848,87.7
15.22200774,15.20871346,15.19552412,15.18243301,15.16943045,87.8
15.20728316,15.19458517,15.1819599,15.1694025,15.156905,87.9
15.17348871,15.16183365,15.15020187,15.13859117,15.12699606,88
15.14425423,15.13335231,15.12244746,15.111538,15.100619,88.1
15.12689309,15.11631041,15.10572405,15.09513106,15.08452545,88.2
15.0832028,15.07361687,15.06399436,15.05433327,15.04462851,88.3
15.05026022,15.04121251,15.03212392,15.02299129,15.0138085,88.4
15.02488482,15.01609083,15.00726604,14.99840537,14.98950103,88.5
14.97848233,14.97047865,14.96242765,14.95432432,14.94616093,88.6
14.92405241,14.91692682,14.90973698,14.90247787,14.89514174,88.7
14.8837145,14.87693704,14.87010734,14.86321845,14.85626084,88.8
14.82880847,14.82272018,14.81657399,14.81036246,14.80407559,88.9
14.77944855,14.77378263,14.76806763,14.76229473,14.75645261,89
14.74150863,14.73588996,14.7302472,14.72456939,14.71884319,89.1
14.71764863,14.71171303,14.70579044,14.69986742,14.6939283,89.2
14.69296005,14.68678418,14.68064887,14.67453926,14.66843832,89.3
14.66966355,14.66325313,14.65690617,14.65060693,14.64433751,89.4
14.64548289,14.63890387,14.63240426,14.62596814,14.61957729,89.5
14.5988728,14.59276804,14.5867241,14.58072735,14.57476158,89.6
14.55118092,14.5455012,14.53986973,14.53427433,14.52870008,89.7
14.49356319,14.48851807,14.48350032,14.47849958,14.47350252,89.8
14.46466663,14.4593593,14.45410686,14.44889702,14.44371474,89.9
14.38746245,14.38332042,14.37918234,14.37504008,14.37088231,90
14.32719442,14.32349868,14.31980475,14.3161041,14.31238515,90.1
14.27013287,14.26671002,14.26329648,14.25988272,14.25645629,90.2
14.17204596,14.17005573,14.16801977,14.16593236,14.16378447,90.3
14.03162918,14.03213609,14.03249422,14.0327045,14.03276394,90.4
13.90385176,13.90589588,13.90776769,13.9094668,13.91098921,90.5
13.80866236,13.81094267,13.81310174,13.8151327,13.81702582,90.6
13.73532397,13.73717799,13.73898364,13.74072758,13.74239427,90.7
13.63817971,13.64037142,13.64253549,13.64465712,13.64671927,90.8
13.53168091,13.5344216,13.53714019,13.53982189,13.54244949,90.9
13.50224541,13.50327948,13.50440819,13.50560901,13.50685766,91
13.37098043,13.37368624,13.37639585,13.37909703,13.38177427,91.1
13.09111878,13.10072712,13.10991303,13.11870439,13.12712084,91.2
12.8644394,12.87696863,12.88904941,12.90069913,12.91192962,91.3
12.68867655,12.7015484,12.71411361,12.72636793,12.73830463,91.4
12.48458401,12.49874654,12.51265079,12.5262844,12.5396333,91.5
12.32827377,12.34170413,12.35503893,12.36824988,12.38130844,91.6
12.2113025,12.22290217,12.23459044,12.24632567,12.2580668,91.7
12.12326594,12.13257899,12.14214512,12.15191422,12.16183694,91.8
12.05934059,12.06617942,12.07340753,12.08097053,12.08881453,91.9
12.01411932,12.01852167,12.02341588,12.02874679,12.03445923,92
11.96849224,11.97090221,11.97386422,11.97732601,11.98123449,92.1
11.92422732,11.92496952,11.92629388,11.92815331,11.93049884,92.2
11.87937944,11.8787795,11.87876559,11.87929751,11.88033208,92.3
11.87820778,11.87523014,11.87290847,11.87120136,11.87006466,92.4
11.901709,11.89618161,11.89137624,11.88725068,11.88376013,92.5
11.93211742,11.92429072,11.91722944,11.91089235,11.90523558,92.6
11.96446537,11.9546587,11.94563799,11.93736466,11.92979729,92.7
11.99208886,11.98072326,11.97013724,11.96029699,11.95116542,92.8
12.01073887,11.99831773,11.98663796,11.97567323,11.96539313,92.9
12.02829367,12.01501736,12.00243616,11.99053116,11.97927865,93
12.02403664,12.01080819,11.99816722,11.9861081,11.97461894,93.1
11.97879663,11.96723724,11.95604286,11.94523225,11.93481512,93.2
11.91212698,11.90282908,11.89366584,11.88467641,11.87588936,93.3
11.85130597,11.84357882,11.83585632,11.82818256,11.820592,93.4
11.79159597,11.78508147,11.77849589,11.77188104,11.76527092,93.5
11.73301308,11.72741145,11.72170254,11.71592187,11.71009915,93.6
11.67909529,11.67402483,11.66884754,11.66359008,11.6582752,93.7
11.63218624,11.62726505,11.62226551,11.61720428,11.6120958,93.8
11.59756418,11.59229507,11.58700502,11.58170002,11.57638524,93.9
11.55045751,11.54539948,11.54032719,11.53524297,11.53014859,94
11.49143963,11.48703617,11.48259099,11.47810702,11.47358621,94.1
11.43557145,11.43156118,11.4275075,11.42341101,11.41927139,94.2
11.3911195,11.38696047,11.3827975,11.37862494,11.37443685,94.3
11.31168244,11.30888287,11.30599391,11.30301865,11.29995818,94.4
11.20237004,11.20197194,11.20133328,11.20047142,11.19939954,94.5
11.13980808,11.13921007,11.13846127,11.13756339,11.13651649,94.6
11.09671666,11.09520966,11.09367068,11.09208668,11.0904448,94.7
11.09127933,11.08769942,11.08425618,11.08092067,11.07766571,94.8
11.08359081,11.07840291,11.07345958,11.0687244,11.06416306,94.9
11.08482947,11.0780065,11.07151886,11.06532556,11.05938763,95
11.08123948,11.07325212,11.06564222,11.05836999,11.0513968,95.1
11.06443973,11.05600797,11.04793354,11.04018476,11.03272933,95.2
11.03117596,11.02308305,11.01526661,11.00770903,11.00038962,95.3
10.97706695,10.97017349,10.96341759,10.95680027,10.95031672,95.4
10.86597348,10.86267349,10.85919387,10.85557197,10.85183449,95.5
10.78523473,10.78325256,10.78104387,10.7786414,10.7760697,95.6
10.72688231,10.72497443,10.72290023,10.72067732,10.71831847,95.7
10.67854676,10.67629386,10.67395302,10.67152816,10.66902075,95.8
10.63284817,10.63022116,10.6275706,10.62489099,10.62217573,95.9
10.63769937,10.63293196,10.62830874,10.62380742,10.61940653,96
10.638174,10.63175755,10.62559555,10.61965667,10.61391115,96.1
10.63629083,10.62859186,10.62121392,10.6141225,10.60728451,96.2
10.63385216,10.62512194,10.61674944,10.60870068,10.60094253,96.3
10.63834519,10.6284963,10.61904246,10.60995005,10.60118576,96.4
10.60228821,10.59324357,10.58446578,10.57594161,10.56765456,96.5
10.6029785,10.5930715,10.58346262,10.57413646,10.56507482,96.6
10.62829855,10.61678238,10.60564327,10.59485912,10.58440604,96.7
10.64493109,10.63237787,10.62022825,10.60845978,10.59704831,96.8
10.68676444,10.67246543,10.65864184,10.64526632,10.63231037,96.9
10.66668042,10.65339217,10.64042034,10.62776038,10.61540296,97
10.66125452,10.64817113,10.63534049,10.62276547,10.61044352,97.1
10.67121987,10.65768737,10.64440695,10.63138053,10.61860524,97.2
10.60466406,10.59429843,10.58386681,10.57340931,10.56295575,97.3
10.56259271,10.55354524,10.54434552,10.53503516,10.52564683,97.4
10.52628494,10.51806237,10.50965799,10.501108,10.49244181,97.5
10.56065511,10.55046516,10.54025539,10.53004138,10.51983493,97.6
10.58105061,10.56964016,10.55830591,10.54705054,10.53587499,97.7
10.61480677,10.60194583,10.58925415,10.5767243,10.56434836,97.8
10.66889769,10.65414335,10.63966327,10.62544066,10.61145922,97.9
10.69365474,10.6782891,10.66320583,10.6483889,10.63382243,98
10.71400219,10.69829592,10.6828587,10.66767753,10.65273886,98.1
10.7357938,10.71977217,10.70400621,10.68848547,10.6731985,98.2
10.75622955,10.74002103,10.72404717,10.70830053,10.69277221,98.3
10.75830407,10.74268162,10.72721542,10.71190704,10.69675532,98.4
10.71147833,10.69851231,10.68546609,10.67236706,10.6592363,98.5
10.67586529,10.66455838,10.65306239,10.64141084,10.62963095,98.6
10.64270574,10.63268789,10.62241977,10.61193463,10.60126032,98.7
10.60729313,10.59845399,10.58932327,10.57993161,10.57030538,98.8
10.54281659,10.53627548,10.52932096,10.52198981,10.51431434,98.9
10.48699112,10.48192755,10.47641981,10.47049925,10.46419418,99
10.43511184,10.43107641,10.42660886,10.42173128,10.41646445,99.1
10.39285212,10.38924292,10.38525802,10.38090735,10.37620126,99.2
10.34484742,10.34184169,10.33849498,10.33480933,10.33078809,99.3
10.29689906,10.29439009,10.29157831,10.28845884,10.28502864,99.4
10.25825677,10.25574514,10.25300118,10.25001085,10.24676276,99.5
10.22218995,10.21956907,10.21678174,10.21380707,10.21062705,99.6
10.18409842,10.18147698,10.17873559,10.17584985,10.17279803,99.7
10.13926477,10.1369525,10.13453314,10.13198352,10.12928215,99.8
10.10363947,10.1011576,10.09861932,10.09599789,10.09326824,99.9
10.08328378,10.08000673,10.07676394,10.0735212,10.07024653,100
10.06377871,10.05982605,10.05597186,10.05217889,10.04841192,100.1
10.07509727,10.06935579,10.06384868,10.05852823,10.05334973,100.2
10.12885017,10.12030915,10.1121658,10.10436255,10.0968455,100.3
10.22019919,10.20858898,10.19748881,10.18684164,10.17659277,100.4
10.32719761,10.31283974,10.29904284,10.28575831,10.27293753,100.5
10.4483975,10.43189435,10.41590724,10.40040963,10.38537023,100.6
10.56681012,10.54815944,10.530015,10.5123642,10.49518662,100.7
10.67762128,10.65680175,10.63652489,10.61678175,10.59755457,100.8
10.77913577,10.75632017,10.73410107,10.71246737,10.69139966,100.9
10.86588143,10.84153545,10.81782377,10.7947325,10.77224038,101
10.94870067,10.92312893,10.89820738,10.87392149,10.85025002,101.1
11.0462149,11.01920446,10.99286978,10.96719504,10.94215828,101.2
11.15588542,11.12740047,11.09960945,11.07249675,11.04604077,101.3
11.27628512,11.2464546,11.21730986,11.1888396,11.16102594,101.4
11.39256182,11.36144073,11.33101038,11.3012607,11.27217507,101.5
11.49897699,11.4667658,11.43525099,11.40442232,11.37426338,101.6
11.58912397,11.55638944,11.52431719,11.49290115,11.46212895,101.7
11.67283755,11.63990448,11.60757609,11.57585306,11.54472922,101.8
11.74849006,11.71573527,11.6834992,11.65179234,11.62061739,101.9
11.83198014,11.79910839,11.7667048,11.73478444,11.70335447,102
11.91291158,11.8800656,11.84762985,11.81562445,11.7840615,102.1
12.00563536,11.97240413,11.93956416,11.90713585,11.8751321,102.2
12.08990342,12.05666104,12.02376238,11.99123128,11.95908416,102.3
12.15898515,12.12640739,12.09407188,12.06201188,12.0302525,102.4
12.21305285,12.18180506,12.15064766,12.11962829,12.08878514,102.5
12.27265884,12.24234735,12.2120282,12.18175511,12.15157244,102.6
12.31012748,12.28169067,12.253082,12.22436729,12.19560246,102.7
12.35714583,12.32994307,12.30247815,12.27481894,12.2470244,102.8
12.42429679,12.39734332,12.37012406,12.34270011,12.3151255,102.9
12.50049693,12.47344277,12.44614354,12.41865228,12.39101665,103
12.54099164,12.51538635,12.48943955,12.4632078,12.43674266,103.1
12.60269029,12.57746082,12.55188759,12.52602071,12.49990676,103.2
12.65977229,12.63509081,12.6100521,12.58470146,12.55908176,103.3
12.68598081,12.66316379,12.63987971,12.61617877,12.59210864,103.4
12.72830202,12.70641252,12.68403349,12.66121028,12.6379868,103.5
12.80779096,12.78533446,12.76246212,12.73920794,12.71560592,103.6
12.85912086,12.83721409,12.81489075,12.79217998,12.76911165,103.7
12.93682135,12.91444775,12.89171963,12.86865712,12.84528207,103.8
13.00528192,12.9828248,12.96004784,12.9369649,12.91359223,103.9
13.07522913,13.05267094,13.0298245,13.00669851,12.98330449,104
13.14501801,13.12239834,13.09951624,13.07637633,13.05298631,104.1
13.20042841,13.17831527,13.15592617,13.13326562,13.11034094,104.2
13.28518513,13.26252195,13.23963388,13.21652012,13.19318305,104.3
13.35966217,13.33684661,13.31383124,13.29061232,13.26718936,104.4
13.43335341,13.41044964,13.38736472,13.36409287,13.34063149,104.5
13.49892007,13.47624748,13.45339054,13.43034359,13.40710382,104.6
13.55812087,13.53591606,13.51350851,13.49089411,13.46807113,104.7
13.6198873,13.59802107,13.57594484,13.55365477,13.53114919,104.8
13.6835536,13.66193746,13.64011101,13.61807003,13.5958123,104.9
13.75920644,13.73741722,13.71544315,13.6932775,13.67091564,105
13.84889808,13.82653988,13.80404003,13.78138836,13.75857696,105.1
13.91363048,13.89159301,13.86940189,13.8470484,13.82452567,105.2
13.98789724,13.9658214,13.94360444,13.92123669,13.89871023,105.3
14.05930947,14.0373213,14.01519545,13.9929222,13.97049343,105.4
14.12161167,14.10004958,14.07833119,14.05644882,14.03439599,105.5
14.1803078,14.15928003,14.13807245,14.11667967,14.09509707,105.6
14.23539838,14.21499479,14.19438531,14.17356678,14.15253647,105.7
14.2900875,14.27026559,14.25021825,14.22994366,14.20944021,105.8
14.34508617,14.32577617,14.30622885,14.28644284,14.26641691,105.9
14.41385571,14.39456183,14.37504857,14.35531259,14.33535087,106
14.48982017,14.47034151,14.45066976,14.43079926,14.41072484,106.1
14.56028973,14.54082111,14.52117346,14.50133991,14.48131415,106.2
14.63749641,14.61785507,14.59805654,14.57809233,14.55795462,106.3
14.74198658,14.72159087,14.70107581,14.68043118,14.65964746,106.4
14.86211072,14.84091832,14.81962431,14.79821977,14.77669609,106.5
14.97786805,14.95591257,14.93388077,14.91176354,14.88955197,106.6
15.0884483,15.06581478,15.04313238,15.02039105,14.99758089,106.7
15.18993746,15.16682359,15.14368367,15.12050651,15.09728116,106.8
15.28592959,15.26250883,15.2390763,15.21562026,15.1921292,106.9
15.38437724,15.36062298,15.33687132,15.31311,15.28932702,107
15.48657748,15.46243662,15.43831384,15.41419632,15.39007155,107.1
15.57349072,15.549401,15.52532239,15.50124325,15.47715209,107.2
15.6683189,15.6440647,15.6198266,15.59559312,15.57135287,107.3
15.74170924,15.71797434,15.69422075,15.67044053,15.64662544,107.4
15.80279632,15.77996959,15.75706858,15.73409045,15.71103148,107.5
15.85913436,15.83730624,15.81534868,15.79326332,15.77105048,107.6
15.92672433,15.90543232,15.88398908,15.86239741,15.84065885,107.7
15.99040313,15.9697419,15.94890447,15.92789496,15.90671617,107.8
16.05394444,16.03387013,16.01360007,15.99313908,15.97249074,107.9
16.12856597,16.10868887,16.08861978,16.0683624,16.04791935,108
16.20511618,16.18537267,16.16544403,16.1453327,16.12504027,108.1
16.27618371,16.25673945,16.23710795,16.21729116,16.19729027,108.2
16.36092804,16.34137285,16.32164882,16.30175605,16.28169412,108.3
16.44298135,16.42340802,16.4036786,16.38379185,16.36374621,108.4
16.50894281,16.48985035,16.4705876,16.45115411,16.431549,108.5
16.56948831,16.5510164,16.53235402,16.51350185,16.49446005,108.6
16.64266595,16.62437416,16.60589748,16.58723565,16.56838805,108.7
16.70942793,16.69150379,16.67339046,16.65508757,16.63659438,108.8
16.78175184,16.7640062,16.74607743,16.72796426,16.70966521,108.9
16.85646612,16.83882413,16.82100843,16.80301672,16.78484659,109
16.93574963,16.91808307,16.90025767,16.88226985,16.86411601,109.1
16.99986488,16.98263206,16.965231,16.94765866,16.92991198,109.2
17.05885509,17.042183,17.02532777,17.00828727,16.99105926,109.3
17.11951743,17.10331056,17.08691258,17.07032167,17.05353582,109.4
17.14451273,17.12990805,17.1150419,17.0999176,17.08453782,109.5
17.18123098,17.16764557,17.15377147,17.139613,17.12517378,109.6
17.24618372,17.23267343,17.21889718,17.20485678,17.19055366,109.7
17.30605542,17.29275924,17.27921184,17.26541329,17.25136342,109.8
17.36187081,17.34888749,17.33566209,17.32219345,17.30848031,109.9
17.41146034,17.39894027,17.38617979,17.37317712,17.35993045,110
17.50428119,17.49115989,17.47783879,17.4643138,17.45058094,110.1
17.60962347,17.59578009,17.58177147,17.56759235,17.55323751,110.2
17.72562025,17.7110448,17.69632609,17.68145919,17.66643906,110.3
17.82901436,17.81382629,17.79852512,17.78310467,17.76755871,110.4
17.92640387,17.9107353,17.89498023,17.87913121,17.86318083,110.5
18.0176268,18.00163285,17.98557284,17.96943836,17.95322107,110.6
18.11505989,18.09864742,18.08219042,18.06567959,18.04910576,110.7
18.21928071,18.20236952,18.185435,18.16846714,18.15145611,110.8
18.31762152,18.30034476,18.28306148,18.26576113,18.24843335,110.9
18.41599168,18.39837416,18.38076512,18.36315358,18.34552876,111
18.48721692,18.46995884,18.45269138,18.43540548,18.41809208,111.1
18.55793996,18.54103138,18.52409778,18.5071317,18.49012549,111.2
18.61335557,18.59722194,18.58102675,18.56476559,18.54843356,111.3
18.6619829,18.64677194,18.63145845,18.61604111,18.60051786,111.4
18.67092202,18.6578337,18.64453991,18.63104684,18.61735933,111.5
18.7070356,18.69495888,18.68264794,18.67010983,18.65735032,111.6
18.72423004,18.7136504,18.70278682,18.6916485,18.68024333,111.7
18.7304137,18.72150153,18.71225485,18.70268461,18.69280043,111.8
18.76303016,18.75479042,18.74622254,18.73733507,18.72813562,111.9
18.80920797,18.80119723,18.79288421,18.78427422,18.77537203,112
18.82876045,18.82171155,18.81435092,18.8066831,18.79871222,112.1
18.8401326,18.83418694,18.82791547,18.8213223,18.81441123,112.2
18.85708071,18.85193766,18.84647241,18.84068744,18.83458513,112.3
18.87249233,18.86809884,18.86338996,18.8583665,18.85302937,112.4
18.84877974,18.84620891,18.84327744,18.83998824,18.83634408,112.5
18.84029187,18.83884018,18.8370259,18.8348506,18.83231589,112.6
18.83373593,18.83319309,18.83229755,18.83104891,18.82944701,112.7
18.78805156,18.78946626,18.79048717,18.79111566,18.79135317,112.8
18.78890293,18.79063976,18.79202655,18.79306056,18.79373944,112.9
18.79527695,18.79714989,18.79871934,18.79997887,18.80092273,113
18.83232127,18.83357849,18.8346006,18.83537704,18.83589818,113.1
18.84896631,18.85015651,18.85115208,18.85194032,18.85250949,113.2
18.86249597,18.86370507,18.86475174,18.86562194,18.86630257,113.3
18.85967617,18.86133257,18.86283564,18.86417176,18.86532809,113.4
18.85856971,18.86056405,18.86241846,18.86411942,18.86565406,113.5
18.85486664,18.85722038,18.85944518,18.86152778,18.86345547,113.6
18.87895485,18.88092496,18.88280793,18.88458876,18.88625305,113.7
18.90532676,18.90690216,18.90842777,18.90988736,18.9112653,113.8
18.93144494,18.93268125,18.93389792,18.93507811,18.93620553,113.9
18.96028089,18.9611579,18.9620423,18.96291691,18.96376506,114
18.99207863,18.99256945,18.99309258,18.99363069,18.99416691,114.1
19.02357283,19.02372749,19.0239344,19.02417642,19.02443677,114.2
19.05021429,19.05017914,19.05020784,19.05028396,19.05039137,114.3
19.07540665,19.0752359,19.07513688,19.07509412,19.07509232,114.4
19.10484882,19.10445796,19.10414942,19.10390838,19.10372007,114.5
19.12025829,19.12002098,19.11985774,19.11975566,19.11970169,114.6
19.11234562,19.11286482,19.11342043,19.11400349,19.1146045,114.7
19.10293066,19.1041504,19.10537671,19.10660348,19.10782388,114.8
19.06809489,19.07063746,19.07312863,19.07556689,19.07794962,114.9
19.04081754,19.04426129,19.04762692,19.05091444,19.05412278,115
19.02560755,19.02949316,19.0333006,19.03702931,19.04067784,115.1
18.99191,18.99667488,19.00134064,19.00590765,19.01037544,115.2
18.96042743,18.96588382,18.97123287,18.97647484,18.98160926,115.3
18.89755965,18.90449471,18.91127608,18.91790662,18.92438832,115.4
18.83383364,18.8420176,18.85002219,18.85785085,18.86550624,115.5
18.7727772,18.78192341,18.790884,18.79966148,18.8082578,115.6
18.74499563,18.7540738,18.76300913,18.77180016,18.78044533,115.7
18.72016938,18.72911194,18.7379513,18.74668288,18.75530225,115.8
18.68478827,18.69387994,18.70288969,18.71181146,18.72063943,115.9
18.62945102,18.63919594,18.64885297,18.65841669,18.66788183,116
18.57637121,18.58659486,18.59673454,18.60678468,18.61673984,116.1
18.52989652,18.54034626,18.55072773,18.5610344,18.57125994,116.2
18.49299833,18.5033871,18.51373423,18.52403166,18.53427165,116.3
18.46839396,18.47842281,18.48844618,18.49845412,18.50843708,116.4
18.46492778,18.47413974,18.48339733,18.49268801,18.5019998,116.5
18.44092502,18.44992488,18.4589871,18.46809921,18.47724919,116.6
18.42387842,18.43252302,18.44125071,18.4500488,18.45890499,116.7
18.41199255,18.42020297,18.42851794,18.43692451,18.4454101,116.8
18.40222978,18.41001234,18.41791755,18.42593248,18.43404452,116.9
18.37204761,18.37997218,18.3880072,18.39614199,18.4043659,117
18.34164012,18.34968779,18.35783638,18.36607696,18.37440044,117.1
18.30331766,18.31167015,18.32010632,18.32861926,18.33720176,117.2
18.28820143,18.29621837,18.30433567,18.31254574,18.32084077,117.3
18.29735247,18.30451177,18.31180894,18.31923448,18.3267788,117.4
18.28127381,18.28828365,18.29543138,18.30270835,18.31010577,117.5
18.258419,18.26547202,18.27265318,18.2799553,18.28737093,117.6
18.21424848,18.22191884,18.22967833,18.23752335,18.24544969,117.7
18.1813417,18.18921343,18.19716351,18.20518917,18.21328705,117.8
18.10830831,18.11747811,18.12665806,18.13585053,18.14505686,117.9
18.03305112,18.04335811,18.05362762,18.06386467,18.0740731,118
18.00187077,18.01191912,18.02196134,18.03199892,18.04203274,118.1
17.94362258,17.95416855,17.9646976,17.97521121,17.98571029,118.2
17.88651521,17.8974463,17.90835733,17.91924916,17.93012225,118.3
17.83703104,17.84806826,17.85909702,17.87011663,17.88112617,118.4
17.79368698,17.80464476,17.81561295,17.82658903,17.83757045,118.5
17.75533718,17.76609391,17.77688273,17.78769939,17.7985398,118.6
17.72084067,17.73132427,17.74186188,17.7524478,17.76307654,118.7
17.68980592,17.69996648,17.71020188,17.72050524,17.73087001,118.8
17.64892073,17.65906042,17.6692779,17.67956659,17.68992015,118.9
17.6162238,17.62612442,17.63611617,17.64619198,17.656345,119
17.63444697,17.6429654,17.65163627,17.66044905,17.6693937,119.1
17.67222044,17.67914743,17.68628699,17.69362578,17.70115112,119.2
17.67479551,17.68105798,17.68754816,17.69425298,17.70115985,119.3
17.67456443,17.68031341,17.68629596,17.69249991,17.69891341,119.4
17.6711517,17.67653171,17.68214304,17.68797491,17.69401671,119.5
17.66399356,17.66915277,17.67453358,17.680127,17.68592403,119.6
17.65951985,17.66441808,17.66953162,17.67485276,17.68037367,119.7
17.65089568,17.65567415,17.660655,17.66583219,17.67119935,119.8
17.64090211,17.64561129,17.65050886,17.65559032,17.6608507,119.9
17.604123,17.60953877,17.61508646,17.6207664,17.62657802,120
17.51993389,17.52740907,17.53488759,17.54237996,17.54989485,120.1
17.452225,17.46085959,17.46944577,17.47799589,17.48652058,120.2
17.46163418,17.46915806,17.47670409,17.48427781,17.49188383,120.3
17.36308329,17.37270676,17.38224268,17.391704,17.40110211,120.4
