T=1,T=2,T=3,T=4,T=5,t
19.72222222,19.72222222,19.72222222,19.72222222,19.72222222,0
19.08623486,19.57065177,19.81635819,19.82335413,19.59163959,0.1
17.94330209,19.32539063,19.91910673,19.9060562,19.48689175,0.2
16.16920609,19.01738114,20.03391189,19.97932784,19.44044,0.3
13.19292382,18.49805044,20.14174766,20.07296095,19.46549908,0.4
9.212069035,17.84965261,20.26812224,20.1169818,19.43673784,0.5
5.65485107,17.15774418,20.35317894,19.99670621,19.24016712,0.6
3.767533158,15.90239856,20.47799732,20.05949133,19.27543309,0.7
2.955386883,14.11295046,20.59660159,20.11270899,19.3071523,0.8
2.560101991,11.92695648,20.65946033,20.07601016,19.25320698,0.9
2.330285732,9.380151461,20.67056401,19.99753108,19.16515566,1
2.187862205,6.89699898,20.75373577,20.03963834,19.19823169,1.1
2.106536126,5.208643137,20.82530076,20.0767765,19.22928438,1.2
2.063215778,4.208932658,20.85701658,20.0767358,19.22723535,1.3
2.044336911,3.607273927,20.86974043,20.0654759,19.21626675,1.4
2.038729882,3.211676279,20.92130012,20.10095389,19.24953868,1.5
2.04531484,2.951735464,20.99445316,20.16264078,19.30847201,1.6
2.068305598,2.79755374,20.98078216,20.1419498,19.29317515,1.7
2.099865412,2.6978303,20.88854098,20.05036223,19.21425698,1.8
2.137138773,2.633582903,20.82972174,19.9913264,19.16242276,1.9
2.179837131,2.596867407,20.80281769,19.96353004,19.13823095,2
2.226243078,2.578874356,20.78574803,19.94620838,19.12372309,2.1
2.274863052,2.573548579,20.77219353,19.93310856,19.11328276,2.2
2.326791825,2.580949272,20.76670869,19.92838613,19.11080204,2.3
2.37995624,2.595688035,20.76069423,19.92379453,19.10872508,2.4
2.436203791,2.619854318,20.76253902,19.92707863,19.11414692,2.5
2.494166025,2.650170997,20.7661309,19.93247668,19.12181985,2.6
2.553853278,2.68594368,20.76493711,19.93400498,19.12637582,2.7
2.613595999,2.724156268,20.76021869,19.93246024,19.12824451,2.8
2.675442168,2.767485415,20.7627923,19.93770955,19.13632989,2.9
2.738375468,2.814067888,20.76689144,19.94455147,19.14601016,3
2.802289686,2.863480313,20.77213913,19.95261892,19.15694461,3.1
2.867094135,2.915373583,20.77825407,19.96163205,19.16886773,3.2
2.9328801,2.969681233,20.78590906,19.97218273,19.18230113,3.3
2.999722831,3.026335845,20.79558048,19.98469898,19.19763039,3.4
3.067725974,3.085310089,20.80127486,19.99388733,19.2102154,3.5
3.135854674,3.14518491,20.80505879,20.0013512,19.22127238,3.6
3.201991256,3.203237749,20.79374424,19.99528139,19.22028685,3.7
3.269424008,3.263542228,20.79127399,19.99669724,19.22562274,3.8
3.337270427,3.324932319,20.79720385,20.00539224,19.23722663,3.9
3.405976018,3.387873966,20.80553421,20.01637111,19.25095825,4
3.476050057,3.452838773,20.76757624,19.98757809,19.2306183,4.1
3.54719622,3.519436129,20.70437103,19.93617859,19.19024485,4.2
3.623800099,3.592572449,20.43143554,19.708122,19.00143182,4.3
3.701876471,3.667667566,20.20011091,19.50267111,18.82267568,4.4
3.782289115,3.745639862,19.94642646,19.27261875,18.61810045,4.5
3.864488654,3.82582284,19.68128969,19.02793506,18.39642385,4.6
3.944315522,3.903598086,19.60121831,18.93968947,18.30517345,4.7
4.024098971,3.981536717,19.5427191,18.8736908,18.23520975,4.8
4.105327714,4.061256891,19.44556353,18.77682799,18.1403243,4.9
4.186522421,4.141120945,19.37547512,18.70465084,18.06755843,5
4.267141367,4.220525017,19.33394489,18.65875532,18.01864946,5.1
4.349713438,4.302209716,19.2287801,18.5602516,17.9260213,5.2
4.432281809,4.38404008,19.15353783,18.48693999,17.85485604,5.3
4.514203262,4.465316751,19.12420378,18.45377804,17.81886769,5.4
4.596495753,4.547135378,19.10658306,18.43248653,17.79455497,5.5
4.680829533,4.631273365,19.03697987,18.36843298,17.73485979,5.6
4.763537845,4.713789302,19.02859043,18.35633668,17.71972744,5.7
4.84661563,4.79681383,19.00349241,18.33115818,17.69432917,5.8
4.928454262,4.878633773,19.0336743,18.35457292,17.71185322,5.9
5.011586596,4.961939357,19.03144771,18.35152252,17.70766548,6
5.094122293,5.044717781,19.06292172,18.37832825,17.73014258,6.1
5.177117796,5.128081974,19.08093171,18.39459855,17.7443967,6.2
5.260424265,5.211870521,19.09868922,18.41143543,17.75987053,6.3
5.343966743,5.295999144,19.11550016,18.42808401,17.7757846,6.4
5.425749121,5.378361318,19.18019491,18.4867365,17.82886216,6.5
5.504940318,5.458078415,19.27473883,18.57331444,17.90787765,6.6
5.583888343,5.537624065,19.35893638,18.65099422,17.97935207,6.7
5.662296723,5.61668397,19.43071434,18.71817708,18.04195322,6.8
5.741194971,5.696341618,19.49514806,18.77979109,18.10039468,6.9
5.820571979,5.776580746,19.55293625,18.83634821,18.15504222,7
5.899900254,5.856845265,19.6012923,18.885302,18.20353249,7.1
5.979042703,5.936990368,19.63968621,18.92612914,18.24535835,7.2
6.05838114,6.017413204,19.67208359,18.96202282,18.28318914,7.3
6.137555835,6.097737265,19.69586347,18.99071486,18.3150197,7.4
6.216941624,6.178351047,19.71565233,19.01584277,18.3438167,7.5
6.29618448,6.258885628,19.72824647,19.0347527,18.36730914,7.6
6.375081566,6.3391303,19.73199356,19.04601693,18.3842442,7.7
6.454148259,6.419617652,19.7343444,19.05542466,18.39927039,7.8
6.530668461,6.497513154,19.80555665,19.12081839,18.46061143,7.9
6.608674814,6.577017056,19.84820386,19.16322946,18.50315701,8
6.688712031,6.658693064,19.83807819,19.16385593,18.51180494,8.1
6.771656183,6.743444238,19.73804537,19.09425057,18.46419477,8.2
6.852012593,6.825570645,19.75586742,19.11180968,18.48356906,8.3
6.934007947,6.909448237,19.74138858,19.10389888,18.48228296,8.4
7.017574475,6.995006726,19.68764733,19.06457415,18.45526561,8.5
7.102843808,7.082379061,19.59159711,18.99058298,18.39943655,8.6
7.187854417,7.169546585,19.52077262,18.93261926,18.35405955,8.7
7.273340792,7.257252932,19.47315278,18.8912509,18.32063021,8.8
7.359909119,7.346118781,19.42408095,18.84835256,18.28535085,8.9
7.446720922,7.435287738,19.38685303,18.81447088,18.25679273,9
7.534538463,7.525540963,19.33416089,18.7683624,18.21806653,9.1
7.621891497,7.615374772,19.30909557,18.7437416,18.19622671,9.2
7.708536256,7.70452902,19.32459607,18.75277822,18.20233772,9.3
7.797279768,7.795878606,19.29169298,18.72410964,18.17816474,9.4
7.887837539,7.889129598,19.21893016,18.66406413,18.12854036,9.5
7.978315186,7.982355895,19.16660506,18.61841222,18.08949815,9.6
8.069062534,8.075907911,19.12704657,18.58234515,18.05779243,9.7
8.160376787,8.170083334,19.0936628,18.55125157,18.03004271,9.8
8.252059019,8.264679605,19.07027388,18.5283778,18.00904384,9.9
8.343797072,8.359392724,19.04759791,18.50642588,17.98891217,10
8.435912708,8.454535491,19.03240418,18.4909032,17.9742588,10.1
8.529539922,8.551263454,18.97887969,18.44575983,17.93587552,10.2
8.623308581,8.648183582,18.94507296,18.41526527,17.90888187,10.3
8.718362247,8.746448275,18.89190155,18.36967483,17.86970381,10.4
8.813760827,8.845109013,18.85278884,18.33445436,17.83851672,10.5
8.909742368,8.944412051,18.80900842,18.2954996,17.80421137,10.6
9.005767785,9.0438149,18.77908064,18.26719515,17.77834462,10.7
9.101919323,9.143395899,18.76165275,18.24905849,17.76086319,10.8
9.198873587,9.24383733,18.73033592,18.22055662,17.73525989,10.9
9.297373598,9.345879785,18.66314289,18.16443551,17.68756691,11
9.398007112,9.450098193,18.54705417,18.07010413,17.60906666,11.1
9.500369245,9.556082572,18.40511497,17.9531606,17.51113046,11.2
9.604321331,9.663697032,18.23584659,17.81198741,17.3921216,11.3
9.709694614,9.772753825,18.07592546,17.67308006,17.27202679,11.4
9.814545721,9.881352663,17.99482222,17.59167824,17.1953337,11.5
9.919209564,9.98986524,17.90682347,17.50548852,17.11464124,11.6
10.02489504,10.09943167,17.81390566,17.41617595,17.03137636,11.7
10.13167827,10.21011453,17.72235916,17.3282762,16.94908811,11.8
10.23994748,10.32229306,17.60353512,17.22002429,16.85063366,11.9
10.34665901,10.4330262,17.58271677,17.18660371,16.81136065,12
10.45372039,10.5441378,17.57867761,17.16960759,16.78705647,12.1
10.56116241,10.65567037,17.57672944,17.15674416,16.76752357,12.2
10.66894206,10.76758641,17.57461206,17.14574173,16.75070214,12.3
10.77704237,10.87987133,17.57142198,17.13553532,16.73556154,12.4
10.88635024,10.99336801,17.54161462,17.10616607,16.70588586,12.5
10.9961468,11.10737295,17.52380187,17.08656732,16.68461905,12.6
11.10788788,11.22325919,17.46430135,17.03613959,16.63939773,12.7
11.22032403,11.33985095,17.40619113,16.98590411,16.59412585,12.8
11.33363555,11.45730859,17.34489964,16.93263726,16.54629805,12.9
11.44839301,11.57615464,17.25332024,16.85620486,16.48006843,13
11.563699,11.6955514,17.17870281,16.79053371,16.42144198,13.1
11.67944793,11.81539313,17.12590814,16.74057165,16.3748521,13.2
11.79498543,11.93509365,17.10551057,16.71566041,16.34834554,13.3
11.91108027,12.05534561,17.08506955,16.69185791,16.32331578,13.4
12.0282732,12.17663324,17.03982881,16.65003262,16.28438489,13.5
12.14697001,12.29929434,16.95565767,16.57927276,16.2227881,13.6
12.26613754,12.42239409,16.90011078,16.5283526,16.17612533,13.7
12.38541831,12.54563533,16.8664669,16.49394338,16.142508,13.8
12.50552966,12.66962092,16.82800094,16.45653645,16.10684476,13.9
12.6265521,12.79440954,16.77713502,16.41010935,16.06421704,14
12.74582129,12.9177649,16.80826566,16.42752629,16.0732133,14.1
12.86547222,13.04149053,16.83346581,16.44189756,16.08067994,14.2
12.98690726,13.16672414,16.81594433,16.42477816,16.06366695,14.3
13.10821697,13.2918927,16.81940476,16.42407339,16.0601324,14.4
13.2299193,13.41741412,16.8224371,16.42385177,16.05752264,14.5
13.35310168,13.5441311,16.78260954,16.39200711,16.03022859,14.6
13.47688501,13.67133029,16.74097439,16.35813609,16.00115702,14.7
13.60106916,13.79884138,16.71406141,16.3346699,15.98014528,14.8
13.72531851,13.92641397,16.7109419,16.32936166,15.97375304,14.9
13.84949859,14.05395558,16.72617513,16.33891587,15.97976577,15
13.97374406,14.18155728,16.75454833,16.35986718,15.99573169,15.1
14.0996486,14.31031337,16.72166004,16.33478574,15.97523708,15.2
14.22587668,14.43928059,16.69598469,16.31445529,15.95830118,15.3
14.35001211,14.56686074,16.76405716,16.36812358,16.00200196,15.4
14.47471226,14.69485536,16.81698209,16.41035743,16.03677739,15.5
14.59996377,14.82323347,16.85515608,16.4418022,16.063264,15.6
14.72564611,14.95189759,16.88274142,16.46573466,16.0841138,15.7
14.85185554,15.08088141,16.89950199,16.48194421,16.0991553,15.8
14.97854295,15.21013553,16.90186525,16.48750558,16.10590428,15.9
15.10561945,15.3395806,16.90140204,16.49082089,16.11094786,16
15.23311538,15.46921088,16.88526259,16.48233069,16.10666912,16.1
15.36102346,15.59898041,16.86497095,16.47011577,16.09927062,16.2
15.4891095,15.72877963,16.85653665,16.46591482,16.09789538,16.3
15.61680149,15.85842223,16.88617685,16.49026677,16.1191699,16.4
15.7439827,15.98784412,16.94608556,16.53921427,16.16092739,16.5
15.87208597,16.11755011,16.96715795,16.55901181,16.17965524,16.6
15.99980637,16.24711641,17.01921888,16.60310723,16.21829056,16.7
16.12770184,16.37669578,17.06949692,16.64669365,16.25705265,16.8
16.25588673,16.50629102,17.11053989,16.68383065,16.2910284,16.9
16.38433002,16.63585633,17.14309616,16.71497553,16.32052097,17
16.51255548,16.76535367,17.19532212,16.76149342,16.36266215,17.1
16.64127716,16.89475424,17.21927846,16.7870878,16.38836996,17.2
16.77021563,17.02398129,17.23400996,16.80581034,16.40874873,17.3
16.89898755,17.1531891,17.27475018,16.84385244,16.44452669,17.4
17.02790753,17.2822005,17.30647355,16.87538742,16.47532694,17.5
17.15708065,17.41071158,17.3068147,16.88382954,16.48805142,17.6
17.28624841,17.53896489,17.31164457,16.89482074,16.50250969,17.7
17.41541973,17.6666827,17.30405481,16.89622226,16.50929478,17.8
17.54452434,17.79398709,17.29828003,16.89810788,16.5161011,17.9
17.67353781,17.92091749,17.29884158,16.9039648,16.52570134,18
17.80246285,18.04762017,17.31291084,16.91946215,16.54269158,18.1
17.93124609,18.17380051,17.32325796,16.93215535,16.55742965,18.2
18.05995926,18.29992073,17.35281347,16.95925324,16.58355636,18.3
18.18860068,18.42597964,17.39716497,16.99814529,16.61936506,18.4
18.3171114,18.55168842,17.44508316,17.04050113,16.65834484,18.5
18.4454208,18.67678728,17.48540109,17.07746636,16.69321933,18.6
18.57348867,18.80122558,17.51914428,17.10977019,16.72454565,18.7
18.70060169,18.92323651,17.49901115,17.10278967,16.72523811,18.8
18.82729351,19.04439779,17.48528939,17.09905964,16.72786984,18.9
18.95288478,19.16335297,17.44191431,17.07310702,16.71294536,19
19.07802634,19.28155112,17.41954289,17.0602982,16.70722746,19.1
19.20254119,19.39863131,17.39793354,17.04717545,16.70076593,19.2
19.32561668,19.51319282,17.35153613,17.01532463,16.67937231,19.3
19.44778386,19.62628254,17.31069813,16.98594679,16.65904081,19.4
19.56914545,19.73813235,17.28143236,16.96389287,16.64369348,19.5
19.6894439,19.84831661,17.25081601,16.94025529,16.62665803,19.6
19.80883206,19.95716463,17.22955529,16.92299082,16.61416295,19.7
19.92700005,20.06416813,17.20398074,16.90229779,16.59870559,19.8
20.04410388,20.16963708,17.18248773,16.8843193,16.58506132,19.9
20.15994067,20.27333823,17.1653728,16.86948069,16.57367204,20
20.27441193,20.37514729,17.14934537,16.85545406,16.56278452,20.1
20.38768581,20.47535469,17.13810526,16.84505582,16.55465869,20.2
20.49939637,20.57342566,17.12302365,16.83187666,16.54427576,20.3
20.60987953,20.66996317,17.11638427,16.82514295,16.53895377,20.4
20.71874594,20.76440856,17.10917427,16.81821153,16.53351219,20.5
20.83050557,20.86318794,17.15681689,16.85436737,16.56308597,20.6
20.93612234,20.95349292,17.14187923,16.84311983,16.55488979,20.7
21.04323254,21.0461072,17.16527442,16.86095908,16.56990321,20.8
21.14972123,21.13806881,17.19515728,16.88448147,16.58983779,20.9
21.25563889,21.22948025,17.23205252,16.91422962,16.6152338,21
21.35975978,21.31868769,17.26341462,16.94041761,16.63815074,21.1
21.46226331,21.4059415,17.2907963,16.96404975,16.65929386,21.2
21.56104235,21.48848388,17.29524144,16.97063999,16.66699948,21.3
21.65923595,21.57056311,17.31089643,16.98565748,16.68147691,21.4
21.75605597,21.65113414,17.32818872,17.00209133,16.69721802,21.5
21.852746,21.73188329,17.3589501,17.02913151,16.72171339,21.6
21.95070044,21.81459196,17.41015313,17.07268077,16.76001245,21.7
22.04683295,21.89519991,17.4552879,17.11202696,16.79520576,21.8
22.14457853,21.97818472,17.51955225,17.16714764,16.8437817,21.9
22.23693009,22.05450834,17.55172271,17.19771798,16.87260101,22
22.32494087,22.12569969,17.5627886,17.21255542,16.88899235,22.1
22.41233637,22.19648595,17.58240639,17.23356058,16.91026048,22.2
22.50084106,22.26901345,17.62066195,17.26873194,16.94298016,22.3
22.58457543,22.33594541,17.63479977,17.28589416,16.96142397,22.4
22.6661776,22.40061512,17.64548212,17.30027159,16.9776051,22.5
22.74570293,22.4631422,17.65432775,17.31302144,16.99241921,22.6
22.82376952,22.52433663,17.66678322,17.32819238,17.00907216,22.7
22.9023632,22.58660427,17.69444267,17.35467312,17.03471758,22.8
22.97558824,22.64279354,17.69719847,17.36264999,17.04573526,22.9
23.05415718,22.70585437,17.74423232,17.40383355,17.0832118,23
23.12641533,22.76178124,17.76207506,17.42324976,17.10345495,23.1
23.19492933,22.81373134,17.76829375,17.43393591,17.11677196,23.2
23.25910654,22.8610771,17.76114375,17.43441875,17.12191931,23.3
23.3259114,22.91199733,17.7821178,17.45523134,17.14288101,23.4
23.3856926,22.95519376,17.77259466,17.4534386,17.14600032,23.5
23.44451176,22.99777456,17.77035773,17.45636784,17.15251911,23.6
23.4973559,23.0339969,17.74660857,17.44312349,17.14616804,23.7
23.55095209,23.07165707,17.74266024,17.44349077,17.15001572,23.8
23.60270755,23.10778129,17.74143414,17.44558696,17.15504262,23.9
23.65182003,23.14144788,17.7377406,17.4456389,17.15830701,24
23.69922515,23.1737647,17.73734867,17.44792665,17.16318207,24.1
23.73997784,23.19918802,17.71533263,17.43397585,17.15512281,24.2
23.78444943,23.22940904,17.72493164,17.44312922,17.16504078,24.3
23.83166935,23.26326571,17.75471536,17.46808819,17.1877797,24.4
23.87782381,23.29643832,17.78549102,17.49432758,17.21178557,24.5
23.91544295,23.32063696,17.78541755,17.49732244,17.21725959,24.6
23.95649559,23.34914017,17.80761012,17.51716349,17.23616645,24.7
24.00153512,23.38250398,17.85015333,17.55320409,17.26840858,24.8
24.04065395,23.40977714,17.87272898,17.57417734,17.28862855,24.9
24.07600357,23.43335334,17.88442963,17.58702409,17.3023914,25
24.10708156,23.45274261,17.88447576,17.59106992,17.30912212,25.1
24.13452424,23.4686458,17.87596401,17.58845991,17.31043946,25.2
24.16374914,23.48698295,17.88314993,17.59715834,17.32052047,25.3
24.19477508,23.50774669,17.90355864,17.61588657,17.33862087,25.4
24.21671938,23.51919794,17.89319964,17.61163082,17.33848062,25.5
24.23382083,23.52594941,17.87121538,17.5982761,17.33091887,25.6
24.2415485,23.5231956,17.81946389,17.56236971,17.30533106,25.7
24.24819958,23.51981827,17.77592984,17.53096079,17.28250235,25.8
24.25392939,23.5159795,17.73996238,17.50403662,17.26259193,25.9
24.25573242,23.50847277,17.69778981,17.47176906,17.23802484,26
24.24154515,23.48458947,17.59894867,17.39743393,17.18026692,26.1
24.2254293,23.45926681,17.51163421,17.32874919,17.12548099,26.2
24.20746202,23.43257362,17.43351384,17.26489059,17.07333816,26.3
24.1970915,23.41437399,17.39801471,17.23161082,17.04443539,26.4
24.18705136,23.39702718,17.3717134,17.20537959,17.0209559,26.5
24.18044346,23.38367217,17.36186239,17.19203757,17.00776762,26.6
24.18011515,23.37723117,17.37499503,17.19720955,17.00974343,26.7
24.17886418,23.37018277,17.38637064,17.20178979,17.01155167,26.8
24.17574715,23.36154275,17.39319232,17.20349711,17.01130349,26.9
24.1701083,23.35064831,17.3940334,17.20114055,17.00799867,27
24.16247435,23.33800693,17.39022942,17.19558534,17.00225797,27.1
24.15290849,23.32368127,17.38225403,17.18710313,16.99425946,27.2
24.13808132,23.30429577,17.36074157,17.16852392,16.97823505,27.3
24.11842694,23.28026462,17.32689595,17.14054112,16.95463023,27.4
24.09914208,23.25695456,17.29980739,17.11723251,16.9345256,27.5
24.08021065,23.23433045,17.2783431,17.09798601,16.91754241,27.6
24.05810159,23.20876063,17.25034558,17.07374014,16.89650116,27.7
24.02997966,23.17738007,17.20784987,17.03837842,16.86646909,27.8
23.99569238,23.14002993,17.15099825,16.99175754,16.8272098,27.9
23.96258896,23.10418963,17.10487317,16.95232337,16.79319283,28
23.93331074,23.07264423,17.07885402,16.9277354,16.77078741,28.1
23.8982797,23.03543596,17.03619036,16.89046708,16.73814865,28.2
23.87688825,23.01221956,17.03540467,16.88513692,16.73109325,28.3
23.85053535,22.98422317,17.02157558,16.8702092,16.71647003,28.4
23.81887957,22.95108578,16.99392852,16.8449034,16.69355167,28.5
23.78058752,22.91145782,16.94892884,16.80636745,16.65996692,28.6
23.73740776,22.86712459,16.89334257,16.75941961,16.61942211,28.7
23.72094732,22.84979806,16.91395914,16.77079363,16.6258013,28.8
23.72955582,22.8578067,16.98846975,16.82801617,16.6714839,28.9
23.71078665,22.83851185,16.99827374,16.83315256,16.67399404,29
23.70782477,22.83517925,17.04474569,16.8681579,16.70156661,29.1
23.69346311,22.82054934,17.06181962,16.88040629,16.71068873,29.2
23.67815031,22.8050591,17.0749849,16.88999059,16.717857,29.3
23.64207708,22.76890285,17.0297826,16.85568047,16.68994555,29.4
23.60290352,22.72977746,16.97915775,16.81647086,16.65777796,29.5
23.56114917,22.68821733,16.92549606,16.77405231,16.62263654,29.6
23.51693907,22.6443457,16.86928813,16.72880675,16.58480708,29.7
23.47748236,22.60532422,16.83067529,16.69583346,16.55627237,29.8
23.44383994,22.57220123,16.81029478,16.67631651,16.53829368,29.9
23.39866525,22.5277234,16.75923868,16.63373015,16.50188996,30
23.34954731,22.47942992,16.70027708,16.58462577,16.45997521,30.1
23.28858996,22.41952933,16.61253073,16.51338622,16.40015195,30.2
23.25679375,22.38866133,16.60986497,16.50518637,16.38996608,30.3
23.20467291,22.33780014,16.55512512,16.45767329,16.34835073,30.4
23.15961422,22.29402181,16.52197346,16.42609253,16.31919336,30.5
23.11435925,22.25011731,16.48897109,16.39466493,16.29010938,30.6
23.09143895,22.22837565,16.51015192,16.40578011,16.29576274,30.7
23.06521031,22.20343099,16.52153061,16.40992343,16.29607581,30.8
23.04283528,22.18235086,16.53976076,16.42017246,16.30175684,30.9
23.00960402,22.15061013,16.53054615,16.40959343,16.29073087,31
22.9773763,22.11988244,16.52258338,16.40018232,16.28075689,31.1
22.92742185,22.07172282,16.46852085,16.35615699,16.24316129,31.2
22.87928689,22.02541692,16.42251127,16.31735636,16.20934951,31.3
22.83180465,21.97982062,16.38079307,16.28126658,16.17744172,31.4
22.79042223,21.94025242,16.35551516,16.25729635,16.15506551,31.5
22.73970768,21.89155864,16.30707057,16.21585597,16.1187027,31.6
22.68916947,21.84307655,16.26105338,16.17576773,16.08316471,31.7
22.62751572,21.78370679,16.18728841,16.11467157,16.0307741,31.8
22.55060542,21.70939195,16.075311,16.02462607,15.95519035,31.9
22.47756496,21.63892138,15.98277855,15.94668249,15.88800736,32
22.41862849,21.58234019,15.93317241,15.89959527,15.84456544,32.1
22.3588544,21.52496419,15.88235806,15.85159687,15.80028233,32.2
22.3085844,21.47693768,15.85584334,15.82217174,15.77082014,32.3
22.26482743,21.43530122,15.8433078,15.80402145,15.75064421,32.4
22.20925417,21.38215989,15.80198669,15.76438898,15.71338023,32.5
22.14685339,21.32240668,15.74544209,15.71327199,15.66688337,32.6
22.09585975,21.27383468,15.7179246,15.68399494,15.6377532,32.7
22.05280414,21.23301998,15.70727105,15.66810755,15.61962176,32.8
22.00916841,21.19169542,15.69429798,15.65102663,15.60079933,32.9
21.95966233,21.14465972,15.66649495,15.62298211,15.57330991,33
21.91123866,21.09868291,15.6403437,15.59638071,15.54706862,33.1
21.85698709,21.04708109,15.60100341,15.55992891,15.51298695,33.2
21.78913969,20.98231592,15.53126985,15.50049112,15.4604724,33.3
21.72469279,20.92087631,15.47270346,15.44864989,15.41363046,33.4
21.66340426,20.86252702,15.42339534,15.40339177,15.37183464,33.5
21.59312945,20.79546324,15.35412738,15.34290015,15.31773927,33.6
21.51426796,20.7200747,15.26692754,15.26839844,15.25217636,33.7
21.44713907,20.65607607,15.21105294,15.21648937,15.20411577,33.8
21.39297798,20.60470241,15.18528763,15.18764516,15.17460071,33.9
21.34179118,20.55625352,15.16513666,15.1636402,15.14922502,34
21.30935158,20.52597312,15.18040342,15.16824639,15.14769786,34.1
21.29139628,20.5097593,15.21943465,15.19314784,15.16368999,34.2
21.27320962,20.49335138,15.25489886,15.21604773,15.17852648,34.3
21.25582148,20.47777883,15.28911207,15.23887695,15.19385099,34.4
21.24560859,20.46918462,15.33328961,15.27066899,15.21721352,34.5
21.2329508,20.45827163,15.37046963,15.29755493,15.23693287,34.6
21.21180734,20.43915996,15.38924394,15.31029884,15.24522923,34.7
21.1857867,20.41536428,15.39676164,15.31465428,15.24690567,34.8
21.15395408,20.38594766,15.39082114,15.30883629,15.24045162,34.9
21.11612083,20.35075783,15.37185852,15.29310779,15.22605249,35
21.08128868,20.3184847,15.35946083,15.28220931,15.21554582,35.1
21.05954801,20.29884886,15.37272481,15.29117818,15.22132799,35.2
21.03246366,20.27407622,15.37399784,15.29113277,15.21993467,35.3
21.00247476,20.24654095,15.36893363,15.28634719,15.21480916,35.4
20.98390248,20.22997488,15.38499289,15.29799507,15.22319463,35.5
20.97514678,20.22287574,15.41774311,15.32317532,15.24299708,35.6
20.9687452,20.21808697,15.45296552,15.35086257,15.26521776,35.7
20.96271531,20.21371832,15.48726363,15.37836799,15.28763803,35.8
20.95545166,20.20817227,15.51740127,15.402967,15.30790299,35.9
20.93946252,20.19425378,15.5294315,15.4137611,15.31704141,36
20.91951355,20.17655518,15.53300259,15.41815052,15.3210778,36.1
20.89109808,20.15073792,15.51900994,15.40915318,15.31433406,36.2
20.85953517,20.12191896,15.49938599,15.39555375,15.30378256,36.3
20.82312366,20.08845601,15.47060994,15.37465196,15.28722444,36.4
20.7908972,20.0589927,15.45183263,15.36069759,15.27599782,36.5
20.76278828,20.03347677,15.44212312,15.35331175,15.26993631,36.6
20.73239505,20.00577604,15.42794697,15.34239125,15.26097479,36.7
20.6926316,19.96912211,15.39522254,15.31724718,15.24050739,36.8
20.65725239,19.93660147,15.37191522,15.29869484,15.2250808,36.9
20.63470915,19.91634381,15.37456623,15.29970723,15.22532475,37
20.61045199,19.89444589,15.3730797,15.29767804,15.22316966,37.1
20.58440944,19.87087305,15.36810634,15.29305937,15.21896099,37.2
20.55708415,19.84607385,15.36028582,15.28627731,15.21301047,37.3
20.52854773,19.8201157,15.34989912,15.27750525,15.20543752,37.4
20.49516541,19.78947787,15.32871967,15.26049787,15.19121333,37.5
20.45853973,19.75568215,15.30016524,15.23774815,15.17229611,37.6
20.43447256,19.73386062,15.2982089,15.23470682,15.16898808,37.7
20.42430188,19.72531483,15.32186456,15.25173614,15.18212593,37.8
20.4194721,19.72190365,15.35362831,15.27568496,15.20122985,37.9
20.41787464,19.72161004,15.38939942,15.30334669,15.22368874,38
20.41479144,19.71992558,15.42086483,15.32807813,15.24398922,38.1
20.40088405,19.70797946,15.431345,15.33691345,15.25152267,38.2
20.38592721,19.6950745,15.43956069,15.34416028,15.25786978,38.3
20.37836922,19.68922422,15.46093178,15.36167552,15.27266777,38.4
20.36828005,19.68102241,15.47710347,15.37545273,15.28458997,38.5
20.3616384,19.67610165,15.49857509,15.39350799,15.30012012,38.6
20.36755884,19.6831166,15.5406259,15.42798417,15.32933464,38.7
20.36213484,19.67939973,15.56150158,15.4462811,15.34547852,38.8
20.35920484,19.67808031,15.58617488,15.46770745,15.36431343,38.9
20.3534616,19.67414694,15.60529716,15.48507581,15.37999423,39
20.36585712,19.68740801,15.65447171,15.5261945,15.41536706,39.1
20.37132012,19.69414591,15.69072147,15.557503,15.44286791,39.2
20.37000008,19.69450358,15.71421308,15.57918096,15.46265958,39.3
20.36825509,19.69445553,15.73605301,15.5996756,15.4815681,39.4
20.36265752,19.69079049,15.75048026,15.61458413,15.49602674,39.5
20.36955056,19.69889731,15.78626372,15.64587557,15.52384176,39.6
20.36991397,19.70089069,15.80992019,15.66807463,15.54441214,39.7
20.3688252,19.70152515,15.83037551,15.68789993,15.56313043,39.8
20.36612147,19.70063938,15.84737936,15.70511931,15.57978608,39.9
20.36164048,19.69807287,15.86067496,15.71949862,15.59416867,40
20.36851909,19.7061773,15.89372991,15.74884614,15.62065143,40.1
20.38059772,19.71919954,15.93476834,15.78458638,15.65249041,40.2
20.39739026,19.73672891,15.98280477,15.82616904,15.68935718,40.3
20.43203524,19.77116336,16.05736998,15.88957095,15.74474581,40.4
20.47026805,19.80905988,16.13564415,15.95659513,15.80354847,40.5
20.50315449,19.84196782,16.20459206,16.01642363,15.85654828,40.6
20.53310803,19.87215759,16.2676861,16.07194194,15.90618639,40.7
20.5521542,19.89213687,16.3118085,16.11297677,15.94410468,40.8
20.56630287,19.90759612,16.34722092,16.1475559,15.97694171,40.9
20.57086204,19.91413358,16.36577097,16.16947863,15.9996668,41
20.57431723,19.91963961,16.38269565,16.18992529,16.02114639,41.1
20.5850438,19.93191383,16.41249687,16.2197691,16.05009459,41.2
20.59507339,19.94353398,16.44072155,16.24837795,16.07806253,41.3
20.60813364,19.95799622,16.47402597,16.28078139,16.10910906,41.4
20.62873253,19.97953103,16.51962925,16.32267059,16.14793692,41.5
20.64913158,20.00092239,16.56426651,16.36402327,16.18646724,41.6
20.66297629,20.01622587,16.59736651,16.39670134,16.21805928,41.7
20.67918392,20.03373407,16.63407414,16.43211189,16.25188958,41.8
20.6859601,20.04248938,16.65436434,16.45519557,16.27585789,41.9
20.6901949,20.04888672,16.67063016,16.4750572,16.29718507,42
20.67969271,20.04165227,16.66150616,16.47593677,16.303381,42.1
20.67854028,20.04299131,16.67054046,16.48940279,16.31919591,42.2
20.68537316,20.05168044,16.69362843,16.51306409,16.3430058,42.3
20.69364198,20.0616898,16.71900737,16.53839473,16.36812788,42.4
20.68690832,20.05788805,16.71947592,16.54506814,16.37836234,42.5
20.69097393,20.06400794,16.73914346,16.56565118,16.39947951,42.6
20.70349369,20.07794636,16.77261781,16.59671321,16.42902548,42.7
20.69738348,20.07470767,16.7750253,16.60441483,16.43987475,42.8
20.69983634,20.07929885,16.79227948,16.62286599,16.45911702,42.9
20.70022574,20.0819516,16.80592771,16.63849728,16.47603628,43
20.68954068,20.07439687,16.80109619,16.64020515,16.48179696,43.1
20.68025333,20.06809477,16.80024051,16.64434019,16.48922295,43.2
20.68431524,20.07402624,16.82205048,16.66523034,16.50987606,43.3
20.69075831,20.08215627,16.84746337,16.68894843,16.53282528,43.4
20.70765799,20.09991943,16.8885054,16.72488112,16.56574657,43.5
20.72220374,20.11553572,16.92510799,16.75763299,16.59619521,43.6
20.74008732,20.13427088,16.96623694,16.79416226,16.62985029,43.7
20.75688111,20.15205857,17.00513362,16.8292528,16.66248039,43.8
20.77472335,20.17083769,17.04495471,16.86527628,16.69598014,43.9
20.79669227,20.19344851,17.09030759,16.90583673,16.73331123,44
20.81602145,20.21365788,17.13091519,16.94294082,16.76793876,44.1
20.8078987,20.20879276,17.1278476,16.9472502,16.77632221,44.2
20.79960177,20.20369611,17.12559339,16.95159685,16.78448184,44.3
20.7971909,20.20391175,17.13397905,16.96338428,16.7983367,44.4
20.79256779,20.20207104,17.13931252,16.9726261,16.81002819,44.5
20.78109335,20.1939553,17.13444522,16.97393722,16.81524472,44.6
20.79448941,20.20844894,17.16846599,17.00442222,16.84373783,44.7
20.81078269,20.2256562,17.20636159,17.03820184,16.87505203,44.8
20.84842461,20.26256163,17.27323764,17.09557222,16.92616293,44.9
20.90410509,20.31628118,17.36175314,17.17174958,16.99367757,45
20.95770544,20.36817692,17.44670619,17.24533386,17.05923836,45.1
20.99576058,20.40579925,17.51061422,17.30185645,17.11053986,45.2
21.03605974,20.44558492,17.57668095,17.3605517,17.16391401,45.3
21.06822127,20.47798663,17.63086393,17.41009655,17.20987265,45.4
21.09740423,20.50769938,17.68019425,17.45602412,17.25296871,45.5
21.12370968,20.53481057,17.7248635,17.49846078,17.29329311,45.6
21.13588119,20.54908982,17.74840147,17.52480973,17.32061866,45.7
21.13717248,20.55348946,17.75549923,17.53863999,17.33784668,45.8
21.13727061,20.55672663,17.76147993,17.5511432,17.35380774,45.9
21.117543,20.54206303,17.73717028,17.54092732,17.35162853,46
21.08154701,20.51265519,17.68852469,17.51205954,17.33441973,46.1
21.03339331,20.47211219,17.62281918,17.46938674,17.30579207,46.2
20.96362652,20.41201226,17.52548432,17.40221915,17.2573806,46.3
20.86638856,20.32709521,17.38719249,17.30353766,17.18366253,46.4
20.77988657,20.25091896,17.27666186,17.22017704,17.11952972,46.5
20.7154309,20.19374624,17.20716527,17.16397612,17.0749547,46.6
20.67135692,20.15443534,17.17117117,17.13168929,17.04842062,46.7
20.6398159,20.1261942,17.15403274,17.11357239,17.03286021,46.8
20.62124037,20.10953687,17.15513421,17.10973119,17.02868521,46.9
20.61652439,20.1053998,17.17473365,17.12089275,17.03679439,47
20.60991013,20.09960554,17.19047862,17.12960794,17.04309386,47.1
20.58892191,20.08095471,17.18512377,17.12250969,17.03675868,47.2
20.56815974,20.06249112,17.17973227,17.11558543,17.03055598,47.3
20.53145044,20.02975003,17.15056913,17.0908825,17.01015589,47.4
20.48120933,19.98487497,17.10197493,17.05147394,16.97790219,47.5
20.40995601,19.92120871,17.02272665,16.98900141,16.92718744,47.6
20.31604659,19.83723901,16.91113299,16.90184272,16.85658194,47.7
20.24702692,19.7746394,16.84199829,16.84319819,16.80693839,47.8
20.18577133,19.71866365,16.78679709,16.79400354,16.76411888,47.9
20.14160799,19.67772371,16.75768286,16.764098,16.73626489,48
20.12043223,19.65729281,16.7598733,16.75867791,16.72818295,48.1
20.10786957,19.64477559,16.77282405,16.76258853,16.72804313,48.2
20.10222642,19.63872846,16.79395469,16.77399176,16.73449518,48.3
20.09847592,19.63450204,16.81606201,16.78682964,16.7424348,48.4
20.09648621,19.63197713,16.8390614,16.80099492,16.75176348,48.5
20.0958347,19.63076569,16.86246053,16.81604438,16.76209787,48.6
20.13599605,19.66687668,16.9340091,16.87201521,16.80762625,48.7
20.19725772,19.72284389,17.02677661,16.94812304,16.87163041,48.8
20.27222753,19.79194569,17.13187171,17.03684596,16.94769691,48.9
20.36016321,19.8737131,17.24736114,17.1372349,17.03540633,49
20.45041665,19.95793281,17.36416596,17.23955664,17.12537664,49.1
20.52143077,20.02406728,17.46338541,17.32418262,17.19890329,49.2
20.58453659,20.08304575,17.5538593,17.40119502,17.26588786,49.3
20.64054769,20.1356674,17.63596069,17.47124099,17.32701616,49.4
20.66344524,20.15859907,17.67867846,17.50925269,17.361201,49.5
20.68480873,20.1802436,17.71890646,17.5455673,17.39416709,49.6
20.70472965,20.20067147,17.75682177,17.58028461,17.425976,49.7
20.7126101,20.21048356,17.77934133,17.6031475,17.44816202,49.8
20.70623793,20.20772024,17.78357868,17.61192938,17.45891082,49.9
20.70047408,20.20537644,17.78881725,17.62115099,17.46990433,50
20.69400561,20.20231881,17.79344618,17.62962006,17.48018839,50.1
20.68815556,20.19970284,17.79901405,17.63854209,17.4907397,50.2
20.68256636,20.19722206,17.80498459,17.64754404,17.50126608,50.3
20.67752569,20.19514074,17.81173732,17.65694335,17.5120336,50.4
20.69349708,20.21153973,17.84414529,17.68628668,17.53914057,50.5
20.73645959,20.25213655,17.9074908,17.74100982,17.5877489,50.6
20.78665135,20.29941413,17.97823859,17.80234619,17.64227555,50.7
20.82412176,20.33540857,18.0340011,17.8516405,17.68677217,50.8
20.85767959,20.36800144,18.08462783,17.89702717,17.72813892,50.9
20.87561267,20.38683551,18.11623566,17.9275145,17.75725584,51
20.88333931,20.39673224,18.13537545,17.9483338,17.77849387,51.1
20.89021841,20.40584217,18.15346731,17.96822021,17.79893838,51.2
20.9050478,20.42187119,18.18103381,17.99536258,17.82529667,51.3
20.91744248,20.43575261,18.20541064,18.02001251,17.84962539,51.4
20.92441521,20.44487348,18.2231292,18.03945416,17.86969296,51.5
20.94648985,20.46722312,18.25891317,18.07294699,17.90129857,51.6
20.9696813,20.49063413,18.29584681,18.10750056,17.93388625,51.7
20.99120818,20.51263776,18.33059699,18.14045029,17.9652309,51.8
21.01510596,20.53670774,18.36759832,18.17521282,17.99809914,51.9
21.04273491,20.56404555,18.408425,18.21304346,18.03353471,52
21.07744437,20.59776355,18.45735408,18.25757307,18.07470565,52.1
21.14175696,20.65814111,18.53865594,18.32928318,18.13927943,52.2
21.21441053,20.72632244,18.62821992,18.4085994,18.21079639,52.3
21.2913862,20.79862593,18.72180661,18.49179541,18.28596535,52.4
21.36385602,20.8669614,18.81037395,18.57086762,18.35769069,52.5
21.4326102,20.93211734,18.89464193,18.64660489,18.426749,52.6
21.49756006,20.99401468,18.97447686,18.71891444,18.4930585,52.7
21.54665503,21.04195098,19.03662313,18.77695332,18.54740039,52.8
21.59192523,21.0865948,19.09418266,18.83146335,18.59889664,52.9
21.63368547,21.12822014,19.14753305,18.88273787,18.64778946,53
21.68764872,21.18063994,19.21429953,18.94488997,18.70591678,53.1
21.75317112,21.24344499,19.29330917,19.01733895,18.77298336,53.2
21.81486445,21.30297326,19.36789383,19.08637208,18.83729944,53.3
21.87378135,21.36013896,19.439163,19.15287738,18.8995998,53.4
21.90590442,21.394022,19.48036054,19.19570169,18.94228867,53.5
21.93595694,21.42607074,19.51923084,19.236596,18.98337801,53.6
21.9594955,21.45244453,19.55066383,19.27159682,19.0196074,53.7
21.97888813,21.4751484,19.57743657,19.30277406,19.05263643,53.8
21.99133201,21.49176502,19.59626989,19.32759816,19.08039489,53.9
21.99820277,21.50343219,19.60869087,19.34717678,19.10375065,54
22.00011691,21.5106557,19.61576774,19.36221578,19.12323398,54.1
22.00535621,21.52042838,19.6269945,19.37984634,19.14454356,54.2
22.02040992,21.53834869,19.64967457,19.40579293,19.17236798,54.3
22.05252361,21.57080725,19.69142989,19.44636525,19.21204326,54.4
22.07237402,21.59274563,19.71945288,19.47625899,19.24298592,54.5
22.09685649,21.61859717,19.75271866,19.51009995,19.2770897,54.6
22.1300007,21.65187324,19.79544817,19.55131202,19.31722096,54.7
22.15833038,21.68103418,19.83276524,19.58832589,19.35392251,54.8
22.16917259,21.69524412,19.850565,19.61020787,19.37827141,54.9
22.17192449,21.70244703,19.85944166,19.62499279,19.3967402,55
22.17257574,21.70765728,19.86629987,19.63782095,19.41341498,55.1
22.17279816,21.71227836,19.87292715,19.65005808,19.42938971,55.2
22.15456613,21.7011513,19.85926123,19.64651014,19.43247502,55.3
22.15556413,21.7058049,19.86711699,19.65863105,19.44777338,55.4
22.15448338,21.70852628,19.87269352,19.66872228,19.46125221,55.5
22.16324918,21.71942923,19.88938615,19.68706906,19.48122606,55.6
22.15573292,21.71649552,19.88837125,19.69167225,19.48997778,55.7
22.14431481,21.71003766,19.88286693,19.69250783,19.49547891,55.8
22.09924051,21.67531447,19.8399162,19.66492166,19.4781496,55.9
22.0481133,21.63488309,19.791178,19.63179554,19.45578397,56
21.99909234,21.59546219,19.74563475,19.59978846,19.43360771,56.1
21.95773426,21.56175952,19.70956929,19.57375679,19.41551046,56.2
21.94239454,21.54940197,19.70212656,19.56884368,19.41388286,56.3
21.92707925,21.53695823,19.69471513,19.56381129,19.41198314,56.4
21.91102768,21.52379003,19.6864446,19.55798516,19.40927774,56.5
21.87902325,21.49715728,19.66095308,19.53884948,19.39570683,56.6
21.84625449,21.46961005,19.6351048,19.51897901,19.3812096,56.7
21.794115,21.42568253,19.58892706,19.48323929,19.35368839,56.8
21.7616227,21.39760612,19.56399669,19.46291686,19.33803468,56.9
21.72282082,21.36406213,19.53241529,19.43722322,19.31781054,57
21.66743657,21.31648467,19.48333354,19.39785279,19.28633498,57.1
21.62912874,21.28262649,19.45279129,19.37187968,19.26511714,57.2
21.62899408,21.28075218,19.46229706,19.3768755,19.26885352,57.3
21.62493039,21.27575868,19.46751156,19.37882134,19.27018094,57.4
21.61000245,21.2617683,19.46127335,19.37206603,19.26446262,57.5
21.59356355,21.24654496,19.45324359,19.36400302,19.25765191,57.6
21.53769846,21.19865945,19.40408622,19.32458834,19.22556635,57.7
21.45471829,21.12808188,19.32683628,19.26340696,19.1757447,57.8
21.36636446,21.05226624,19.24396497,19.19687559,19.12103575,57.9
21.2757815,20.97369625,19.15941797,19.12772586,19.0634689,58
21.20462072,20.91013509,19.095605,19.07288567,19.01651358,58.1
21.13879685,20.85051885,19.03740395,19.02169355,18.97202874,58.2
21.08097238,20.79717882,18.98779841,18.97657409,18.9320223,58.3
21.03385517,20.75254875,18.94948171,18.93987455,18.89852829,58.4
20.99216089,20.71243526,18.91681578,18.90754499,18.86844172,58.5
20.93657599,20.66088424,18.8700059,18.86441874,18.8295641,58.6
20.86525908,20.59627884,18.80699312,18.80881511,18.78049443,58.7
20.73621029,20.48453663,18.68538999,18.70893167,18.69593324,58.8
20.6288103,20.38877761,18.58678322,18.62412123,18.62214922,58.9
20.59364807,20.35175587,18.56095698,18.59417656,18.59193248,59
20.56164637,20.317756,18.53824961,18.56715972,18.56423226,59.1
20.55198126,20.30290821,18.53755601,18.55806547,18.55142878,59.2
20.54141273,20.28783101,18.53580498,18.54881362,18.53878821,59.3
20.52501955,20.26840156,18.52836549,18.5357212,18.52327181,59.4
20.50289583,20.24460696,18.5153152,18.51873442,18.50478189,59.5
20.48065722,20.22099706,18.50196165,18.50188671,18.48656982,59.6
20.47940018,20.21519152,18.50902096,18.50151645,18.48209885,59.7
20.46424782,20.19819292,18.50222132,18.49073968,18.46932111,59.8
20.46317589,20.19316737,18.50898709,18.49096796,18.46576911,59.9
20.4470239,20.1760449,18.50094026,18.48010527,18.45337849,60
20.41362084,20.14502383,18.47598224,18.45650273,18.43078402,60.1
20.36963139,20.10539649,18.44084031,18.4251198,18.40190911,60.2
20.33021882,20.06928721,18.41017972,18.3969383,18.37552704,60.3
20.31047579,20.04909788,18.39846439,18.38320273,18.3608234,60.4
20.31108317,20.04581733,18.40620858,18.38483,18.35880587,60.5
20.32704255,20.05577119,18.42882325,18.39874341,18.36722379,60.6
20.37468399,20.09321079,18.48179152,18.43800628,18.39731369,60.7
20.40926974,20.12014381,18.52235295,18.46785153,18.41989627,60.8
20.42981863,20.13583256,18.54951625,18.48757476,18.43439667,60.9
20.44604015,20.14831374,18.572466,18.50442714,18.44679992,61
20.45470884,20.15494982,18.58826218,18.51611158,18.45521748,61.1
20.4583953,20.1578013,18.59947641,18.52457107,18.46121937,61.2
20.45406615,20.15433444,18.60319471,18.52747678,18.46286054,61.3
20.44956854,20.15076673,18.60670471,18.53030399,18.46453748,61.4
20.44358441,20.1460197,18.60868697,18.53202629,18.46540198,61.5
20.42274027,20.12940282,18.59671105,18.52318629,18.45779831,61.6
20.40499182,20.11501455,18.58742815,18.51618385,18.45163047,61.7
20.37019371,20.08699358,18.56202426,18.49696514,18.43564945,61.8
20.34391573,20.06523423,18.54434173,18.48308605,18.42377365,61.9
20.26692214,20.0036693,18.47994087,18.43437809,18.38415578,62
20.21374934,19.95928274,18.43713849,18.40026598,18.35549655,62.1
20.14531867,19.90238038,18.38007938,18.35497312,18.31767622,62.2
20.06313586,19.83392419,18.31011505,18.29928278,18.27121301,62.3
20.07148401,19.83625291,18.32296163,18.30514831,18.27357613,62.4
20.08883466,19.84656285,18.34433411,18.31826572,18.28213836,62.5
20.12874474,19.8763158,18.38676769,18.34887511,18.30552596,62.6
20.13659673,19.88036266,18.40005194,18.35706125,18.31075021,62.7
20.14181237,19.88265308,18.41099084,18.36379114,18.31497079,62.8
20.1261643,19.86864845,18.40320073,18.35649073,18.30798655,62.9
20.11231989,19.85606394,18.39704567,18.35043854,18.30202406,63
20.09751805,19.84272941,18.38989683,18.34365952,18.29549901,63.1
20.08201588,19.82885277,18.38218093,18.33646226,18.28865423,63.2
20.05917058,19.80918643,18.36774424,18.32418174,18.27772995,63.3
20.01407164,19.77210078,18.33338776,18.29689539,18.25477852,63.4
19.93603139,19.7092217,18.26975298,18.2475288,18.21413325,63.5
19.834722,19.62747766,18.18492663,18.18166788,18.16005872,63.6
19.76764963,19.56988722,18.12955167,18.1356299,18.12072408,63.7
19.71502942,19.52278343,18.08633572,18.0980067,18.08770966,63.8
19.60593796,19.43214926,17.99391854,18.02368781,18.02548165,63.9
19.48546834,19.33136994,17.89046001,17.93999091,17.95522985,64
19.37913272,19.23947719,17.79822718,17.86284281,17.88923603,64.1
19.28290745,19.15400472,17.71443131,17.79059226,17.82632741,64.2
19.18690148,19.06791304,17.63046741,17.71737353,17.76210282,64.3
19.09056409,18.98092986,17.545681,17.64287221,17.69640003,64.4
18.99333212,18.89274054,17.459406,17.56673479,17.62901707,64.5
18.89596933,18.80391092,17.37263683,17.48961819,17.5604184,64.6
18.79755289,18.71381448,17.28458648,17.41101516,17.49024025,64.7
18.70817563,18.63004384,17.20424547,17.33742537,17.42351637,64.8
18.62132559,18.54799701,17.12613733,17.26512276,17.35746364,64.9
18.56867266,18.49193764,17.07737766,17.21432431,17.30810885,65
18.45930175,18.39378285,16.98111791,17.12900006,17.23164263,65.1
18.36154627,18.30344498,16.89428375,17.04975798,17.1594299,65.2
18.32178577,18.25688669,16.85675526,17.00670372,17.11548658,65.3
18.35366461,18.26880747,16.88209698,17.01345393,17.11232677,65.4
18.38047763,18.27841157,16.90429993,17.0191805,17.10903026,65.5
18.4430363,18.3198384,16.95921326,17.05311937,17.13006355,65.6
18.49955603,18.35752343,17.00962039,17.08456663,17.1496917,65.7
18.54991695,18.3913406,17.05539849,17.11335518,17.16772274,65.8
18.55716451,18.39183289,17.06524333,17.11476215,17.1637205,65.9
18.5480044,18.38039999,17.06179328,17.10666781,17.15238511,66
18.49152212,18.33408966,17.020086,17.07057916,17.11897136,66.1
18.49842566,18.33460205,17.02944217,17.07236682,17.11582885,66.2
18.50474262,18.33535385,17.03876538,17.07474199,17.11351491,66.3
18.56658888,18.38107536,17.09507706,17.11486537,17.1427723,66.4
18.62698277,18.42667479,17.15082943,17.15545698,17.17297234,66.5
18.67980161,18.46698365,17.20065818,17.19203395,17.20027749,66.6
18.7171222,18.49596842,17.23827824,17.21978932,17.22077029,66.7
18.72396317,18.50237864,17.25173459,17.22964644,17.22706521,66.8
18.72398059,18.50378756,17.25962171,17.23555433,17.23038212,66.9
18.72237463,18.5039403,17.26602745,17.24049653,17.23308697,67
18.71933544,18.50295001,17.27109419,17.24454643,17.23521967,67.1
18.70235979,18.49163613,17.26509405,17.24047566,17.23099423,67.2
18.69369892,18.48596811,17.26512539,17.24072772,17.23024429,67.3
18.70213872,18.4928182,17.27851168,17.25097368,17.23760599,67.4
18.6352804,18.44570636,17.23377553,17.21905545,17.21179075,67.5
18.61587616,18.43045402,17.22367064,17.21110442,17.20442564,67.6
18.59378846,18.41296829,17.21119863,17.20127081,17.19555434,67.7
18.49059878,18.33804605,17.13719938,17.14724958,17.15219742,67.8
18.40520128,18.27233041,17.07383626,17.09894902,17.11253708,67.9
18.33765718,18.21711168,17.02236303,17.05779084,17.07783164,68
18.29659344,18.17984575,16.99017383,17.02982426,17.05307531,68.1
18.23167594,18.12519829,16.9396995,16.98827267,17.01749949,68.2
18.18221021,18.08079958,16.90015136,16.95400513,16.98729384,68.3
18.04497156,17.97447723,16.79506945,16.87261022,16.92036412,68.4
17.93190751,17.88136257,16.70472712,16.79946687,16.85877615,68.5
17.84191417,17.80239564,16.62996799,16.73592463,16.80381316,68.6
17.75418254,17.72409915,16.55624664,16.67223187,16.74818717,68.7
17.68489875,17.6583612,16.49586039,16.61750045,16.6990818,68.8
17.6208089,17.59635817,16.43941405,16.56533076,16.65169513,68.9
17.5652398,17.54067389,16.38954424,16.51779949,16.60772978,69
17.51387053,17.48839436,16.34306146,16.4727546,16.56560126,69.1
17.47333684,17.44447335,16.30536723,16.43423857,16.52851351,69.2
17.45355631,17.41653496,16.28402685,16.40818881,16.50134904,69.3
17.42640768,17.38420367,16.25800301,16.37912103,16.47193677,69.4
17.37409647,17.33442636,16.21401764,16.33708656,16.43234582,69.5
17.33254646,17.29239988,16.17794816,16.30088291,16.39730143,69.6
17.25960209,17.22838093,16.11922995,16.24820703,16.34929282,69.7
17.18522779,17.16263704,16.05886738,16.19394081,16.29980431,69.8
17.12205518,17.10413855,16.00597648,16.14475916,16.25408668,69.9
17.07412191,17.05629003,15.96402889,16.10345712,16.21444736,70
17.03916481,17.01808754,15.93193402,16.06955665,16.18066225,70.1
16.98751464,16.96851647,15.8882644,16.02734545,16.1403662,70.2
16.93661078,16.91954608,15.84510352,15.98554378,16.10037584,70.3
16.87218719,16.86114379,15.79228446,15.93670004,16.0548216,70.4
16.83812327,16.82391501,15.76098791,15.90353425,16.02154191,70.5
16.79470921,16.78059848,15.72349051,15.86604642,15.98493155,70.6
16.77087564,16.75158015,15.70036798,15.83939522,15.95698243,70.7
16.77125947,16.7410843,15.69578376,15.82716889,15.94079146,70.8
16.77677392,16.73555555,15.69601842,15.81926146,15.92839793,70.9
16.7337021,16.69637072,15.66252561,15.78673594,15.89663218,71
16.69916278,16.66296103,15.63486063,15.75852963,15.86831756,71.1
16.69542863,16.65171303,15.62925474,15.74700658,15.85344342,71.2
16.69395511,16.64303768,15.6262185,15.73796044,15.84083496,71.3
16.70220574,16.64227054,15.63090121,15.73528933,15.83364776,71.4
16.74951575,16.67201669,15.66558391,15.75659577,15.8464327,71.5
16.79929892,16.70506463,15.70342267,15.78124001,15.86244575,71.6
16.85191861,16.74187368,15.74497895,15.80979237,15.88223316,71.7
16.90550653,16.78052633,15.78822893,15.84040728,15.90415778,71.8
16.95182072,16.81469523,15.8270281,15.86820342,15.9241658,71.9
16.99323029,16.84619268,15.86320216,15.89462552,15.94345377,72
17.0392169,16.88192281,15.90345881,15.9248477,15.96625589,72.1
17.07517342,16.9110116,15.93718674,15.95053446,15.98567387,72.2
17.10547186,16.93655128,15.96739961,15.97397355,16.00356018,72.3
17.13059507,16.95878298,15.99433301,15.99529424,16.01999394,72.4
17.14219367,16.97176009,16.01208525,16.00995645,16.03124647,72.5
17.13166508,16.96969384,16.0150012,16.01381462,16.03401897,72.6
17.03361908,16.9112674,15.96292988,15.97858117,16.00636016,72.7
16.99837448,16.88794367,15.94488522,15.96590845,15.99571495,72.8
16.94385642,16.85083546,15.91344647,15.94323881,15.97714498,72.9
16.85980332,16.79294533,15.86179341,15.90560875,15.94674814,73
16.78203299,16.73580316,15.81092562,15.86723573,15.91526419,73.1
16.74438312,16.7028039,15.7832496,15.84440255,15.89543306,73.2
16.73565703,16.68922453,15.77424993,15.83483591,15.88587182,73.3
16.71923482,16.67100315,15.76081813,15.822079,15.87380596,73.4
16.68206096,16.63912367,15.73417894,15.79970573,15.85417234,73.5
16.64793573,16.60887354,15.70900378,15.7781026,15.83500208,73.6
16.53316455,16.52665894,15.63405648,15.7210142,15.78827762,73.7
16.44835983,16.45921765,15.57314191,15.67212424,15.74711436,73.8
16.37980298,16.40036521,15.52041864,15.62801238,15.70912197,73.9
16.28705727,16.32479859,15.45175794,15.57184518,15.6614143,74
16.22907279,16.27028093,15.40294721,15.528896,15.62343126,74.1
16.23840176,16.26229446,15.39824073,15.5180776,15.61052272,74.2
16.2076217,16.22830543,15.36894471,15.48955582,15.58377376,74.3
16.15490585,16.18029274,15.32638893,15.45141579,15.54943162,74.4
16.11814121,16.14260497,15.29372516,15.42015061,15.5202471,74.5
16.11515668,16.12835888,15.28306713,15.40513979,15.50385265,74.6
16.11345992,16.11642762,15.27474762,15.39228317,15.48930232,74.7
16.07148966,16.07858313,15.24213228,15.36191839,15.46105892,74.8
16.00507362,16.0245889,15.19437578,15.32047743,15.42405832,74.9
15.96742008,15.98811939,15.16279161,15.29035352,15.39570422,75
15.95925961,15.97175501,15.15037456,15.27432448,15.37840804,75.1
15.95843782,15.96156634,15.14385674,15.26306947,15.365049,75.2
16.00824441,15.98907037,15.1726452,15.27931171,15.37411876,75.3
16.07598805,16.03232084,15.21639768,15.30821254,15.39401543,75.4
16.13459524,16.07031072,15.25538431,15.33417353,15.41192487,75.5
16.1467681,16.07689783,15.26527835,15.33852834,15.41267844,75.6
16.17612836,16.09601445,15.28695235,15.35226499,15.42124565,75.7
16.22468485,16.12986796,15.32247174,15.37727027,15.43931756,75.8
16.2293203,16.13456376,15.33120953,15.38245965,15.44166887,75.9
16.2643127,16.16004014,15.35909595,15.40244055,15.45615471,76
16.32691429,16.20618299,15.40616481,15.43782995,15.48356129,76.1
16.33725408,16.21720705,15.42103419,15.4491202,15.49169637,76.2
16.29027215,16.19130579,15.40230367,15.43582897,15.4804209,76.3
16.31034645,16.20684997,15.42109826,15.44996604,15.49093445,76.4
16.28619426,16.19356588,15.41367911,15.44482098,15.48618616,76.5
16.2595434,16.17758126,15.40359855,15.43754464,15.47972235,76.6
16.19422821,16.13608449,15.37020419,15.41311149,15.4596929,76.7
16.13827517,16.09782554,15.33929053,15.38979559,15.44028629,76.8
16.03775,16.0298573,15.28130591,15.3464781,15.40504241,76.9
15.93521486,15.95639569,15.21785154,15.29795752,15.36520215,77
15.85700422,15.8946919,15.16441562,15.25535217,15.32939149,77.1
15.79401583,15.84103395,15.11783925,15.21686932,15.29639135,77.2
15.74021348,15.79255308,15.07563261,15.18099598,15.2651336,77.3
15.69126448,15.74689292,15.03580484,15.14640953,15.23462493,77.4
15.64253997,15.70128399,14.99584302,15.11139992,15.20357961,77.5
15.60610415,15.66368557,14.96305948,15.08131323,15.17618383,77.6
15.59241222,15.64184278,14.94451204,15.06166612,15.15693916,77.7
15.59639019,15.63323424,14.93798539,15.05121372,15.145064,77.8
15.60007416,15.6258818,14.93280219,15.04210879,15.13438266,77.9
15.60175363,15.61838358,14.92763792,15.0333358,15.12408678,78
15.60996757,15.61640505,14.92756944,15.02871362,15.11724112,78.1
15.59895961,15.60257996,14.9171406,15.01662341,15.10454728,78.2
15.59164848,15.59162465,14.90929393,15.00662862,15.09359426,78.3
15.62719321,15.61088984,14.92873117,15.01768357,15.09974841,78.4
15.65936263,15.62934256,14.94775477,15.02899481,15.10639397,78.5
15.66570532,15.63120875,14.95211332,15.02954707,15.10455963,78.6
15.66959389,15.63190417,14.95550222,15.02962625,15.1024848,78.7
15.63899028,15.61029525,14.93931597,15.01522127,15.08891295,78.8
15.61219614,15.59027518,14.92436382,15.00162651,15.07595653,78.9
15.6255725,15.59642561,14.93252506,15.005419,15.07697062,79
15.67073462,15.62575704,14.96155591,15.02568187,15.09159742,79.1
15.75767342,15.68884209,15.02150431,15.07139796,15.12778197,79.2
15.84003693,15.74944945,15.07943199,15.1160486,15.16341491,79.3
15.92120551,15.81079653,15.13843627,15.16233782,15.20086355,79.4
15.99327603,15.86628914,15.19237912,15.2050801,15.23566508,79.5
16.02744148,15.89594996,15.2235203,15.2303847,15.25635321,79.6
16.05192273,15.91940456,15.24918301,15.25173582,15.27398962,79.7
16.06719056,15.93686651,15.26960863,15.26931822,15.28872835,79.8
16.07752944,15.95089934,15.28698734,15.28472699,15.30182788,79.9
16.07627105,15.95725865,15.29750224,15.29506363,15.3109312,80
16.06347723,15.95575852,15.30102132,15.30020257,15.31593104,80.1
16.05199222,15.95384038,15.30399192,15.30478802,15.32047813,80.2
16.03728546,15.94897768,15.30419644,15.30720591,15.32329008,80.3
16.02690235,15.94561064,15.30559274,15.31028792,15.32658228,80.4
16.00162827,15.93263398,15.29838954,15.30699562,15.3248256,80.5
15.89678287,15.87235569,15.25075994,15.27461287,15.30034385,80.6
15.8224326,15.8233317,15.21163981,15.24689456,15.27892038,80.7
15.77325268,15.78608466,15.18186269,15.22489958,15.26153019,80.8
15.70355125,15.73516533,15.14005842,15.19367477,15.23667259,80.9
15.72649673,15.7408284,15.14627564,15.196703,15.23835249,81
15.79682155,15.78258106,15.18443411,15.22442267,15.2600567,81.1
15.83311457,15.80233218,15.20380402,15.23831047,15.27083796,81.2
15.87577772,15.82812218,15.22871296,15.25676979,15.28546509,81.3
15.92922424,15.86289004,15.261694,15.28178756,15.30558092,81.4
15.9386766,15.87015432,15.27122473,15.2895112,15.31200447,81.5
15.94836172,15.87783053,15.28120327,15.29767735,15.31884144,81.6
15.99650897,15.91111165,15.31333862,15.32274277,15.33935551,81.7
16.03820283,15.9414028,15.3431955,15.3464839,15.35901289,81.8
16.08139953,15.97373861,15.37505285,15.3721077,15.38038482,81.9
16.11501616,16.00065257,15.40241219,15.39462253,15.39941532,82
16.12421196,16.01274836,15.41729904,15.40803288,15.41128905,82.1
16.1268246,16.02045835,15.42845932,15.41873423,15.42106036,82.2
16.14193343,16.03536757,15.44569408,15.43397189,15.4344933,82.3
16.16676014,16.05643058,15.46815745,15.4532296,15.45122347,82.4
16.18889916,16.07615089,15.48959598,15.4718956,15.46759149,82.5
16.20168362,16.09018686,15.5062693,15.48712441,15.48129455,82.6
16.19845192,16.09423203,15.51447703,15.4961128,15.49006931,82.7
16.14871459,16.0700823,15.49906273,15.48776734,15.48515194,82.8
16.11269714,16.05071135,15.48702348,15.4812863,15.48146678,82.9
16.08432165,16.03392825,15.4766893,15.4756072,15.47822918,83
16.05815405,16.01720462,15.46602589,15.46933967,15.47437614,83.1
16.03501385,16.0012745,15.45569146,15.46297777,15.47029621,83.2
15.9844978,15.96830475,15.4309755,15.44587876,15.45765357,83.3
15.90603116,15.91698943,15.39064337,15.41696923,15.43553367,83.4
15.75318431,15.82079954,15.31299096,15.36085429,15.3920634,83.5
15.64559706,15.7414785,15.24717856,15.31113444,15.35261677,83.6
15.54184633,15.66023511,15.17864688,15.25796449,15.30974605,83.7
15.47488363,15.59826741,15.12490243,15.21415685,15.27346718,83.8
15.46339051,15.57098855,15.09948673,15.19029516,15.2523399,83.9
15.49109926,15.57208118,15.09811059,15.18435131,15.24529601,84
15.50142384,15.56464416,15.09011586,15.17380108,15.23465898,84.1
15.51032259,15.55848058,15.08357723,15.16457639,15.22510165,84.2
15.47818113,15.52832751,15.05732928,15.14095501,15.2041906,84.3
15.45771881,15.50526677,15.03695824,15.12149523,15.18640408,84.4
15.3826778,15.44994302,14.99014852,15.08260133,15.15323924,84.5
15.32220702,15.40084524,14.9478797,15.04645307,15.1219006,84.6
15.25997372,15.34961782,14.90347934,15.00839339,15.08883453,84.7
15.20934561,15.30409618,14.86338445,14.97304495,15.0576197,84.8
15.17767348,15.26960912,14.83222279,14.94390062,15.03102762,84.9
15.14436881,15.23472932,14.80069393,14.91444031,15.00409758,85
15.12249924,15.20729982,14.77536491,14.88945351,14.9805679,85.1
15.1025718,15.18195463,14.75187159,14.86588008,14.95811523,85.2
15.0918628,15.16324156,14.7340757,14.84661504,14.93904228,85.3
15.07570073,15.14221857,14.71452877,14.82622933,14.91912161,85.4
15.06130718,15.12306519,14.69675945,14.80728609,14.90034784,85.5
15.04987823,15.10645924,14.681275,14.79019592,14.88307623,85.6
15.08315295,15.1213216,14.69306613,14.79438355,14.88309713,85.7
15.10267854,15.12812594,14.69831526,14.79390253,14.87951593,85.8
15.11347993,15.1303419,14.69998799,14.79104189,14.87418378,85.9
15.11532349,15.12763739,14.69775361,14.78550391,14.86683937,86
15.10677842,15.11894523,14.69066915,14.77653421,14.856858,86.1
15.09261437,15.10691881,14.68089316,14.76570477,14.84547261,86.2
15.01784121,15.05978867,14.64286368,14.73415168,14.81772869,86.3
15.0486615,15.07243233,14.65260118,14.73770304,14.81775224,86.4
15.04942864,15.06821213,14.64895947,14.73159618,14.81023392,86.5
15.04505156,15.06152638,14.64346736,14.72430559,14.80187327,86.6
15.08928472,15.08549344,14.66322479,14.73623489,14.80903887,86.7
15.16062583,15.1301726,14.70089513,14.76260628,14.82826951,86.8
15.21841204,15.16793236,14.73347105,14.7856934,14.84517406,86.9
15.23640611,15.18243692,14.74746337,14.79511849,14.85129905,87
15.25060663,15.19502689,14.76013818,14.80384738,14.85704331,87.1
15.21775359,15.18099995,14.75171198,14.79715679,14.85064406,87.2
15.17374096,15.15843363,14.73622978,14.78516066,14.84003074,87.3
15.14335438,15.1406402,14.72405582,14.77530813,14.83102727,87.4
15.18093631,15.1621202,14.74311962,14.78862713,14.84051366,87.5
15.21073829,15.18032497,14.75988253,14.80055702,14.84907587,87.6
15.22876151,15.19252145,14.77208156,14.80934546,14.85528394,87.7
15.2365945,15.19926694,14.78008133,14.81519899,14.85927257,87.8
15.21116729,15.18709359,14.77315255,14.8101306,14.85466301,87.9
15.15828192,15.15814404,14.75280052,14.79511196,14.84216854,88
15.11699514,15.13249232,14.73438017,14.78109204,14.83031048,88.1
15.09655042,15.1166715,14.72316983,14.77201401,14.8222262,88.2
15.036071,15.07790698,14.69383228,14.74956192,14.80355304,88.3
14.9961203,15.04776656,14.67048276,14.73093293,14.78765734,88.4
14.96912758,15.02383046,14.65156888,14.71517234,14.77385061,88.5
14.90999149,14.98155344,14.61809594,14.6886104,14.75146012,88.6
14.84141594,14.93178427,14.57816801,14.65682084,14.72471474,88.7
14.79754435,14.89360318,14.54647972,14.63042987,14.70192035,88.8
14.73186171,14.84256332,14.50443017,14.59612013,14.67270948,88.9
14.67691017,14.79583823,14.46506955,14.56321909,14.6443235,89
14.64035181,14.75868173,14.43270428,14.534904,14.61925117,89.1
14.62408772,14.73375502,14.40974154,14.51322919,14.59923861,89.2
14.60467702,14.70829903,14.38646438,14.49127148,14.57892764,89.3
14.58595865,14.6842092,14.36431432,14.47010387,14.55917703,89.4
14.56466454,14.65950369,14.34178147,14.44862658,14.53912291,89.5
14.50775557,14.61550209,14.30431825,14.41622253,14.5104339,89.6
14.45148783,14.57024413,14.26551043,14.38248716,14.4804962,89.7
14.38148576,14.51613946,14.21953874,14.34319674,14.44599882,89.8
14.35849359,14.48643637,14.19190371,14.31681714,14.42137001,89.9
14.25745191,14.41535365,14.13259979,14.26747861,14.37873864,90
14.18972435,14.35791283,14.08271631,14.22419099,14.34043853,90.1
14.1285845,14.30286759,14.03420479,14.1814091,14.30223994,90.2
14.00251734,14.21243593,13.95846029,14.11858538,14.24816222,90.3
13.81312252,14.08508829,13.85386938,14.03442339,14.17716925,90.4
13.66018903,13.96623635,13.75319889,13.95126536,14.10607208,90.5
13.56552638,13.87388292,13.67078768,13.87975997,14.04324393,90.6
13.50316059,13.80004303,13.60184778,13.81712304,13.98676049,90.7
13.39929677,13.70601617,13.51754187,13.74314736,13.92120674,90.8
13.28102001,13.6036708,13.42637886,13.6635626,13.85084069,90.9
13.28349794,13.56743273,13.3850255,13.61946331,13.80772895,91
13.11076579,13.44538765,13.2799844,13.53014705,13.72965063,91.1
12.66994198,13.19963203,13.08479668,13.37791679,13.60343105,91.2
12.40465653,12.99043887,12.9088853,13.2348337,13.48231025,91.3
12.23907319,12.82041279,12.75738001,13.1055967,13.37013814,91.4
12.01220711,12.62645423,12.58730179,12.9621085,13.24627394,91.5
11.87504639,12.470754,12.4426209,12.83392348,13.1326727,91.6
11.79285893,12.34863312,12.32229459,12.72160283,13.03023426,91.7
11.74279839,12.25259589,12.22235889,12.62348973,12.93819473,91.8
11.71672006,12.17909357,12.14104578,12.53908159,12.85654099,91.9
11.7063627,12.12380255,12.07570813,12.46702276,12.78450874,92
11.68521694,12.06990585,12.01328571,12.39822973,12.71539297,92.1
11.65838942,12.01865958,11.95453263,12.3331668,12.64955193,92.2
11.62430693,11.96818784,11.89784702,12.27063092,12.5860721,92.3
11.65862148,11.95633161,11.87205728,12.23171187,12.54148545,92.4
11.71980208,11.96792715,11.86686596,12.20980851,12.51111401,92.5
11.78304721,11.98727872,11.86993576,12.19577255,12.48781281,92.6
11.84256097,12.009796,11.87745252,12.18663223,12.46920213,92.7
11.88986641,12.02933287,11.88422472,12.17823044,12.45187204,92.8
11.91890364,12.04203703,11.88705187,12.16798562,12.43367775,92.9
11.94409185,12.05450911,11.89077553,12.15943223,12.41741738,93
11.92922271,12.04908294,11.88200208,12.14245631,12.39492767,93.1
11.83915558,12.0097702,11.84902797,12.10846747,12.35936425,93.2
11.72259055,11.95202719,11.80251991,12.06497961,12.31656347,93.3
11.63512527,11.89773953,11.75756636,12.02254412,12.2746958,93.4
11.55865464,11.84339541,11.71188439,11.97955415,12.23249838,93.5
11.49000102,11.78912492,11.66561347,11.93602855,12.18993096,93.6
11.43324084,11.73799621,11.62100273,11.89351914,12.14816493,93.7
11.38945519,11.69230385,11.57990796,11.85349301,12.10841166,93.8
11.36601269,11.65668166,11.54588556,11.81851922,12.07266625,93.9
11.31576753,11.61093579,11.50479164,11.77869202,12.03328389,94
11.243785,11.55521094,11.45646219,11.73371191,11.98994276,94.1
11.18163255,11.50163859,11.40920884,11.68936652,11.94710484,94.2
11.14215663,11.45722092,11.36812211,11.64933142,11.90765278,94.3
11.03257876,11.38420271,11.30697093,11.59513798,11.85726126,94.4
10.87320168,11.2860359,11.22755974,11.52783365,11.79666811,94.5
10.82514223,11.22396347,11.17129816,11.47570944,11.74737144,94.6
10.80498311,11.1780791,11.12630834,11.43130022,11.70392483,94.7
10.83926552,11.16450846,11.10509276,11.40417384,11.67407185,94.8
10.85911755,11.15029948,11.084577,11.37811516,11.64530405,94.9
10.88643388,11.14464083,11.07127958,11.35786946,11.62138366,95
10.89850791,11.1359134,11.05679054,11.33734981,11.59753599,95.1
10.88218637,11.11688293,11.03566408,11.31254002,11.57058955,95.2
10.83430954,11.08461281,11.00562484,11.28165109,11.53906125,95.3
10.75034763,11.0351709,10.96360834,11.24235627,11.50107878,95.4
10.56266228,10.93881878,10.88877329,11.17973902,11.44497154,95.5
10.4691746,10.86427673,10.82658268,11.1249347,11.39448474,95.6
10.42000915,10.80716419,10.77553643,11.07752683,11.34953905,95.7
10.38446148,10.75823109,10.72996719,11.0337971,11.30734953,95.8
10.34867385,10.71167023,10.68609193,10.99119846,11.26599353,95.9
10.3917391,10.70807629,10.67347554,10.97144751,11.24266553,96
10.41963894,10.7018709,10.66001523,10.95167767,11.21961313,96.1
10.43690009,10.69459909,10.64671072,10.93255739,11.19733754,96.2
10.44819262,10.68763077,10.63445162,10.91468967,11.17629614,96.3
10.46803045,10.68712229,10.62758377,10.9012488,11.15900959,96.4
10.40861353,10.65366579,10.59808696,10.87181951,11.12934923,96.5
10.42375466,10.65038967,10.58998875,10.85799655,11.11204222,96.6
10.47542732,10.66859064,10.59831005,10.85684146,11.10509767,96.7
10.50770227,10.68024295,10.60278327,10.8534429,11.09669345,96.8
10.57651814,10.71411349,10.62457542,10.86363751,11.09952869,96.9
10.53229245,10.69681574,10.61030311,10.84772167,11.08185923,97
10.52272283,10.69124787,10.6041934,10.83790273,11.06915059,97.1
10.5415353,10.69854972,10.60751983,10.83529088,11.06235066,97.2
10.41254659,10.64346416,10.56772311,10.80183158,11.03147234,97.3
10.35579772,10.6062353,10.53862232,10.77539154,11.00586426,97.4
10.31358586,10.57305894,10.51172204,10.75036416,10.98134654,97.5
10.38367068,10.59934487,10.52755083,10.75684987,10.98192022,97.6
10.42773581,10.61444573,10.53595722,10.75828732,10.97873049,97.7
10.48640811,10.64177806,10.55426446,10.76767007,10.98219432,97.8
10.56999024,10.68750354,10.58724241,10.78881301,10.99551831,97.9
10.60511063,10.70876204,10.60296199,10.7974425,10.99904015,98
10.63142023,10.72663044,10.61666644,10.80493732,11.00188704,98.1
10.65902924,10.74602395,10.63195436,10.81398055,11.00620171,98.2
10.68351913,10.76454416,10.64705555,10.82323159,11.01090091,98.3
10.67729026,10.76770697,10.65123212,10.82456433,11.00942497,98.4
10.58813385,10.73003512,10.62646189,10.80469198,10.99117992,98.5
10.53227988,10.70018005,10.6059191,10.7874224,10.97483599,98.6
10.48562149,10.67161284,10.58554062,10.77003849,10.95835424,98.7
10.4384573,10.64056401,10.56277088,10.75068878,10.94026962,98.8
10.34291479,10.5850141,10.52239855,10.71845557,10.91204807,98.9
10.27148248,10.53529346,10.484708,10.68756353,10.88465606,99
10.2109466,10.48795776,10.44763985,10.65661207,10.857014,99.1
10.16864348,10.44797712,10.41485816,10.6282907,10.83123278,99.2
10.11583194,10.40300133,10.37814509,10.59690319,10.80296449,99.3
10.06357677,10.35774876,10.34070189,10.56471047,10.77395397,99.4
10.02818501,10.31984852,10.3077881,10.5353832,10.74699123,99.5
9.995825989,10.28402836,10.27604345,10.50663523,10.72034109,99.6
9.958269193,10.24659003,10.24303969,10.47687127,10.69284511,99.7
9.907681013,10.20360722,10.2060519,10.44412533,10.66296409,99.8
9.875079421,10.16797232,10.1737495,10.41443051,10.63529229,99.9
9.86759216,10.14507051,10.15022496,10.39087661,10.6122915,100
9.857690768,10.1232961,10.12777691,10.36810936,10.58987141,100.1
9.895193853,10.1278924,10.12444775,10.35947178,10.5786193,100.2
9.985533743,10.17055186,10.15069117,10.37371526,10.58593197,100.3
10.10939389,10.2491866,10.207498,10.41310523,10.61440249,100.4
10.23998892,10.34434208,10.28026006,10.46673245,10.65542173,100.5
10.36778058,10.45565618,10.36978275,10.53586828,10.71037841,100.6
10.49766231,10.56420592,10.45740662,10.60403752,10.76494035,100.7
10.62865296,10.66508745,10.53856717,10.66722488,10.81558862,100.8
10.75563517,10.75724537,10.61280347,10.72516043,10.86211503,100.9
10.86890724,10.83621291,10.67696723,10.77544556,10.90255242,101
10.97518519,10.91231722,10.73982645,10.82534603,10.94305436,101.1
11.09469325,11.00245031,10.81501891,10.88597799,10.99300068,101.2
11.22258374,11.10471073,10.90151665,10.95680653,11.05210336,101.3
11.35360582,11.218292,10.99921793,11.0380318,11.12067209,101.4
11.48408054,11.32785607,11.09364532,11.11683727,11.18744176,101.5
11.60838298,11.42806461,11.18021172,11.18926447,11.24894264,101.6
11.71460193,11.51374898,11.25535686,11.25263362,11.30298746,101.7
11.81073364,11.59412804,11.32696905,11.31364667,11.35536967,101.8
11.89435743,11.66773844,11.39380319,11.37120684,11.40510534,101.9
11.98799659,11.74835436,11.46647724,11.43387235,11.45942043,102
12.07712067,11.82693948,11.53796227,11.49592979,11.51346458,102.1
12.1814971,11.91605404,11.61801758,11.56527153,11.57390949,102.2
12.273566,11.99794301,11.69277009,11.6306181,11.63118698,102.3
12.34225798,12.06694984,11.75815885,11.68886557,11.68276034,102.4
12.38731289,12.12327903,11.81440796,11.74021267,11.72878961,102.5
12.4433227,12.18400688,11.87381075,11.79417227,11.77714145,102.6
12.46481305,12.22601452,11.91983722,11.83810205,11.81746481,102.7
12.50497875,12.27553225,11.9708366,11.88578324,11.86089873,102.8
12.57723541,12.34188441,12.03396272,11.94291361,11.9122255,102.9
12.66196848,12.41610069,12.10309702,12.00494038,11.96776869,103
12.69152908,12.46007291,12.15037447,12.05029238,12.00974609,103.1
12.75634,12.52158265,12.20993638,12.10498687,12.05939496,103.2
12.81389164,12.57915848,12.26673431,12.15772852,12.10759672,103.3
12.82302089,12.61065713,12.30495062,12.19650817,12.14457684,103.4
12.86133127,12.65508493,12.35174296,12.2415918,12.18664672,103.5
12.95371838,12.73135219,12.42185346,12.3047505,12.24366204,103.6
13.00484442,12.7834704,12.47430327,12.35438019,12.28966532,103.7
13.09373198,12.85832275,12.54356576,12.41714046,12.34658321,103.8
13.16889069,12.92528553,12.607088,12.47555137,12.40000865,103.9
13.24518562,12.99369361,12.67194251,12.53522801,12.45465752,104
13.32050314,13.0620953,12.73699595,12.59524765,12.50973923,104.1
13.37428754,13.11818892,12.79311621,12.64849529,12.55937487,104.2
13.46952509,13.1998337,12.86844742,12.71691644,12.62169905,104.3
13.55004254,13.27260733,12.93724112,12.78033212,12.67997642,104.4
13.62881258,13.34483152,13.00583598,12.84378062,12.7384285,104.5
13.69558142,13.41007946,13.06932927,12.90334968,12.79376236,104.6
13.7530208,13.46984672,13.12883403,12.9599244,12.84672743,104.7
13.81471589,13.53175193,13.18987264,13.01774181,12.90078975,104.8
13.87931574,13.59528246,13.25216747,13.07665135,12.95587015,104.9
13.96084079,13.66926887,13.32233872,13.14182155,13.01622485,105
14.06041915,13.75583769,13.40240583,13.21505859,13.08346298,105.1
14.12495559,13.82063459,13.46609425,13.27544035,13.14006088,105.2
14.20341846,13.89368529,13.53594557,13.34071181,13.20078291,105.3
14.27725172,13.96437873,13.60429285,13.40503664,13.26090767,105.4
14.33787727,14.02719179,13.66680458,13.46485598,13.31735939,105.5
14.39362531,14.08683184,13.72694675,13.52288403,13.37240178,105.6
14.44470539,14.14326078,13.78468197,13.57910578,13.42604382,105.7
14.49601263,14.1991977,13.84194441,13.63498224,13.47946667,105.8
14.54846219,14.25526623,13.89923136,13.69093376,13.53304988,105.9
14.62048097,14.32330187,13.96544832,13.7539384,13.59255665,106
14.70177277,14.39778187,14.03671805,13.82107825,13.65562124,106.1
14.77526889,14.46748708,14.10446388,13.88552988,13.71653619,106.2
14.85741764,14.54324718,14.1769915,13.95391864,13.78085205,106.3
14.97187067,14.64411723,14.27013645,14.03958156,13.86012914,106.4
15.09992537,14.76047644,14.37756138,14.13808489,13.9509944,106.5
15.22456668,14.87255255,14.4811925,14.23335805,14.03909398,106.6
15.34420476,14.97971623,14.58063432,14.32510701,14.12417967,106.7
15.45372228,15.07845292,14.67308028,14.41099881,14.20423255,106.8
15.5561417,15.1723082,14.76179645,14.49397623,14.28191924,106.9
15.66117161,15.26852006,14.85261885,14.57886489,14.36137067,107
15.77031582,15.36829411,14.946565,14.6665377,14.44335417,107.1
15.85990751,15.45433036,15.02964739,14.74534673,14.51782164,107.2
15.95966892,15.54750629,15.11843733,14.82890791,14.59640976,107.3
16.03041985,15.62171243,15.19263129,14.90075682,14.66515615,107.4
16.08423224,15.68509895,15.25868047,14.96622436,14.72865335,107.5
16.1323648,15.74415032,15.32131533,15.02898554,14.78993421,107.6
16.19750109,15.81279448,15.39084774,15.09708202,14.85563203,107.7
16.25760794,15.87791763,15.45763607,15.16300601,14.91954829,107.8
16.3180871,15.94279062,15.5241027,15.22865907,14.98326787,107.9
16.39423369,16.01729835,15.59768373,15.29987732,15.05160706,108
16.47284708,16.09352357,15.67262295,15.37225255,15.12099446,108.1
16.54395029,16.16491006,15.7439111,15.44178323,15.18806966,108.2
16.63322417,16.24844198,15.82453446,15.51882297,15.26149597,108.3
16.71871929,16.32962639,15.90341528,15.59452739,15.33385575,108.4
16.78227765,16.39660819,15.97152177,15.66170896,15.39913953,108.5
16.83871675,16.4587448,16.03589682,15.72594427,15.46200553,108.6
16.9130113,16.53188102,16.10843137,15.79659598,15.53022988,108.7
16.97862223,16.59933055,16.17662992,15.86382488,15.59563247,108.8
17.05199133,16.67163558,16.24843025,15.93388978,15.66341084,108.9
17.12856199,16.74604934,16.32181835,16.00522599,15.73227433,109
17.211089,16.8245431,16.39835608,16.07910824,15.80330596,109.1
17.27292274,16.88964163,16.46476517,16.1450106,15.8677437,109.2
17.32805939,16.95014139,16.52761634,16.20809132,15.92986002,109.3
17.38608653,17.01197579,16.59128466,16.27173981,15.99242816,109.4
17.3939258,17.04262275,16.63189912,16.31751919,16.04038004,109.5
17.42149127,17.08284566,16.67872836,16.36772224,16.09178918,109.6
17.4887743,17.14764468,16.74353299,16.43178053,16.15453629,109.7
17.54916605,17.20791849,16.80485432,16.49306576,16.21498983,109.8
17.60415689,17.26454495,16.86332096,16.55205726,16.27354167,109.9
17.65097124,17.31556906,16.9174127,16.6075368,16.32917382,110
17.75272184,17.40555658,17.00186411,16.68740515,16.40524911,110.1
17.86739569,17.50754798,17.09678338,16.77634324,16.48932016,110.2
17.99154152,17.62012325,17.20149317,16.87407078,16.58130224,110.3
18.10347561,17.7205466,17.29554791,16.96259358,16.66522615,110.4
18.20836076,17.81546286,17.38516432,17.0474813,16.74607813,110.5
18.30555682,17.9048038,17.47039322,17.12882524,16.82396166,110.6
18.40973389,17.99998116,17.56057277,17.21441637,16.90558035,110.7
18.52120295,18.10162762,17.65639151,17.30493572,16.9915842,110.8
18.62564394,18.19789211,17.74787592,17.3918998,17.07458004,110.9
18.72985665,18.29426688,17.83958091,17.47913765,17.15787316,111
18.79902567,18.36619973,17.91208684,17.55075249,17.22793622,111.1
18.86781877,18.43762578,17.98415361,17.62202259,17.29773974,111.2
18.91597501,18.49545376,18.04587534,17.68508943,17.36073548,111.3
18.95560816,18.54712456,18.10275099,17.74424392,17.42045326,111.4
18.93983386,18.56398601,18.13392122,17.78347488,17.46389473,111.5
18.96672681,18.60370813,18.18066904,17.83415357,17.5163852,111.6
18.96842529,18.62655812,18.21459255,17.87472767,17.56055174,111.7
18.9571256,18.63922052,18.24029642,17.90861275,17.5991163,111.8
18.9853901,18.67435979,18.28146745,17.9538491,17.64661256,111.9
19.03247355,18.72126785,18.33100559,18.0053351,17.69907884,112
19.04335894,18.74459045,18.36282238,18.04294735,17.74015823,112.1
19.04416457,18.7603768,18.38851691,18.07551412,17.77696491,112.2
19.05444706,18.78057552,18.41667157,18.10951665,17.81468965,112.3
19.06368856,18.79907314,18.4429611,18.14170358,17.85073262,112.4
19.01922664,18.78298639,18.44347357,18.153876,17.87048284,112.5
18.99987343,18.77932369,18.45162922,18.1710783,17.89383835,112.6
18.98508551,18.77679128,18.45962955,18.18754637,17.91625212,112.7
18.91668653,18.73960901,18.44171489,18.1838533,17.92224809,112.8
18.91706389,18.7421974,18.45106916,18.19985513,17.9434184,112.9
18.92481793,18.74950704,18.46342492,18.21773431,17.96581337,113
18.97211871,18.78421253,18.49620142,18.25119058,18.00063029,113.1
18.99160757,18.80083061,18.51534394,18.27390372,18.02658987,113.2
19.00648636,18.81467801,18.53222604,18.29462236,18.05074247,113.3
18.99894015,18.81399655,18.53805482,18.30653643,18.06757316,113.4
18.99448478,18.81458899,18.54431571,18.31836784,18.08405211,113.5
18.98698707,18.81269407,18.54828876,18.32805468,18.09852973,113.6
19.01709584,18.83539446,18.57037541,18.35148849,18.12391572,113.7
19.04933134,18.86028448,18.59420137,18.37619577,18.15022598,113.8
19.08024508,18.88512395,18.61813742,18.40094022,18.17647665,113.9
19.1138985,18.9125612,18.64420398,18.42732746,18.203994,114
19.15071827,18.94280856,18.67256893,18.4555129,18.23292182,114.1
19.18644307,18.97293635,18.70100621,18.48375835,18.26184798,114.2
19.21532034,18.99881005,18.726261,18.50945363,18.28860823,114.3
19.24202978,19.02344352,18.75058774,18.53435661,18.31463467,114.4
19.27408081,19.0519603,18.77797489,18.56165869,18.34257753,114.5
19.28685347,19.06804776,18.79604039,18.58161165,18.36444439,114.6
19.26782522,19.06341853,18.79849474,18.58925736,18.3761629,114.7
19.24854495,19.05710915,18.79916607,18.59518853,18.38626535,114.8
19.19513184,19.02811858,18.78264222,18.58752367,18.3851433,114.9
19.15608629,19.00500616,18.76931156,18.58167754,18.38510042,115
19.13582642,18.9920448,18.76267367,18.58049598,18.38850327,115.1
19.09074113,18.96252448,18.74332759,18.56914289,18.38342218,115.2
19.05070299,18.93447016,18.72423776,18.55745924,18.37772605,115.3
18.96780152,18.87849854,18.68408971,18.52917058,18.35834986,115.4
18.88793782,18.82082163,18.64120683,18.49790362,18.33603672,115.5
18.81504686,18.76467624,18.59807523,18.46558677,18.31233556,115.6
18.78988523,18.73733465,18.57507994,18.44802509,18.30003142,115.7
18.76796547,18.71260919,18.55376854,18.43143271,18.28822706,115.8
18.73090863,18.6785478,18.52532527,18.40902889,18.27146139,115.9
18.66622096,18.62674345,18.48340617,18.37584367,18.24567916,116
18.60636781,18.57648247,18.44177855,18.34226107,18.21913574,116.1
18.55668266,18.53173881,18.40355513,18.31077653,18.1938936,116.2
18.52043301,18.49530175,18.37102618,18.28325793,18.17150668,116.3
18.50040859,18.46979906,18.34648375,18.26167748,18.15368165,116.4
18.5076481,18.46333546,18.33638149,18.25130016,18.14483652,116.5
18.48516159,18.43894355,18.31321605,18.2307572,18.12763093,116.6
18.47156904,18.42084526,18.29483024,18.21384134,18.11322586,116.7
18.46414482,18.40751658,18.2802074,18.19985381,18.10111527,116.8
18.45860613,18.39629542,18.26743156,18.18734917,18.09015441,116.9
18.424097,18.36713904,18.24146346,18.16455064,18.07072932,117
18.38989898,18.33769326,18.21512622,18.14131037,18.05078966,117.1
18.34523285,18.30115686,18.18336883,18.11368339,18.02711493,117.2
18.33356524,18.28501737,18.16654676,18.09752838,18.01263226,117.3
18.35350659,18.29076896,18.16657886,18.09475462,18.00912466,117.4
18.33760407,18.27437618,18.15038779,18.07939045,17.99532967,117.5
18.31208989,18.25205112,18.12987351,18.06065097,17.9787272,117.6
18.25659479,18.21094685,18.09549899,18.03109049,17.95323789,117.7
18.21935988,18.17935527,18.06758959,18.00625158,17.93138403,117.8
18.12510385,18.11248816,18.0137729,17.96127137,17.89307288,117.9
18.03221924,18.04285016,17.95680694,17.91328246,17.85197267,118
18.00512198,18.01121957,17.92655546,17.8853373,17.82675573,118.1
17.93898704,17.95584627,17.87888575,17.84381604,17.79040388,118.2
17.87572808,17.90115856,17.83117305,17.80191708,17.7535049,118.3
17.82423943,17.8528854,17.78763112,17.76288236,17.71867272,118.4
17.78138822,17.80992084,17.74771843,17.72641753,17.68573148,118.5
17.74500113,17.77138286,17.71097665,17.69226413,17.65452311,118.6
17.71323766,17.73634198,17.676851,17.66007616,17.62481815,118.7
17.68538038,17.70450015,17.64520772,17.62979117,17.5965876,118.8
17.64283764,17.66411946,17.60741836,17.5947513,17.5644493,118.9
17.61183289,17.6309495,17.57488338,17.56369193,17.53544213,119
17.64830982,17.64348184,17.57714472,17.56020322,17.52913111,119.1
17.70665084,17.67445498,17.59481648,17.56963591,17.53383831,119.2
17.71628796,17.67432411,17.58952061,17.5611861,17.52394247,119.3
17.72082552,17.67201337,17.58310006,17.55212096,17.51367108,119.4
17.72004408,17.66713081,17.57518087,17.54211149,17.50273856,119.5
17.71337408,17.65914561,17.56535197,17.53082889,17.49087352,119.6
17.71025871,17.65366412,17.55767156,17.5214174,17.4806428,119.7
17.7009672,17.64465034,17.54764362,17.51033909,17.46913611,119.8
17.68975567,17.63449406,17.53694402,17.49886527,17.45737724,119.9
17.63944286,17.60097212,17.50937144,17.47439773,17.4350661,120
17.52027366,17.52606853,17.45195684,17.42696019,17.39410921,120.1
17.43499791,17.46399119,17.40188973,17.38439015,17.3567143,120.2
17.46194908,17.46899797,17.39986443,17.37864674,17.34911501,120.3
17.32948363,17.38020797,17.3307362,17.32146845,17.29988051,120.4
